id,estado_contacto,corridor,micro_zone,city,priority,score_operativo,name,sector,segmento_comercial,phone,phone_quality,telefono_principal_tel,tel_links,ask_for,need_probable,offer,hook,accion_sugerida,dato_pendiente,google_maps,source,source_url,evidencia,calidad_dato,origen_registro,resultado,fecha_visita,proximo_paso,notas_campo
PRESOL-001,Pendiente,Base Río Tercero,Río Tercero,Río Tercero,A,85,ESISA,Viviendas/módulos industrializados,Módulos / containers,Portería parque: 03571 565662; mail esisaservicios@gmail.com,VER,tel:+543571565662,tel:+543571565662,operaciones / entregas,"Entrega, descarga y posicionamiento de módulos/containers en obra o cliente final.","Entrega y descarga de módulos/containers con plataforma, malacate e hidrogrúa según maniobra.",Socio natural para entregas de módulos a obra.,Visita o llamada de validación; pedir próximo traslado concreto.,Validar contacto decisor y necesidad inmediata.,"https://www.google.com/maps/search/?api=1&query=-32.182000,-64.107000",Parque Industrial Río Tercero,,Registro curado en documento de dirección PRESOL 2026-09.,Media,Base curada PDF dirección,,,,
PRESOL-002,Pendiente,Base Río Tercero,Río Tercero,Río Tercero,A,100,Hormicor,Hormigón elaborado,Hormigón / áridos / premoldeados,03571 500888 / 03571 510066,OK,tel:+543571500888,tel:+543571500888 | tel:+543571510066,planta / mantenimiento,"Movimiento de premoldeados, equipos de planta/cantera, bombas, moldes y cargas pesadas.",Movimiento de equipos de cantera/planta; transporte de material suelto sujeto a confirmar unidad o esquema operativo.,Ofrecer respaldo para picos de obra y traslados de equipos.,Visita o llamada de validación; pedir próximo traslado concreto.,Validar contacto decisor y necesidad inmediata.,"https://www.google.com/maps/search/?api=1&query=-32.178000,-64.111000",hormigonelaborado.com / Hormicor,,Registro curado en documento de dirección PRESOL 2026-09.,Alta,Base curada PDF dirección,,,,
PRESOL-003,Pendiente,Base Río Tercero,Río Tercero,Río Tercero,A,75,IMBAL S.A.,Estructuras metálicas / montaje,Metalmecánica / despacho,A relevar en terreno,A relevar,,,despacho / producción,"Despacho seguro de estructuras, carrozados, tanques, piezas industriales y equipos sobre plataforma.","Despacho de estructuras, tanques, transformadores, piezas de ingeniería y equipos sobre plataforma 20 tn.",Fabrican y montan; pedir responsable de despacho/montaje.,Visita o llamada de validación; pedir próximo traslado concreto.,Validar contacto decisor y necesidad inmediata.,"https://www.google.com/maps/search/?api=1&query=-32.180000,-64.106000",Parque Industrial Río Tercero / LinkedIn comercial,,Registro curado en documento de dirección PRESOL 2026-09.,Media,Base curada PDF dirección,,,,
PRESOL-004,Pendiente,Base Río Tercero,Río Tercero,Río Tercero,A,100,Metalúrgica Novaretti,Recipientes y equipos metalmecánicos,Metalmecánica / despacho,03571 414282 / 03571 606930,OK,tel:+543571414282,tel:+543571414282 | tel:+543571606930,despacho / producción,"Despacho seguro de estructuras, carrozados, tanques, piezas industriales y equipos sobre plataforma.","Despacho de estructuras, tanques, transformadores, piezas de ingeniería y equipos sobre plataforma 20 tn.",Cotizar despacho recurrente a plantas/obras.,Visita o llamada de validación; pedir próximo traslado concreto.,Validar contacto decisor y necesidad inmediata.,"https://www.google.com/maps/search/?api=1&query=-32.169000,-64.117000",novaretti.com.ar,,Registro curado en documento de dirección PRESOL 2026-09.,Alta,Base curada PDF dirección,,,,
PRESOL-005,Pendiente,Base Río Tercero,Parque Industrial Leonardo Da Vinci,Río Tercero,A,100,Metalúrgica Río Tercero S.A.,"Equipamiento minero, vial y agroindustrial / fundición",Agro / acopio / planta,03571 430558,OK,tel:+543571430558,tel:+543571430558,despacho / producción,"Traslado de equipos de planta, silos, repuestos pesados, balanzas, implementos y cargas especiales.",Transporte de repuestos/equipos/silos/implementos + coordinación de retiro y descarga.,"Produce equipamiento e insumos para minería, vial y agroindustria; encaje directo con cargas pesadas.","Validar teléfono/contacto; si responde, pedir un caso concreto de traslado o próximo movimiento.",Confirmar decisor y vigencia del dato antes de incluir en salida prioritaria.,https://www.google.com/maps/search/?api=1&query=Metal%C3%BArgica+R%C3%ADo+Tercero+S.A.+R%C3%ADo+Tercero+C%C3%B3rdoba+Argentina,Maquinac / Parque Industrial Río Tercero,https://maquinac.com/empresas/metalurgica-rio-tercero,"Maquinac informa dirección en Parque Industrial, teléfono y rubro minero/vial/agroindustrial.",Alta,Nuevo enriquecimiento 2026-09-02,,,,
PRESOL-006,Pendiente,Base Río Tercero,Río Tercero / Av. Savio,Río Tercero,A,100,NT Construcciones,Obras civiles industriales / montaje,Obra / constructora,+54 9 3571 597645,OK,tel:+5493571597645,tel:+5493571597645,operaciones / jefe de obra,"Traslado de maquinaria, módulos de obrador, estructuras, equipos y cargas pesadas entre frentes.",Transporte especial de equipos/obrador + apoyo de hidrogrúa según maniobra + seguro/GPS.,"Obras civiles industriales, montaje de naves y mantenimiento en complejos fabriles; clientes industriales regionales.","Validar teléfono/contacto; si responde, pedir un caso concreto de traslado o próximo movimiento.",Confirmar decisor y vigencia del dato antes de incluir en salida prioritaria.,https://www.google.com/maps/search/?api=1&query=NT+Construcciones+R%C3%ADo+Tercero+C%C3%B3rdoba+Argentina,Web propia NT Construcciones,https://ntconstrucciones.com,"Servicios: obras civiles industriales, estructuras de hormigón, montaje de naves; teléfono y oficina publicados.",Alta,Nuevo enriquecimiento 2026-09-02,,,,
PRESOL-007,Pendiente,Base Río Tercero,Río Tercero,Río Tercero,A,100,Tres Eme S.A.,Silos y mecanización,Agro / acopio / planta,03571 432190 / 03571 637720,OK,tel:+543571432190,tel:+543571432190 | tel:+543571637720,responsable de acopio / mantenimiento,"Traslado de equipos de planta, silos, repuestos pesados, balanzas, implementos y cargas especiales.","Movimiento de equipos de planta, silos, balanzas, repuestos y cargas especiales para acopios/agroindustria.",Ofrecer flete + descarga/posicionamiento en obra rural.,Visita o llamada de validación; pedir próximo traslado concreto.,Validar contacto decisor y necesidad inmediata.,"https://www.google.com/maps/search/?api=1&query=-32.181000,-64.103000",parqueindustrial.riotercero.gob.ar/empresa/Tres-Eme-S.A.,,Registro curado en documento de dirección PRESOL 2026-09.,Alta,Base curada PDF dirección,,,,
PRESOL-008,Pendiente,Base Río Tercero,Río Tercero,Río Tercero,A,100,Vial del Centro,Obras de infraestructura vial,Obra / constructora,0351 6411413,OK,tel:+543516411413,tel:+543516411413,operaciones / entregas,"Traslado de maquinaria, módulos de obrador, estructuras, equipos y cargas pesadas entre frentes.","Entrega y descarga de módulos/containers con plataforma, malacate e hidrogrúa según maniobra.",Pedir próximo movimiento de maquinaria entre frentes.,Visita o llamada de validación; pedir próximo traslado concreto.,Validar contacto decisor y necesidad inmediata.,"https://www.google.com/maps/search/?api=1&query=-32.183000,-64.101000",Parque Industrial Río Tercero,,Registro curado en documento de dirección PRESOL 2026-09.,Alta,Base curada PDF dirección,,,,
PRESOL-009,Pendiente,Base Río Tercero,Río Tercero,Río Tercero,B,50,Atanor / Albaugh,Química / agroquímicos,Agro / acopio / planta,A relevar,A relevar,,,responsable de acopio / mantenimiento,"Traslado de equipos de planta, silos, repuestos pesados, balanzas, implementos y cargas especiales.","Movimiento de equipos de planta, silos, balanzas, repuestos y cargas especiales para acopios/agroindustria.",No vender por puerta fría baja; pedir compras/mantenimiento.,Visita o llamada de validación; pedir próximo traslado concreto.,Validar contacto decisor y necesidad inmediata.,"https://www.google.com/maps/search/?api=1&query=-32.173000,-64.110000",Albaugh / noticias sectoriales,,Registro curado en documento de dirección PRESOL 2026-09.,Media,Base curada PDF dirección,,,,
PRESOL-010,Pendiente,Base Río Tercero,Río Tercero,Río Tercero,B,60,Baudino Hnos.,Estructuras metálicas,Metalmecánica / despacho,03571 15600693 / 3571 457279 / 3571 458732,VER,tel:+5493571600693,tel:+5493571600693 | tel:+543571457279 | tel:+543571458732,despacho / producción,"Despacho seguro de estructuras, carrozados, tanques, piezas industriales y equipos sobre plataforma.",Plataforma 20 tn para piezas/estructuras + seguro de carga + trazabilidad GPS.,Estructuras metálicas locales; buen encaje para transporte de piezas y montaje.,"Validar teléfono/contacto; si responde, pedir un caso concreto de traslado o próximo movimiento.",Confirmar decisor y vigencia del dato antes de incluir en salida prioritaria.,https://www.google.com/maps/search/?api=1&query=Baudino+Hnos.+R%C3%ADo+Tercero+C%C3%B3rdoba+Argentina,Web pública Baudino Hnos. / resultado de búsqueda,https://baudinohnos.wixsite.com/baudinohnos,Resultado público indica dirección y teléfonos; verificar vigencia antes de visita.,Media,Nuevo enriquecimiento 2026-09-02,,,,
PRESOL-011,Pendiente,Base Río Tercero,Parque Industrial Leonardo Da Vinci,Río Tercero,B,50,Bravo Gustavo y Guillermo,Premoldeados,Hormigón / áridos / premoldeados,A relevar vía parque,A relevar,,,planta / despacho,"Movimiento de premoldeados, equipos de planta/cantera, bombas, moldes y cargas pesadas.",Transporte de premoldeados/equipos; áridos sueltos solo sujeto a validar caja volcadora o tercerización.,Premoldeados locales: potencial de transporte de piezas y reparto pesado regional.,"Validar teléfono/contacto; si responde, pedir un caso concreto de traslado o próximo movimiento.",Confirmar decisor y vigencia del dato antes de incluir en salida prioritaria.,https://www.google.com/maps/search/?api=1&query=Bravo+Gustavo+y+Guillermo+R%C3%ADo+Tercero+C%C3%B3rdoba+Argentina,Parque Industrial Río Tercero,https://parqueindustrial.riotercero.gob.ar/empresas,Listado del parque indica fabricación de premoldeados.,Media,Nuevo enriquecimiento 2026-09-02,,,,
PRESOL-012,Pendiente,Base Río Tercero,Río Tercero,Río Tercero,B,60,Charrúa Implementos Agrícolas,Implementos agrícolas,Industria / mantenimiento,03571 619149 / 03571 503663 (a confirmar),VER,tel:+543571619149,tel:+543571619149 | tel:+543571503663,responsable de acopio / mantenimiento,"Movimientos especiales de mantenimiento, repuestos pesados y mudanzas internas de equipos.","Movimiento de equipos de planta, silos, balanzas, repuestos y cargas especiales para acopios/agroindustria.",Pedir frecuencia de entregas a concesionarios/campos.,Visita o llamada de validación; pedir próximo traslado concreto.,Validar contacto decisor y necesidad inmediata.,"https://www.google.com/maps/search/?api=1&query=-32.168609,-64.118792",Web/Facebook Charrúa,,Registro curado en documento de dirección PRESOL 2026-09.,Media,Base curada PDF dirección,,,,
PRESOL-013,Pendiente,Base Río Tercero,Parque Industrial Leonardo Da Vinci,Río Tercero,B,50,Construcciones Sermanter S.R.L.,"Construcción, montaje y mantenimiento",Metalmecánica / despacho,A relevar vía parque,A relevar,,,jefe de obra / mantenimiento,"Despacho seguro de estructuras, carrozados, tanques, piezas industriales y equipos sobre plataforma.",Plataforma 20 tn para piezas/estructuras + seguro de carga + trazabilidad GPS.,"Constructor/montajista local: puede demandar traslado de equipos, estructuras y materiales pesados.","Validar teléfono/contacto; si responde, pedir un caso concreto de traslado o próximo movimiento.",Confirmar decisor y vigencia del dato antes de incluir en salida prioritaria.,https://www.google.com/maps/search/?api=1&query=Construcciones+Sermanter+S.R.L.+R%C3%ADo+Tercero+C%C3%B3rdoba+Argentina,Parque Industrial Río Tercero,https://parqueindustrial.riotercero.gob.ar/empresas,"Empresa listada en Parque Industrial como construcción, montaje y mantenimiento.",Media,Nuevo enriquecimiento 2026-09-02,,,,
PRESOL-014,Pendiente,Base Río Tercero,Parque Industrial Leonardo Da Vinci,Río Tercero,B,50,Fabri-Mec,Tornería / hoyadoras hidráulicas para grúas y minicargadoras,Industria / mantenimiento,A relevar vía parque,A relevar,,,despacho / producción,"Movimientos especiales de mantenimiento, repuestos pesados y mudanzas internas de equipos.","Traslados especiales de mantenimiento, equipos y repuestos con seguro/GPS.",Fabrica implementos hidráulicos vinculados a grúas/minicargadoras; probable movimiento de piezas/equipos.,"Validar teléfono/contacto; si responde, pedir un caso concreto de traslado o próximo movimiento.",Confirmar decisor y vigencia del dato antes de incluir en salida prioritaria.,https://www.google.com/maps/search/?api=1&query=Fabri-Mec+R%C3%ADo+Tercero+C%C3%B3rdoba+Argentina,Parque Industrial Río Tercero,https://parqueindustrial.riotercero.gob.ar/empresas,Listado del parque describe hoyadoras hidráulicas adaptables a grúas/minicargadoras.,Media,Nuevo enriquecimiento 2026-09-02,,,,
PRESOL-015,Pendiente,Base Río Tercero,Río Tercero,Río Tercero,B,50,Fábrica Militar Río Tercero,Industria estatal / metalmecánica pesada,Metalmecánica / despacho,A relevar,A relevar,,,despacho / producción,"Despacho seguro de estructuras, carrozados, tanques, piezas industriales y equipos sobre plataforma.","Despacho de estructuras, tanques, transformadores, piezas de ingeniería y equipos sobre plataforma 20 tn.",Entrar por proveedores/subcontratistas antes que compra directa estatal.,Visita o llamada de validación; pedir próximo traslado concreto.,Validar contacto decisor y necesidad inmediata.,"https://www.google.com/maps/search/?api=1&query=-32.181966,-64.113216",Fabricaciones Militares / informes previos,,Registro curado en documento de dirección PRESOL 2026-09.,Media,Base curada PDF dirección,,,,
PRESOL-016,Pendiente,Base Río Tercero,Río Tercero,Río Tercero,B,60,HIDROSERVIS,Cilindros hidráulicos,Industria / mantenimiento,Portería parque: 03571 565662,VER,tel:+543571565662,tel:+543571565662,responsable de logística/compras,"Movimientos especiales de mantenimiento, repuestos pesados y mudanzas internas de equipos.",Detectar el próximo movimiento pesado y convertirlo en cotización concreta.,Ofrecer servicio de retiro/entrega de equipos pesados.,Visita o llamada de validación; pedir próximo traslado concreto.,Validar contacto decisor y necesidad inmediata.,"https://www.google.com/maps/search/?api=1&query=-32.181800,-64.104800",Parque Industrial Río Tercero,,Registro curado en documento de dirección PRESOL 2026-09.,Media,Base curada PDF dirección,,,,
PRESOL-017,Pendiente,Base Río Tercero,Río Tercero,Río Tercero,B,75,Hidrobull,Accesorios para minicargadoras,Industria / mantenimiento,03571 549612,OK,tel:+543571549612,tel:+543571549612,responsable de logística/compras,"Movimientos especiales de mantenimiento, repuestos pesados y mudanzas internas de equipos.",Detectar el próximo movimiento pesado y convertirlo en cotización concreta.,Preguntar si entregan accesorios con terceros.,Visita o llamada de validación; pedir próximo traslado concreto.,Validar contacto decisor y necesidad inmediata.,"https://www.google.com/maps/search/?api=1&query=-32.171500,-64.116500",Facebook Hidrobull,,Registro curado en documento de dirección PRESOL 2026-09.,Alta,Base curada PDF dirección,,,,
PRESOL-018,Pendiente,Base Río Tercero,Río Tercero,Río Tercero,B,60,Hormilas S.A.,Hormigón elaborado,Hormigón / áridos / premoldeados,03571 573231 (a confirmar),VER,tel:+543571573231,tel:+543571573231,operaciones / planta,"Movimiento de premoldeados, equipos de planta/cantera, bombas, moldes y cargas pesadas.","Traslado de equipos de planta, bombas, premoldeados y apoyo a picos de obra.",Visita breve: detectar si tercerizan fletes de planta.,Visita o llamada de validación; pedir próximo traslado concreto.,Validar contacto decisor y necesidad inmediata.,"https://www.google.com/maps/search/?api=1&query=-32.163876,-64.106999",Parque Industrial Río Tercero / búsqueda web,,Registro curado en documento de dirección PRESOL 2026-09.,Media,Base curada PDF dirección,,,,
PRESOL-019,Pendiente,Base Río Tercero,Parque Industrial Leonardo Da Vinci,Río Tercero,B,50,LiftingMach S.A.,Autoelevadores / maquinaria industrial,Industria / mantenimiento,A relevar vía parque,A relevar,,,despacho / producción,"Movimientos especiales de mantenimiento, repuestos pesados y mudanzas internas de equipos.","Traslados especiales de mantenimiento, equipos y repuestos con seguro/GPS.",Fabricación de autoelevadores vinculada a Metalúrgica Río Tercero / LiuGong; posible movimiento de equipos.,"Validar teléfono/contacto; si responde, pedir un caso concreto de traslado o próximo movimiento.",Confirmar decisor y vigencia del dato antes de incluir en salida prioritaria.,https://www.google.com/maps/search/?api=1&query=LiftingMach+S.A.+R%C3%ADo+Tercero+C%C3%B3rdoba+Argentina,Parque Industrial Río Tercero / Maquinac,https://parqueindustrial.riotercero.gob.ar/empresas,Listado de empresas del Parque Industrial; Maquinac menciona conformación LiftingMach para autoelevadores.,Media,Nuevo enriquecimiento 2026-09-02,,,,
PRESOL-020,Pendiente,Base Río Tercero,Río Tercero,Río Tercero,B,75,MetalMec S.R.L.,Implementos y accesorios,Industria / mantenimiento,03571 681577 / 03571 506656,OK,tel:+543571681577,tel:+543571681577 | tel:+543571506656,despacho / producción,"Movimientos especiales de mantenimiento, repuestos pesados y mudanzas internas de equipos.","Despacho de estructuras, tanques, transformadores, piezas de ingeniería y equipos sobre plataforma 20 tn.",Ofrecer retiro/entrega con monitoreo GPS.,Visita o llamada de validación; pedir próximo traslado concreto.,Validar contacto decisor y necesidad inmediata.,"https://www.google.com/maps/search/?api=1&query=-32.170500,-64.118500",Facebook MetalMec,,Registro curado en documento de dirección PRESOL 2026-09.,Alta,Base curada PDF dirección,,,,
PRESOL-021,Pendiente,Base Río Tercero,Río Tercero,Río Tercero,B,75,Oleos San José S.R.L.,Extrusado/aceite de soja,Industria / mantenimiento,03571 692471 / 03571 640630,OK,tel:+543571692471,tel:+543571692471 | tel:+543571640630,responsable de acopio / mantenimiento,"Movimientos especiales de mantenimiento, repuestos pesados y mudanzas internas de equipos.","Movimiento de equipos de planta, silos, balanzas, repuestos y cargas especiales para acopios/agroindustria.",Entrar por mantenimiento/planta.,Visita o llamada de validación; pedir próximo traslado concreto.,Validar contacto decisor y necesidad inmediata.,"https://www.google.com/maps/search/?api=1&query=-32.182600,-64.102500",Parque Industrial Río Tercero,,Registro curado en documento de dirección PRESOL 2026-09.,Alta,Base curada PDF dirección,,,,
PRESOL-022,Pendiente,Base Río Tercero,Parque Industrial Leonardo Da Vinci,Río Tercero,B,50,PROMETVA S.R.L.,Ingeniería / fabricación industrial,Industria / mantenimiento,A relevar vía parque,A relevar,,,despacho / producción,"Movimientos especiales de mantenimiento, repuestos pesados y mudanzas internas de equipos.","Traslados especiales de mantenimiento, equipos y repuestos con seguro/GPS.","Ingeniería y fabricación: potencial despacho de piezas, estructuras o equipos.","Validar teléfono/contacto; si responde, pedir un caso concreto de traslado o próximo movimiento.",Confirmar decisor y vigencia del dato antes de incluir en salida prioritaria.,https://www.google.com/maps/search/?api=1&query=PROMETVA+S.R.L.+R%C3%ADo+Tercero+C%C3%B3rdoba+Argentina,Parque Industrial Río Tercero,https://parqueindustrial.riotercero.gob.ar/empresas,Listado del parque indica experiencia en ingeniería y fabricación.,Media,Nuevo enriquecimiento 2026-09-02,,,,
PRESOL-023,Pendiente,Base Río Tercero,Parque Industrial Leonardo Da Vinci,Río Tercero,B,75,Río Metal,Estructuras metálicas,Metalmecánica / despacho,+54 9 3571 52-9444,OK,tel:+5493571529444,tel:+5493571529444,despacho / producción,"Despacho seguro de estructuras, carrozados, tanques, piezas industriales y equipos sobre plataforma.",Plataforma 20 tn para piezas/estructuras + seguro de carga + trazabilidad GPS.,Fabricación de estructuras metálicas: posible salida de piezas a obra.,"Validar teléfono/contacto; si responde, pedir un caso concreto de traslado o próximo movimiento.",Confirmar decisor y vigencia del dato antes de incluir en salida prioritaria.,https://www.google.com/maps/search/?api=1&query=R%C3%ADo+Metal+R%C3%ADo+Tercero+C%C3%B3rdoba+Argentina,Parque Industrial Río Tercero / Facebook público,https://parqueindustrial.riotercero.gob.ar/empresas,Listado del parque + ficha social pública con teléfono informado.,Alta,Nuevo enriquecimiento 2026-09-02,,,,
PRESOL-024,Pendiente,Base Río Tercero,Parque Industrial Leonardo Da Vinci,Río Tercero,B,50,Taller Sarmiento,Servicios industriales / mantenimiento,Industria / mantenimiento,A relevar vía parque,A relevar,,,mantenimiento / compras,"Movimientos especiales de mantenimiento, repuestos pesados y mudanzas internas de equipos.","Traslados especiales de mantenimiento, equipos y repuestos con seguro/GPS.",Prestación de servicios industriales dentro del parque; posible movimiento de equipos o repuestos pesados.,"Validar teléfono/contacto; si responde, pedir un caso concreto de traslado o próximo movimiento.",Confirmar decisor y vigencia del dato antes de incluir en salida prioritaria.,https://www.google.com/maps/search/?api=1&query=Taller+Sarmiento+R%C3%ADo+Tercero+C%C3%B3rdoba+Argentina,Parque Industrial Río Tercero,https://parqueindustrial.riotercero.gob.ar/empresas,Empresa listada en Parque Industrial: servicios industriales desde 1992.,Media,Nuevo enriquecimiento 2026-09-02,,,,
PRESOL-025,Pendiente,Base Río Tercero,Río Tercero,Río Tercero,C,40,Grupo AVO S.A.,Aceite de soja / balanceados,Industria / mantenimiento,Portería parque: 03571 565662,VER,tel:+543571565662,tel:+543571565662,responsable de acopio / mantenimiento,"Movimientos especiales de mantenimiento, repuestos pesados y mudanzas internas de equipos.","Movimiento de equipos de planta, silos, balanzas, repuestos y cargas especiales para acopios/agroindustria.",Visitar si queda en ruta del parque.,Visita o llamada de validación; pedir próximo traslado concreto.,Validar contacto decisor y necesidad inmediata.,"https://www.google.com/maps/search/?api=1&query=-32.175431,-64.127787",Parque Industrial Río Tercero,,Registro curado en documento de dirección PRESOL 2026-09.,Media,Base curada PDF dirección,,,,
PRESOL-026,Pendiente,Base Río Tercero,Parque Industrial Leonardo Da Vinci,Río Tercero,C,30,Transporte Sosa,Fabricación y reparación de cajas volcadoras,Industria / mantenimiento,A relevar vía parque,A relevar,,,dueño / taller,"Movimientos especiales de mantenimiento, repuestos pesados y mudanzas internas de equipos.","Traslados especiales de mantenimiento, equipos y repuestos con seguro/GPS.",Contacto útil para validar/tercerizar caja volcadora o entender oferta local de volcadoras.,"Validar teléfono/contacto; si responde, pedir un caso concreto de traslado o próximo movimiento.",Confirmar decisor y vigencia del dato antes de incluir en salida prioritaria.,https://www.google.com/maps/search/?api=1&query=Transporte+Sosa+R%C3%ADo+Tercero+C%C3%B3rdoba+Argentina,Parque Industrial Río Tercero,https://parqueindustrial.riotercero.gob.ar/empresas,Listado del parque indica fabricación y reparación de cajas volcadoras.,Media,Nuevo enriquecimiento 2026-09-02,,,,
PRESOL-027,Pendiente,Base Río Tercero,Parque Industrial Leonardo Da Vinci,Río Tercero,C,30,Volonte Marcelo,"Arenado, pintura industrial y servicio de izaje",Industria / mantenimiento,A relevar vía parque,A relevar,,,operaciones / taller,"Movimientos especiales de mantenimiento, repuestos pesados y mudanzas internas de equipos.","Traslados especiales de mantenimiento, equipos y repuestos con seguro/GPS.","Más que cliente, posible referencia/alianza/competencia para izajes y maniobras.","Validar teléfono/contacto; si responde, pedir un caso concreto de traslado o próximo movimiento.",Confirmar decisor y vigencia del dato antes de incluir en salida prioritaria.,https://www.google.com/maps/search/?api=1&query=Volonte+Marcelo+R%C3%ADo+Tercero+C%C3%B3rdoba+Argentina,Parque Industrial Río Tercero,https://parqueindustrial.riotercero.gob.ar/empresas,"Listado del parque: arenado, pintura industrial y servicio de izaje.",Media,Nuevo enriquecimiento 2026-09-02,,,,
PRESOL-028,Pendiente,Base Río Tercero,Río Tercero,Río Tercero,C,30,Áridos S.A.,Áridos / cantera,Hormigón / áridos / premoldeados,A relevar,A relevar,,,planta / mantenimiento,"Movimiento de premoldeados, equipos de planta/cantera, bombas, moldes y cargas pesadas.",Movimiento de equipos de cantera/planta; transporte de material suelto sujeto a confirmar unidad o esquema operativo.,Solo vender si se confirma caja volcadora o servicio tercerizable.,Visita o llamada de validación; pedir próximo traslado concreto.,Validar contacto decisor y necesidad inmediata.,"https://www.google.com/maps/search/?api=1&query=-32.175149,-64.110626",EMIS / Instagram @aridos.sa,,Registro curado en documento de dirección PRESOL 2026-09.,Media,Base curada PDF dirección,,,,
PRESOL-029,Pendiente,Corralito / acceso secundario RN36,Corralito · S-253 / S-372 hacia Autovía 36,Corralito,A,100,AGD — Planta de Acopio Corralito,Acopio agroindustrial,Agro / acopio / planta,03571 492144 / 492172 / 492228,OK,tel:+543571492144,tel:+543571492144,responsable de acopio / mantenimiento,"Traslado de equipos de planta, silos, repuestos pesados, balanzas, implementos y cargas especiales.","Movimiento de equipos de planta, silos, balanzas, repuestos y cargas especiales para acopios/agroindustria.",Acopio AGD; pedir operaciones/mantenimiento.,Visita o llamada de validación; pedir próximo traslado concreto.,Validar contacto decisor y necesidad inmediata.,"https://www.google.com/maps/search/?api=1&query=-32.022500,-64.191000",agd.com.ar/es/corralito-acopio,,Registro curado en documento de dirección PRESOL 2026-09.,Alta,Base curada PDF dirección,,,,
PRESOL-030,Pendiente,Corralito / acceso secundario RN36,Corralito · S-253 / S-372 hacia Autovía 36,Corralito,B,75,Trisoil S.A.,Alimentos balanceados / aceite,Agro / acopio / planta,03571 502525 / 502526,OK,tel:+543571502525,tel:+543571502525,mantenimiento / compras,"Traslado de equipos de planta, silos, repuestos pesados, balanzas, implementos y cargas especiales.","Traslados especiales de mantenimiento, repuestos pesados, mudanzas internas y cargas con seguro/GPS.",Ofrecer fletes de repuestos/equipos y cargas especiales.,Visita o llamada de validación; pedir próximo traslado concreto.,Validar contacto decisor y necesidad inmediata.,"https://www.google.com/maps/search/?api=1&query=-32.030000,-64.183000",trisoil.com.ar,,Registro curado en documento de dirección PRESOL 2026-09.,Alta,Base curada PDF dirección,,,,
PRESOL-031,Pendiente,Corralito / acceso secundario RN36,Tancacha / RP6 - satélite agroindustrial,Tancacha,B,50,ACOGRA,Fertilizantes líquidos / agroindustria,Agro / acopio / planta,A relevar,A relevar,,,planta / logística,"Traslado de equipos de planta, silos, repuestos pesados, balanzas, implementos y cargas especiales.",Transporte de repuestos/equipos/silos/implementos + coordinación de retiro y descarga.,"Producción de fertilizantes líquidos; validar movimientos de insumos, tanques, equipos y mantenimiento.","Validar teléfono/contacto; si responde, pedir un caso concreto de traslado o próximo movimiento.",Confirmar decisor y vigencia del dato antes de incluir en salida prioritaria.,https://www.google.com/maps/search/?api=1&query=ACOGRA+Tancacha+C%C3%B3rdoba+Argentina,Instagram público / resultado de búsqueda,https://www.instagram.com/reel/DQet3NikYDU?hl=en,Resultado público menciona empresa de Tancacha que produce fertilizantes líquidos y exporta.,Media,Nuevo enriquecimiento 2026-09-02,,,,
PRESOL-032,Pendiente,Corralito / acceso secundario RN36,Tancacha / RP6 - satélite agroindustrial,Tancacha,B,50,Agricultores Unidos de Tancacha Coop. Agrícola Ltda.,Cooperativa agropecuaria / insumos,Agro / acopio / planta,A relevar,A relevar,,,compra de insumos / acopio,"Traslado de equipos de planta, silos, repuestos pesados, balanzas, implementos y cargas especiales.",Transporte de repuestos/equipos/silos/implementos + coordinación de retiro y descarga.,"Cooperativa local: posible entrada por insumos, acopio y mantenimiento.","Validar teléfono/contacto; si responde, pedir un caso concreto de traslado o próximo movimiento.",Confirmar decisor y vigencia del dato antes de incluir en salida prioritaria.,https://www.google.com/maps/search/?api=1&query=Agricultores+Unidos+de+Tancacha+Coop.+Agr%C3%ADcola+Ltda.+Tancacha+C%C3%B3rdoba+Argentina,LinkedIn público / búsqueda,https://www.linkedin.com/in/maximiliano-mat%C3%A9lica-9b7885125,Perfil público referencia a encargado de compra de insumos agrícolas en la cooperativa.,Media,Nuevo enriquecimiento 2026-09-02,,,,
PRESOL-033,Pendiente,Corralito / acceso secundario RN36,Tancacha / RP6 - satélite agroindustrial,Tancacha,B,75,Alimentos Tancacha,Alimentos balanceados / planta industrial,Agro / acopio / planta,+54 3571 50-2272,OK,tel:+543571502272,tel:+543571502272,mantenimiento / logística,"Traslado de equipos de planta, silos, repuestos pesados, balanzas, implementos y cargas especiales.",Transporte de repuestos/equipos/silos/implementos + coordinación de retiro y descarga.,Planta industrial en Tancacha; potencial de repuestos/equipos y movimientos especiales.,"Validar teléfono/contacto; si responde, pedir un caso concreto de traslado o próximo movimiento.",Confirmar decisor y vigencia del dato antes de incluir en salida prioritaria.,https://www.google.com/maps/search/?api=1&query=Alimentos+Tancacha+Tancacha+C%C3%B3rdoba+Argentina,Web propia Alimentos Tancacha,http://www.alimentostancacha.com/contacto,"Sitio propio publica teléfono, mail y dirección de planta industrial en Tancacha.",Alta,Nuevo enriquecimiento 2026-09-02,,,,
PRESOL-034,Pendiente,Corralito / acceso secundario RN36,Tancacha / RP6 - satélite agroindustrial,Tancacha,B,60,RG Rodolfo Grosso,Agroindustria / maquinaria o insumos,Agro / acopio / planta,3571 521091,VER,tel:+543571521091,tel:+543571521091,dueño / operaciones,"Traslado de equipos de planta, silos, repuestos pesados, balanzas, implementos y cargas especiales.",Transporte de repuestos/equipos/silos/implementos + coordinación de retiro y descarga.,"Empresa agroindustrial local; validar movimientos de equipos, repuestos o implementos.","Validar teléfono/contacto; si responde, pedir un caso concreto de traslado o próximo movimiento.",Confirmar decisor y vigencia del dato antes de incluir en salida prioritaria.,https://www.google.com/maps/search/?api=1&query=RG+Rodolfo+Grosso+Tancacha+C%C3%B3rdoba+Argentina,Facebook público / resultado de búsqueda,https://www.facebook.com/rgrodolfogrosso?locale=es_LA,Resultado público indica ubicación Tancacha y WhatsApp 3571521091; verificar vigencia.,Media,Nuevo enriquecimiento 2026-09-02,,,,
PRESOL-035,Pendiente,Córdoba / RN36 norte,Alta Gracia,Alta Gracia,A,100,AG Viviendas Industrializadas,Módulos / viviendas industrializadas,Módulos / containers,3547 672399 / 3547 420854,OK,tel:+543547672399,tel:+543547672399 | tel:+543547420854,operaciones / entregas,"Entrega, descarga y posicionamiento de módulos/containers en obra o cliente final.","Entrega y descarga de módulos/containers con plataforma, malacate e hidrogrúa según maniobra.",Cada venta necesita logística: proponer proveedor regional.,Visita o llamada de validación; pedir próximo traslado concreto.,Validar contacto decisor y necesidad inmediata.,"https://www.google.com/maps/search/?api=1&query=-31.655000,-64.420000",Facebook AG Viviendas,,Registro curado en documento de dirección PRESOL 2026-09.,Alta,Base curada PDF dirección,,,,
PRESOL-036,Pendiente,Córdoba / RN36 norte,Alta Gracia / Ruta 5,Alta Gracia,A,100,Miguel Ángel Premoldeados,Premoldeados de hormigón,Hormigón / áridos / premoldeados,03547 430962 / 03547 15501860,OK,tel:+543547430962,tel:+543547430962 | tel:+5493547501860,despacho / producción,"Movimiento de premoldeados, equipos de planta/cantera, bombas, moldes y cargas pesadas.",Transporte de premoldeados/equipos; áridos sueltos solo sujeto a validar caja volcadora o tercerización.,Premoldeados con línea infraestructura y piezas especiales; buen encaje para plataforma e hidrogrúa.,"Validar teléfono/contacto; si responde, pedir un caso concreto de traslado o próximo movimiento.",Confirmar decisor y vigencia del dato antes de incluir en salida prioritaria.,https://www.google.com/maps/search/?api=1&query=Miguel+%C3%81ngel+Premoldeados+Alta+Gracia+C%C3%B3rdoba+Argentina,Web propia Miguel Ángel Premoldeados,https://miguelangelpremoldeados.com,"Sitio propio informa fabricación de premoldeados, infraestructura, piezas especiales, teléfonos y ruta 5 km 24.",Alta,Nuevo enriquecimiento 2026-09-02,,,,
PRESOL-037,Pendiente,Córdoba / RN36 norte,Alta Gracia,Alta Gracia,A,100,Precons S.R.L.,Premoldeados / tanques / construcción,Hormigón / áridos / premoldeados,3547 430993,OK,tel:+543547430993,tel:+543547430993,despacho / producción,"Movimiento de premoldeados, equipos de planta/cantera, bombas, moldes y cargas pesadas.","Despacho de estructuras, tanques, transformadores, piezas de ingeniería y equipos sobre plataforma 20 tn.",Parque en expansión; ofrecer servicio a clientes finales.,Visita o llamada de validación; pedir próximo traslado concreto.,Validar contacto decisor y necesidad inmediata.,"https://www.google.com/maps/search/?api=1&query=-31.662670,-64.414474",eldirectorio.co / preconssrl.com.ar,,Registro curado en documento de dirección PRESOL 2026-09.,Alta,Base curada PDF dirección,,,,
PRESOL-038,Pendiente,Córdoba / RN36 norte,Córdoba capital,Córdoba capital,A,100,Pretencord S.R.L.,Pretensados y premoldeados de hormigón,Hormigón / áridos / premoldeados,+54 351 2422363 / +54 351 2454059,OK,tel:+543512422363,tel:+543512422363 | tel:+543512454059,despacho / logística,"Movimiento de premoldeados, equipos de planta/cantera, bombas, moldes y cargas pesadas.",Transporte de premoldeados/equipos; áridos sueltos solo sujeto a validar caja volcadora o tercerización.,Despacha a corralones de todo el país; PRESOL puede ofrecer refuerzo logístico regional.,"Validar teléfono/contacto; si responde, pedir un caso concreto de traslado o próximo movimiento.",Confirmar decisor y vigencia del dato antes de incluir en salida prioritaria.,https://www.google.com/maps/search/?api=1&query=Pretencord+S.R.L.+C%C3%B3rdoba+capital+C%C3%B3rdoba+Argentina,Web propia Pretencord,https://pretencord.com,"Sitio informa fabricación propia, despacho nacional, red de corralones, WhatsApp/teléfono.",Alta,Nuevo enriquecimiento 2026-09-02,,,,
PRESOL-039,Pendiente,Córdoba / RN36 norte,Contacto remoto / Jesús María,Córdoba capital zona sur,A,100,AG GROUP Industria,Módulos / construcción industrializada,Módulos / containers,3525 513210,OK,tel:+543525513210,tel:+543525513210,operaciones / entregas,"Entrega, descarga y posicionamiento de módulos/containers en obra o cliente final.","Entrega y descarga de módulos/containers con plataforma, malacate e hidrogrúa según maniobra.","Aunque está en Jesús María, vende en Córdoba; ofrecer logística provincial.",Visita o llamada de validación; pedir próximo traslado concreto.,Validar contacto decisor y necesidad inmediata.,"https://www.google.com/maps/search/?api=1&query=-31.000000,-64.090000",aggroupindustria.com.ar,,Registro curado en documento de dirección PRESOL 2026-09.,Alta,Base curada PDF dirección,,,,
PRESOL-040,Pendiente,Córdoba / RN36 norte,Córdoba Sur-Oeste / canteras,Córdoba capital zona sur,A,100,Canteras Ruiz,Áridos / cantera,Hormigón / áridos / premoldeados,0351 5570618 / 0351 4524228 / 0351 155508346,OK,tel:+543515570618,tel:+543515570618 | tel:+543514524228 | tel:+5493515508346,planta / mantenimiento,"Movimiento de premoldeados, equipos de planta/cantera, bombas, moldes y cargas pesadas.",Movimiento de equipos de cantera/planta; transporte de material suelto sujeto a confirmar unidad o esquema operativo.,Servicio de áridos sólo si se confirma volcador/tercerización.,Visita o llamada de validación; pedir próximo traslado concreto.,Validar contacto decisor y necesidad inmediata.,"https://www.google.com/maps/search/?api=1&query=-31.475000,-64.235000",canterasruiz.com,,Registro curado en documento de dirección PRESOL 2026-09.,Alta,Base curada PDF dirección,,,,
PRESOL-041,Pendiente,Córdoba / RN36 norte,Córdoba Oeste / Av. Colón,Córdoba capital zona sur,A,100,Corralón Mis Ladrillos,Corralón mayorista,Hormigón / áridos / premoldeados,0351 3705858,OK,tel:+543513705858,tel:+543513705858,responsable de logística/compras,"Movimiento de premoldeados, equipos de planta/cantera, bombas, moldes y cargas pesadas.",Detectar el próximo movimiento pesado y convertirlo en cotización concreta.,Entrada rápida a mercado capitalino; ofrecer reparto pesado regional.,Visita o llamada de validación; pedir próximo traslado concreto.,Validar contacto decisor y necesidad inmediata.,"https://www.google.com/maps/search/?api=1&query=-31.396774,-64.251905",Vuelta Canela / directorio,,Registro curado en documento de dirección PRESOL 2026-09.,Alta,Base curada PDF dirección,,,,
PRESOL-042,Pendiente,Córdoba / RN36 norte,Córdoba Sur / RN36-Vélez Sarsfield,Córdoba capital zona sur,A,100,Hormi Block S.A.,Hormigón elaborado,Hormigón / áridos / premoldeados,0351 4939510 / 0351 4945800,OK,tel:+543514939510,tel:+543514939510 | tel:+543514945800,operaciones / planta,"Movimiento de premoldeados, equipos de planta/cantera, bombas, moldes y cargas pesadas.","Traslado de equipos de planta, bombas, premoldeados y apoyo a picos de obra.",Av. Vélez Sarsfield 5801; entrada directa por corredor.,Visita o llamada de validación; pedir próximo traslado concreto.,Validar contacto decisor y necesidad inmediata.,"https://www.google.com/maps/search/?api=1&query=-31.481687,-64.203118",InfoNegocios / Hormi Block,,Registro curado en documento de dirección PRESOL 2026-09.,Alta,Base curada PDF dirección,,,,
PRESOL-043,Pendiente,Córdoba / RN36 norte,Córdoba Norte / Monseñor Pablo Cabrera,Córdoba capital zona sur,A,100,Lucy’s House / Rental,Módulos habitacionales,Módulos / containers,0351 2077113,OK,tel:+543512077113,tel:+543512077113,operaciones / entregas,"Entrega, descarga y posicionamiento de módulos/containers en obra o cliente final.","Entrega y descarga de módulos/containers con plataforma, malacate e hidrogrúa según maniobra.",Muy buen encaje para planchada + malacate.,Visita o llamada de validación; pedir próximo traslado concreto.,Validar contacto decisor y necesidad inmediata.,"https://www.google.com/maps/search/?api=1&query=-31.368536,-64.205299",Instagram Lucy’s House,,Registro curado en documento de dirección PRESOL 2026-09.,Alta,Base curada PDF dirección,,,,
PRESOL-044,Pendiente,Córdoba / RN36 norte,Córdoba Norte-Oeste / Villa Belgrano,Córdoba capital zona sur,A,100,MegaContainers,Venta/alquiler de containers,Módulos / containers,0351 5179179,OK,tel:+543515179179,tel:+543515179179,operaciones / entregas,"Entrega, descarga y posicionamiento de módulos/containers en obra o cliente final.","Entrega y descarga de módulos/containers con plataforma, malacate e hidrogrúa según maniobra.",Proveedor natural: cada container vendido necesita logística.,Visita o llamada de validación; pedir próximo traslado concreto.,Validar contacto decisor y necesidad inmediata.,"https://www.google.com/maps/search/?api=1&query=-31.350332,-64.254449",megacontainers.com.ar,,Registro curado en documento de dirección PRESOL 2026-09.,Alta,Base curada PDF dirección,,,,
PRESOL-045,Pendiente,Córdoba / RN36 norte,Despeñaderos / RN36,Despeñaderos,A,85,AS Premoldeados,Premoldeados de hormigón / galpones / techos,Hormigón / áridos / premoldeados,3547 675513,VER,tel:+543547675513,tel:+543547675513,despacho / colocación,"Movimiento de premoldeados, equipos de planta/cantera, bombas, moldes y cargas pesadas.",Transporte de premoldeados/equipos; áridos sueltos solo sujeto a validar caja volcadora o tercerización.,"Tapias, galpones, techos y premoldeados; posibilidad de transporte y descarga de piezas.","Validar teléfono/contacto; si responde, pedir un caso concreto de traslado o próximo movimiento.",Confirmar decisor y vigencia del dato antes de incluir en salida prioritaria.,https://www.google.com/maps/search/?api=1&query=AS+Premoldeados+Despe%C3%B1aderos+C%C3%B3rdoba+Argentina,Web propia AS + Facebook público,https://aspremoldeados.com.ar,"Sitio informa rubros y ubicación Despeñaderos; resultado público aporta teléfono, verificar vigencia.",Media,Nuevo enriquecimiento 2026-09-02,,,,
PRESOL-046,Pendiente,Córdoba / RN36 norte,Malagueño,Malagueño,A,100,Corblock,Premoldeados y pretensados de hormigón,Hormigón / áridos / premoldeados,0351 3568259,OK,tel:+543513568259,tel:+543513568259,despacho / logística,"Movimiento de premoldeados, equipos de planta/cantera, bombas, moldes y cargas pesadas.",Transporte de premoldeados/equipos; áridos sueltos solo sujeto a validar caja volcadora o tercerización.,"Planta en Malagueño, premoldeados/pretensados; oportunidad para cargas regionales y reparto pesado.","Validar teléfono/contacto; si responde, pedir un caso concreto de traslado o próximo movimiento.",Confirmar decisor y vigencia del dato antes de incluir en salida prioritaria.,https://www.google.com/maps/search/?api=1&query=Corblock+Malague%C3%B1o+C%C3%B3rdoba+Argentina,Web propia Corblock,https://www.corblock.com/productos/cordones-premoldeados,"Sitio informa Av. Italia s/n Malagueño, WhatsApp/teléfono y productos premoldeados.",Alta,Nuevo enriquecimiento 2026-09-02,,,,
PRESOL-047,Pendiente,Córdoba / RN36 norte,Malagueño,Malagueño,A,75,Grupo Calidra / Cal Malagueño,Cal / minería / áridos,Hormigón / áridos / premoldeados,A relevar,A relevar,,,planta / mantenimiento,"Movimiento de premoldeados, equipos de planta/cantera, bombas, moldes y cargas pesadas.",Movimiento de equipos de cantera/planta; transporte de material suelto sujeto a confirmar unidad o esquema operativo.,Prospecto grande; entrar por mantenimiento/proveedores.,Visita o llamada de validación; pedir próximo traslado concreto.,Validar contacto decisor y necesidad inmediata.,"https://www.google.com/maps/search/?api=1&query=-31.467000,-64.358000",calidra.com.ar / investigación web,,Registro curado en documento de dirección PRESOL 2026-09.,Media,Base curada PDF dirección,,,,
PRESOL-048,Pendiente,Córdoba / RN36 norte,Alta Gracia,Alta Gracia,B,75,Grupo Buglione,Autopartes / remanufactura,Industria / mantenimiento,0351 6512408 / 0351 3271171 / 03547 432121,OK,tel:+543516512408,tel:+543516512408 | tel:+543513271171 | tel:+543547432121,mantenimiento / compras,"Movimientos especiales de mantenimiento, repuestos pesados y mudanzas internas de equipos.","Traslados especiales de mantenimiento, repuestos pesados, mudanzas internas y cargas con seguro/GPS.",Parque N°53; entrar por logística/compras.,Visita o llamada de validación; pedir próximo traslado concreto.,Validar contacto decisor y necesidad inmediata.,"https://www.google.com/maps/search/?api=1&query=-31.660000,-64.430000",Facebook Grupo Buglione,,Registro curado en documento de dirección PRESOL 2026-09.,Alta,Base curada PDF dirección,,,,
PRESOL-049,Pendiente,Córdoba / RN36 norte,Alta Gracia,Alta Gracia,B,50,Habitaciones Calificadas,Módulos habitacionales,Módulos / containers,A relevar,A relevar,,,operaciones / entregas,"Entrega, descarga y posicionamiento de módulos/containers en obra o cliente final.","Entrega y descarga de módulos/containers con plataforma, malacate e hidrogrúa según maniobra.",Teléfono no confiable en web; relevar en visita/parque.,Visita o llamada de validación; pedir próximo traslado concreto.,Validar contacto decisor y necesidad inmediata.,"https://www.google.com/maps/search/?api=1&query=-31.650000,-64.421000",Informe de mercado / parque Alta Gracia,,Registro curado en documento de dirección PRESOL 2026-09.,Media,Base curada PDF dirección,,,,
PRESOL-050,Pendiente,Córdoba / RN36 norte,Alta Gracia,Alta Gracia,B,75,Mattsay Steel Frame,Casas modulares / steel frame,Industria / mantenimiento,3547 477530,OK,tel:+543547477530,tel:+543547477530,operaciones / entregas,"Movimientos especiales de mantenimiento, repuestos pesados y mudanzas internas de equipos.","Entrega y descarga de módulos/containers con plataforma, malacate e hidrogrúa según maniobra.",Instalación en lote; preguntar si tercerizan traslados.,Visita o llamada de validación; pedir próximo traslado concreto.,Validar contacto decisor y necesidad inmediata.,"https://www.google.com/maps/search/?api=1&query=-31.653000,-64.428000",mattsay.com,,Registro curado en documento de dirección PRESOL 2026-09.,Alta,Base curada PDF dirección,,,,
PRESOL-051,Pendiente,Córdoba / RN36 norte,Alta Gracia,Alta Gracia,B,50,R5 Premoldeados,Premoldeados / muros / cerramientos,Hormigón / áridos / premoldeados,A relevar,A relevar,,,despacho / colocación,"Movimiento de premoldeados, equipos de planta/cantera, bombas, moldes y cargas pesadas.",Transporte de premoldeados/equipos; áridos sueltos solo sujeto a validar caja volcadora o tercerización.,Fábrica de premoldeados en Alta Gracia; validar si terceriza transporte/descarga.,"Validar teléfono/contacto; si responde, pedir un caso concreto de traslado o próximo movimiento.",Confirmar decisor y vigencia del dato antes de incluir en salida prioritaria.,https://www.google.com/maps/search/?api=1&query=R5+Premoldeados+Alta+Gracia+C%C3%B3rdoba+Argentina,Instagram público / resultado de búsqueda,https://www.instagram.com/r5.premoldeados,"Resultado público indica fábrica de premoldeados en Alta Gracia, muros, cerramientos y estructuras.",Media,Nuevo enriquecimiento 2026-09-02,,,,
PRESOL-052,Pendiente,Córdoba / RN36 norte,Sierras / RN36-Ruta 5,Córdoba / Sierras,B,50,"El Alto Áridos, Hormigón y Desarrollos",Áridos / hormigón / desarrollos,Hormigón / áridos / premoldeados,A relevar,A relevar,,,planta / mantenimiento,"Movimiento de premoldeados, equipos de planta/cantera, bombas, moldes y cargas pesadas.",Transporte de premoldeados/equipos; áridos sueltos solo sujeto a validar caja volcadora o tercerización.,Proveedor de áridos y hormigón en sierras; validar si requiere traslados de equipos o apoyo en obras.,"Validar teléfono/contacto; si responde, pedir un caso concreto de traslado o próximo movimiento.",Confirmar decisor y vigencia del dato antes de incluir en salida prioritaria.,https://www.google.com/maps/search/?api=1&query=El+Alto+%C3%81ridos%2C+Hormig%C3%B3n+y+Desarrollos+C%C3%B3rdoba+%2F+Sierras+C%C3%B3rdoba+Argentina,Web pública / resultado de búsqueda,https://www.elalto.ar,"Resultado público lo describe como proveedor de áridos lavados, hormigón elaborado y desarrollos integrales.",Media,Nuevo enriquecimiento 2026-09-02,,,,
PRESOL-053,Pendiente,Córdoba / RN36 norte,Córdoba capital,Córdoba capital,B,75,Boetto y Buttigliengo S.A.,Constructora,Obra / constructora,0351 4653272,OK,tel:+543514653272,tel:+543514653272,jefe de obra / logística,"Traslado de maquinaria, módulos de obrador, estructuras, equipos y cargas pesadas entre frentes.","Transporte de equipos, módulos de obrador, estructuras y materiales pesados; descarga o posicionamiento cuando aplique.",Prospecto grande; mejor por obra/encargado que por administración.,Visita o llamada de validación; pedir próximo traslado concreto.,Validar contacto decisor y necesidad inmediata.,"https://www.google.com/maps/search/?api=1&query=-31.449963,-64.252114",BNamericas / bbcsa.com.ar,,Registro curado en documento de dirección PRESOL 2026-09.,Alta,Base curada PDF dirección,,,,
PRESOL-054,Pendiente,Córdoba / RN36 norte,Córdoba capital,Córdoba capital,B,75,CABIAL Empresa Constructora,Constructora,Obra / constructora,0351 4822855 / 0351 4658599,OK,tel:+543514822855,tel:+543514822855 | tel:+543514658599,jefe de obra / logística,"Traslado de maquinaria, módulos de obrador, estructuras, equipos y cargas pesadas entre frentes.","Transporte de equipos, módulos de obrador, estructuras y materiales pesados; descarga o posicionamiento cuando aplique.","Cotizar traslado concreto, no presentación genérica.",Visita o llamada de validación; pedir próximo traslado concreto.,Validar contacto decisor y necesidad inmediata.,"https://www.google.com/maps/search/?api=1&query=-31.438000,-64.205000",arempresas.com,,Registro curado en documento de dirección PRESOL 2026-09.,Alta,Base curada PDF dirección,,,,
PRESOL-055,Pendiente,Córdoba / RN36 norte,Córdoba capital,Córdoba capital,B,60,IngaV Constructora,Constructora,Obra / constructora,0351 5890684 / 0351 5579222 (verificar),VER,tel:+543515890684,tel:+543515890684 | tel:+543515579222,jefe de obra / logística,"Traslado de maquinaria, módulos de obrador, estructuras, equipos y cargas pesadas entre frentes.","Transporte de equipos, módulos de obrador, estructuras y materiales pesados; descarga o posicionamiento cuando aplique.",Contacto directo WhatsApp; pedir próximo traslado.,Visita o llamada de validación; pedir próximo traslado concreto.,Validar contacto decisor y necesidad inmediata.,"https://www.google.com/maps/search/?api=1&query=-31.413163,-64.170080",ingavconstructora.com.ar,,Registro curado en documento de dirección PRESOL 2026-09.,Media,Base curada PDF dirección,,,,
PRESOL-056,Pendiente,Córdoba / RN36 norte,Córdoba capital zona sur,Córdoba capital zona sur,B,60,Bendito Corralón Mayorista,Corralón mayorista,Hormigón / áridos / premoldeados,0351 8741592 (a confirmar),VER,tel:+543518741592,tel:+543518741592,responsable de logística/compras,"Movimiento de premoldeados, equipos de planta/cantera, bombas, moldes y cargas pesadas.",Detectar el próximo movimiento pesado y convertirlo en cotización concreta.,"Validar teléfono; si no, visita directa por local.",Visita o llamada de validación; pedir próximo traslado concreto.,Validar contacto decisor y necesidad inmediata.,"https://www.google.com/maps/search/?api=1&query=-31.463000,-64.202000",Instagram / búsqueda web,,Registro curado en documento de dirección PRESOL 2026-09.,Media,Base curada PDF dirección,,,,
PRESOL-057,Pendiente,Córdoba / RN36 norte,Córdoba capital zona sur,Córdoba capital zona sur,B,50,Canteras Terra,Áridos / cantera,Hormigón / áridos / premoldeados,A relevar,A relevar,,,planta / mantenimiento,"Movimiento de premoldeados, equipos de planta/cantera, bombas, moldes y cargas pesadas.",Movimiento de equipos de cantera/planta; transporte de material suelto sujeto a confirmar unidad o esquema operativo.,Teléfono web no confiable; relevar en terreno.,Visita o llamada de validación; pedir próximo traslado concreto.,Validar contacto decisor y necesidad inmediata.,"https://www.google.com/maps/search/?api=1&query=-31.462000,-64.360000",Directorio de canteras / investigación web,,Registro curado en documento de dirección PRESOL 2026-09.,Media,Base curada PDF dirección,,,,
PRESOL-058,Pendiente,Córdoba / RN36 norte,Córdoba Sur / Camino San Antonio,Córdoba capital zona sur,B,75,Porta Hnos.,Industrial / alcohol / alimentos,Industria / mantenimiento,0351 4938400,OK,tel:+543514938400,tel:+543514938400,mantenimiento / compras,"Movimientos especiales de mantenimiento, repuestos pesados y mudanzas internas de equipos.","Traslados especiales de mantenimiento, repuestos pesados, mudanzas internas y cargas con seguro/GPS.","Camino San Antonio km 4,5: visitar si entra en ruta Córdoba sur.",Visita o llamada de validación; pedir próximo traslado concreto.,Validar contacto decisor y necesidad inmediata.,"https://www.google.com/maps/search/?api=1&query=-31.490145,-64.189401",portahnos.com.ar,,Registro curado en documento de dirección PRESOL 2026-09.,Alta,Base curada PDF dirección,,,,
PRESOL-059,Pendiente,Córdoba / RN36 norte,Despeñaderos,Despeñaderos,B,75,Metal-Ferr,Metalúrgica agro/industria,Agro / acopio / planta,3547 525300 / 3547 492716,OK,tel:+543547525300,tel:+543547525300 | tel:+543547492716,responsable de acopio / mantenimiento,"Traslado de equipos de planta, silos, repuestos pesados, balanzas, implementos y cargas especiales.","Movimiento de equipos de planta, silos, balanzas, repuestos y cargas especiales para acopios/agroindustria.",Empresa local 25+ años; pedir producción/despacho.,Visita o llamada de validación; pedir próximo traslado concreto.,Validar contacto decisor y necesidad inmediata.,"https://www.google.com/maps/search/?api=1&query=-31.817000,-64.294000",metal-ferr.com/contacto,,Registro curado en documento de dirección PRESOL 2026-09.,Alta,Base curada PDF dirección,,,,
PRESOL-060,Pendiente,Córdoba / RN36 norte,Despeñaderos,Despeñaderos,B,50,Parque Industrial Despeñaderos N°64,Radicaciones industriales,Puerta institucional,A relevar vía municipio,A relevar,,,despacho / producción,"Acceso a padrón de empresas radicadas, obras de infraestructura y derivaciones a responsables.","Despacho de estructuras, tanques, transformadores, piezas de ingeniería y equipos sobre plataforma 20 tn.",Pedir listado de empresas radicadas al municipio/parque.,Visita o llamada de validación; pedir próximo traslado concreto.,Validar contacto decisor y necesidad inmediata.,"https://www.google.com/maps/search/?api=1&query=-31.812000,-64.289000",cba.gov.ar / despenaderos.gob.ar,,Registro curado en documento de dirección PRESOL 2026-09.,Media,Base curada PDF dirección,,,,
PRESOL-061,Pendiente,Córdoba / RN36 norte,Ferreyra / Santa Isabel,Ferreyra / Santa Isabel,B,75,Iveco / CNH Ferreyra,Automotriz / camiones,Industria / mantenimiento,011 20341400 (central),OK,tel:+541120341400,tel:+541120341400,despacho / producción,"Movimientos especiales de mantenimiento, repuestos pesados y mudanzas internas de equipos.","Despacho de estructuras, tanques, transformadores, piezas de ingeniería y equipos sobre plataforma 20 tn.",No entrar como pyme fría: buscar contratistas de montaje/mantenimiento.,Visita o llamada de validación; pedir próximo traslado concreto.,Validar contacto decisor y necesidad inmediata.,"https://www.google.com/maps/search/?api=1&query=-31.455000,-64.130000",Iveco / CEDAC,,Registro curado en documento de dirección PRESOL 2026-09.,Alta,Base curada PDF dirección,,,,
PRESOL-062,Pendiente,Córdoba / RN36 norte,Ferreyra / Santa Isabel,Ferreyra / Santa Isabel,B,75,Renault Planta Santa Isabel,Automotriz,Industria / mantenimiento,0351 4268268,OK,tel:+543514268268,tel:+543514268268,responsable de logística/compras,"Movimientos especiales de mantenimiento, repuestos pesados y mudanzas internas de equipos.",Detectar el próximo movimiento pesado y convertirlo en cotización concreta.,"Prospecto largo; entrar por proveedores, no por compra directa.",Visita o llamada de validación; pedir próximo traslado concreto.,Validar contacto decisor y necesidad inmediata.,"https://www.google.com/maps/search/?api=1&query=-31.455000,-64.160000",renaultgroup.com Córdoba Plant,,Registro curado en documento de dirección PRESOL 2026-09.,Alta,Base curada PDF dirección,,,,
PRESOL-063,Pendiente,Córdoba / RN36 norte,Malagueño,Malagueño,B,75,Corralón Bergese Hnos.,Corralón / materiales,Hormigón / áridos / premoldeados,0351 6870914 / 0351 2013895,OK,tel:+543516870914,tel:+543516870914 | tel:+543512013895,responsable de logística/compras,"Movimiento de premoldeados, equipos de planta/cantera, bombas, moldes y cargas pesadas.",Detectar el próximo movimiento pesado y convertirlo en cotización concreta.,Ofrecer refuerzo logístico para envíos fuera de zona.,Visita o llamada de validación; pedir próximo traslado concreto.,Validar contacto decisor y necesidad inmediata.,"https://www.google.com/maps/search/?api=1&query=-31.441753,-64.439418",ObraMaestra / corralonbergesehnos.com,,Registro curado en documento de dirección PRESOL 2026-09.,Alta,Base curada PDF dirección,,,,
PRESOL-064,Pendiente,Río Cuarto / RN36 sur,Alcira Gigena,Alcira Gigena,A,100,Cotagro — Alcira Gigena,Cooperativa agroindustrial / maní / acopio,Agro / acopio / planta,358 4393127 / 358 4125695 / 0358 4933333,OK,tel:+543584393127,tel:+543584393127 | tel:+543584125695 | tel:+543584933333,operaciones / entregas,"Traslado de equipos de planta, silos, repuestos pesados, balanzas, implementos y cargas especiales.","Entrega y descarga de módulos/containers con plataforma, malacate e hidrogrúa según maniobra.",Cotagro concentra 4 puntos del corredor; pedir compras/logística.,Visita o llamada de validación; pedir próximo traslado concreto.,Validar contacto decisor y necesidad inmediata.,"https://www.google.com/maps/search/?api=1&query=-32.755782,-64.339199",Facebook Cotagro / cotagroweb.com.ar,,Registro curado en documento de dirección PRESOL 2026-09.,Alta,Base curada PDF dirección,,,,
PRESOL-065,Pendiente,Río Cuarto / RN36 sur,Elena,Elena,A,100,CAGLE — Cooperativa Agrícola de Elena,Acopio / agro / estación de servicios,Agro / acopio / planta,3584 881118,OK,tel:+543584881118,tel:+543584881118,operaciones / entregas,"Traslado de equipos de planta, silos, repuestos pesados, balanzas, implementos y cargas especiales.","Entrega y descarga de módulos/containers con plataforma, malacate e hidrogrúa según maniobra.",Obras recientes + nueva planta futura: transporte de equipos.,Visita o llamada de validación; pedir próximo traslado concreto.,Validar contacto decisor y necesidad inmediata.,"https://www.google.com/maps/search/?api=1&query=-32.569649,-64.392432",cagle.com.ar,,Registro curado en documento de dirección PRESOL 2026-09.,Alta,Base curada PDF dirección,,,,
PRESOL-066,Pendiente,Río Cuarto / RN36 sur,Río Cuarto,Río Cuarto,A,100,AFEMA S.A.,Constructora vial,Obra / constructora,0351 7371862,OK,tel:+543517371862,tel:+543517371862,jefe de obra / logística,"Traslado de maquinaria, módulos de obrador, estructuras, equipos y cargas pesadas entre frentes.","Transporte de equipos, módulos de obrador, estructuras y materiales pesados; descarga o posicionamiento cuando aplique.",Obras viales activas; pedir jefe de obra/logística.,Visita o llamada de validación; pedir próximo traslado concreto.,Validar contacto decisor y necesidad inmediata.,"https://www.google.com/maps/search/?api=1&query=-33.105000,-64.335000",Facebook AFEMA,,Registro curado en documento de dirección PRESOL 2026-09.,Alta,Base curada PDF dirección,,,,
PRESOL-067,Pendiente,Río Cuarto / RN36 sur,Río Cuarto,Río Cuarto,A,75,BIDESA Obras Viales y Civiles,Obra vial / UTE,Obra / constructora,A relevar en obrador,A relevar,,,jefe de obra / logística,"Traslado de maquinaria, módulos de obrador, estructuras, equipos y cargas pesadas entre frentes.","Transporte de equipos, módulos de obrador, estructuras y materiales pesados; descarga o posicionamiento cuando aplique.","Si está en obra, entrar por obrador; teléfono no público.",Visita o llamada de validación; pedir próximo traslado concreto.,Validar contacto decisor y necesidad inmediata.,"https://www.google.com/maps/search/?api=1&query=-33.108000,-64.327000",Construar / Boletín Oficial,,Registro curado en documento de dirección PRESOL 2026-09.,Media,Base curada PDF dirección,,,,
PRESOL-068,Pendiente,Río Cuarto / RN36 sur,Río Cuarto,Río Cuarto,A,100,Canteras Bringas,Áridos / hormigón / obra pública,Hormigón / áridos / premoldeados,0358 154906010,OK,tel:+5493584906010,tel:+5493584906010,jefe de obra / logística,"Movimiento de premoldeados, equipos de planta/cantera, bombas, moldes y cargas pesadas.","Transporte de equipos, módulos de obrador, estructuras y materiales pesados; descarga o posicionamiento cuando aplique.",Pegada a Circunvalación: muy caliente para obra vial.,Visita o llamada de validación; pedir próximo traslado concreto.,Validar contacto decisor y necesidad inmediata.,"https://www.google.com/maps/search/?api=1&query=-33.145000,-64.425000",gurugo.com.ar / canterasbringas.ar,,Registro curado en documento de dirección PRESOL 2026-09.,Alta,Base curada PDF dirección,,,,
PRESOL-069,Pendiente,Río Cuarto / RN36 sur,Río Cuarto,Río Cuarto,A,100,CasaContainer Río Cuarto,Módulos / containers,Módulos / containers,0358 4310288,OK,tel:+543584310288,tel:+543584310288,operaciones / entregas,"Entrega, descarga y posicionamiento de módulos/containers en obra o cliente final.","Entrega y descarga de módulos/containers con plataforma, malacate e hidrogrúa según maniobra.",Ellos venden “te lo llevamos”; PRESOL puede ser proveedor logístico.,Visita o llamada de validación; pedir próximo traslado concreto.,Validar contacto decisor y necesidad inmediata.,"https://www.google.com/maps/search/?api=1&query=-33.118737,-64.382102",Facebook CasaContainer,,Registro curado en documento de dirección PRESOL 2026-09.,Alta,Base curada PDF dirección,,,,
PRESOL-070,Pendiente,Río Cuarto / RN36 sur,Río Cuarto,Río Cuarto,A,100,Construcciones Metálicas El Colono S.A.,Estructuras metálicas / silos,Agro / acopio / planta,0358 4628525,OK,tel:+543584628525,tel:+543584628525,jefe de obra / logística,"Traslado de equipos de planta, silos, repuestos pesados, balanzas, implementos y cargas especiales.","Transporte de equipos, módulos de obrador, estructuras y materiales pesados; descarga o posicionamiento cuando aplique.",Uno de los mejores encajes; pedir despacho/montaje.,Visita o llamada de validación; pedir próximo traslado concreto.,Validar contacto decisor y necesidad inmediata.,"https://www.google.com/maps/search/?api=1&query=-33.151690,-64.357888",elcolonosa.com.ar / Facebook,,Registro curado en documento de dirección PRESOL 2026-09.,Alta,Base curada PDF dirección,,,,
PRESOL-071,Pendiente,Río Cuarto / RN36 sur,Río Cuarto,Río Cuarto,A,100,Da Ros Premoldeados,Premoldeados de hormigón / agro e industria,Agro / acopio / planta,+54 358 508-9009,OK,tel:+543585089009,tel:+543585089009,despacho / logística,"Traslado de equipos de planta, silos, repuestos pesados, balanzas, implementos y cargas especiales.",Transporte de repuestos/equipos/silos/implementos + coordinación de retiro y descarga.,Premoldeados con productos agro e industriales y envío propio; PRESOL puede ofrecer refuerzo o traslados especiales.,"Validar teléfono/contacto; si responde, pedir un caso concreto de traslado o próximo movimiento.",Confirmar decisor y vigencia del dato antes de incluir en salida prioritaria.,https://www.google.com/maps/search/?api=1&query=Da+Ros+Premoldeados+R%C3%ADo+Cuarto+C%C3%B3rdoba+Argentina,Web propia Da Ros Premoldeados,https://www.darospremoldeados.com.ar,"Sitio propio informa 100 años, productos agro/industria, envío propio, teléfono y dirección.",Alta,Nuevo enriquecimiento 2026-09-02,,,,
PRESOL-072,Pendiente,Río Cuarto / RN36 sur,Río Cuarto,Río Cuarto,A,100,Dexco Constructora,Constructora local,Obra / constructora,0358 4640139 / 0358 154869634,OK,tel:+543584640139,tel:+543584640139 | tel:+5493584869634,jefe de obra / logística,"Traslado de maquinaria, módulos de obrador, estructuras, equipos y cargas pesadas entre frentes.","Transporte de equipos, módulos de obrador, estructuras y materiales pesados; descarga o posicionamiento cuando aplique.",Tiene obras activas; pedir compras/operaciones.,Visita o llamada de validación; pedir próximo traslado concreto.,Validar contacto decisor y necesidad inmediata.,"https://www.google.com/maps/search/?api=1&query=-33.112715,-64.369622",constructoradexco.com/contacto,,Registro curado en documento de dirección PRESOL 2026-09.,Alta,Base curada PDF dirección,,,,
PRESOL-073,Pendiente,Río Cuarto / RN36 sur,Río Cuarto / Holmberg / General Cabrera,Río Cuarto,A,100,INCISA S.A. — División Hormigones,Hormigón elaborado / plantas y bombeo,Hormigón / áridos / premoldeados,3584 38 9870,OK,tel:+543584389870,tel:+543584389870,planta / mantenimiento / logística,"Movimiento de premoldeados, equipos de planta/cantera, bombas, moldes y cargas pesadas.",Transporte de premoldeados/equipos; áridos sueltos solo sujeto a validar caja volcadora o tercerización.,"Dos plantas estratégicas y planta móvil; puede requerir traslados de equipos, bombas y apoyo en obras.","Validar teléfono/contacto; si responde, pedir un caso concreto de traslado o próximo movimiento.",Confirmar decisor y vigencia del dato antes de incluir en salida prioritaria.,https://www.google.com/maps/search/?api=1&query=INCISA+S.A.+%E2%80%94+Divisi%C3%B3n+Hormigones+R%C3%ADo+Cuarto+C%C3%B3rdoba+Argentina,Web propia INCISA,https://incisa-sa.com/division-hormigones,"Sitio informa plantas Santa Catalina-Holmberg y General Cabrera, planta móvil, bombeo y teléfono de ventas.",Alta,Nuevo enriquecimiento 2026-09-02,,,,
PRESOL-074,Pendiente,Río Cuarto / RN36 sur,Río Cuarto,Río Cuarto,A,75,Luciano S.A.,Obra vial / UTE,Obra / constructora,A relevar,A relevar,,,jefe de obra / logística,"Traslado de maquinaria, módulos de obrador, estructuras, equipos y cargas pesadas entre frentes.","Transporte de equipos, módulos de obrador, estructuras y materiales pesados; descarga o posicionamiento cuando aplique.",Oferente/contratista; buscar obrador primero.,Visita o llamada de validación; pedir próximo traslado concreto.,Validar contacto decisor y necesidad inmediata.,"https://www.google.com/maps/search/?api=1&query=-33.111000,-64.329000",Construar / licitaciones,,Registro curado en documento de dirección PRESOL 2026-09.,Media,Base curada PDF dirección,,,,
PRESOL-075,Pendiente,Río Cuarto / RN36 sur,Río Cuarto,Río Cuarto,A,100,Marinelli S.A.,Áridos / hormigón / obras,Obra / constructora,0358 4647058,OK,tel:+543584647058,tel:+543584647058,jefe de obra / logística,"Traslado de maquinaria, módulos de obrador, estructuras, equipos y cargas pesadas entre frentes.","Transporte de equipos, módulos de obrador, estructuras y materiales pesados; descarga o posicionamiento cuando aplique.",Tiene cantera y flota; ofrecer respaldo/picos/traslados especiales.,Visita o llamada de validación; pedir próximo traslado concreto.,Validar contacto decisor y necesidad inmediata.,"https://www.google.com/maps/search/?api=1&query=-33.102771,-64.336058",marinellisa.store,,Registro curado en documento de dirección PRESOL 2026-09.,Alta,Base curada PDF dirección,,,,
PRESOL-076,Pendiente,Río Cuarto / RN36 sur,Río Cuarto,Río Cuarto,A,100,Paolini Hnos S.A.,Obra vial / constructora nacional,Obra / constructora,011 48779600,OK,tel:+541148779600,tel:+541148779600,jefe de obra / logística,"Traslado de maquinaria, módulos de obrador, estructuras, equipos y cargas pesadas entre frentes.","Transporte de equipos, módulos de obrador, estructuras y materiales pesados; descarga o posicionamiento cuando aplique.",Teléfono central; mejor entrar por obrador local.,Visita o llamada de validación; pedir próximo traslado concreto.,Validar contacto decisor y necesidad inmediata.,"https://www.google.com/maps/search/?api=1&query=-33.114000,-64.331000",paolini.com.ar,,Registro curado en documento de dirección PRESOL 2026-09.,Alta,Base curada PDF dirección,,,,
PRESOL-077,Pendiente,Río Cuarto / RN36 sur,Río Cuarto,Río Cuarto,A,100,Soardo Construcciones,Constructora local,Obra / constructora,0358 4166315,OK,tel:+543584166315,tel:+543584166315,jefe de obra / logística,"Traslado de maquinaria, módulos de obrador, estructuras, equipos y cargas pesadas entre frentes.","Transporte de equipos, módulos de obrador, estructuras y materiales pesados; descarga o posicionamiento cuando aplique.",Pedir responsable de obra; cotizar un próximo traslado.,Visita o llamada de validación; pedir próximo traslado concreto.,Validar contacto decisor y necesidad inmediata.,"https://www.google.com/maps/search/?api=1&query=-33.119000,-64.351000",soardoconstrucciones.site,,Registro curado en documento de dirección PRESOL 2026-09.,Alta,Base curada PDF dirección,,,,
PRESOL-078,Pendiente,Río Cuarto / RN36 sur,Alcira Gigena,Alcira Gigena,B,75,Cooperativa Alba de Gigena,Cooperativa agropecuaria,Agro / acopio / planta,0358 4960151,OK,tel:+543584960151,tel:+543584960151,responsable de acopio / mantenimiento,"Traslado de equipos de planta, silos, repuestos pesados, balanzas, implementos y cargas especiales.","Movimiento de equipos de planta, silos, balanzas, repuestos y cargas especiales para acopios/agroindustria.",Visita de diagnóstico; posible derivación a productores.,Visita o llamada de validación; pedir próximo traslado concreto.,Validar contacto decisor y necesidad inmediata.,"https://www.google.com/maps/search/?api=1&query=-32.757500,-64.335000",DNB / fuentes públicas,,Registro curado en documento de dirección PRESOL 2026-09.,Alta,Base curada PDF dirección,,,,
PRESOL-079,Pendiente,Río Cuarto / RN36 sur,Berrotarán,Berrotarán,B,75,Doble A Servicios Metalúrgicos,Zinguería / estructuras metálicas,Metalmecánica / despacho,358 4185826,OK,tel:+543584185826,tel:+543584185826,despacho / producción,"Despacho seguro de estructuras, carrozados, tanques, piezas industriales y equipos sobre plataforma.","Despacho de estructuras, tanques, transformadores, piezas de ingeniería y equipos sobre plataforma 20 tn.",Visitar y detectar obras/instalaciones próximas.,Visita o llamada de validación; pedir próximo traslado concreto.,Validar contacto decisor y necesidad inmediata.,"https://www.google.com/maps/search/?api=1&query=-32.452000,-64.388000",Facebook Doble A Servicios Metalúrgicos,,Registro curado en documento de dirección PRESOL 2026-09.,Alta,Base curada PDF dirección,,,,
PRESOL-080,Pendiente,Río Cuarto / RN36 sur,Chucul,Chucul,B,75,Cotagro — Sucursal Chucul,Acopio agropecuario,Agro / acopio / planta,0358 4912008 / 0358 4933333,OK,tel:+543584912008,tel:+543584912008 | tel:+543584933333,responsable de acopio / mantenimiento,"Traslado de equipos de planta, silos, repuestos pesados, balanzas, implementos y cargas especiales.","Movimiento de equipos de planta, silos, balanzas, repuestos y cargas especiales para acopios/agroindustria.",Punto de paso; no dedicar medio día.,Visita o llamada de validación; pedir próximo traslado concreto.,Validar contacto decisor y necesidad inmediata.,"https://www.google.com/maps/search/?api=1&query=-33.016000,-64.208000",Maptons / Cotagro,,Registro curado en documento de dirección PRESOL 2026-09.,Alta,Base curada PDF dirección,,,,
PRESOL-081,Pendiente,Río Cuarto / RN36 sur,Elena,Elena,B,75,Gliestore S.A.,Soja / alimentos / exportación,Industria / mantenimiento,0358 4641548 / 9358 4024598,OK,tel:+543584641548,tel:+543584641548 | tel:+5493584024598,responsable de acopio / mantenimiento,"Movimientos especiales de mantenimiento, repuestos pesados y mudanzas internas de equipos.","Movimiento de equipos de planta, silos, balanzas, repuestos y cargas especiales para acopios/agroindustria.",Empresa exportadora; preguntar por logística de equipos y planta.,Visita o llamada de validación; pedir próximo traslado concreto.,Validar contacto decisor y necesidad inmediata.,"https://www.google.com/maps/search/?api=1&query=-32.571800,-64.390000",Exportadores de Córdoba,,Registro curado en documento de dirección PRESOL 2026-09.,Alta,Base curada PDF dirección,,,,
PRESOL-082,Pendiente,Río Cuarto / RN36 sur,Las Higueras,Las Higueras,B,50,Parque Industrial y Logístico Las Higueras,Radicaciones / logística,Puerta institucional,A relevar vía municipio/parque,A relevar,,,despacho / producción,"Acceso a padrón de empresas radicadas, obras de infraestructura y derivaciones a responsables.","Despacho de estructuras, tanques, transformadores, piezas de ingeniería y equipos sobre plataforma 20 tn.",Pedir listado de empresas radicadas y obras en apertura de calles.,Visita o llamada de validación; pedir próximo traslado concreto.,Validar contacto decisor y necesidad inmediata.,"https://www.google.com/maps/search/?api=1&query=-33.093000,-64.288000",argentina.gob.ar / La Voz,,Registro curado en documento de dirección PRESOL 2026-09.,Media,Base curada PDF dirección,,,,
PRESOL-083,Pendiente,Río Cuarto / RN36 sur,Río Cuarto,Río Cuarto,B,75,Agrorio Maquinarias,Maquinaria agrícola,Industria / mantenimiento,03586 093110,OK,tel:+543586093110,tel:+543586093110,responsable de acopio / mantenimiento,"Movimientos especiales de mantenimiento, repuestos pesados y mudanzas internas de equipos.","Movimiento de equipos de planta, silos, balanzas, repuestos y cargas especiales para acopios/agroindustria.",Ofrecer PRESOL como transportista regional confiable.,Visita o llamada de validación; pedir próximo traslado concreto.,Validar contacto decisor y necesidad inmediata.,"https://www.google.com/maps/search/?api=1&query=-33.125500,-64.382000",Facebook AgroRío,,Registro curado en documento de dirección PRESOL 2026-09.,Alta,Base curada PDF dirección,,,,
PRESOL-084,Pendiente,Río Cuarto / RN36 sur,Río Cuarto,Río Cuarto,B,50,CARMIX S.R.L.,Premoldeados / pisos industriales / pavimento / silos,Agro / acopio / planta,A relevar,A relevar,,,despacho / obra,"Traslado de equipos de planta, silos, repuestos pesados, balanzas, implementos y cargas especiales.",Transporte de repuestos/equipos/silos/implementos + coordinación de retiro y descarga.,"Premoldeados, pisos industriales, pavimento y silos: potencial movimiento de piezas/equipos.","Validar teléfono/contacto; si responde, pedir un caso concreto de traslado o próximo movimiento.",Confirmar decisor y vigencia del dato antes de incluir en salida prioritaria.,https://www.google.com/maps/search/?api=1&query=CARMIX+S.R.L.+R%C3%ADo+Cuarto+C%C3%B3rdoba+Argentina,Guía de Río Cuarto / resultado de búsqueda,https://guia.deriocuarto.ar/carmix-srl-dd2328.html,"Resultado público describe premoldeados de hormigón, pisos industriales, pavimento, cordón cuneta y silos.",Media,Nuevo enriquecimiento 2026-09-02,,,,
PRESOL-085,Pendiente,Río Cuarto / RN36 sur,Río Cuarto,Río Cuarto,B,75,Capello S.A.,Constructora / corralón,Obra / constructora,0358 4645929,OK,tel:+543584645929,tel:+543584645929,jefe de obra / logística,"Traslado de maquinaria, módulos de obrador, estructuras, equipos y cargas pesadas entre frentes.","Transporte de equipos, módulos de obrador, estructuras y materiales pesados; descarga o posicionamiento cuando aplique.",Vender apoyo logístico para obras y compras pesadas.,Visita o llamada de validación; pedir próximo traslado concreto.,Validar contacto decisor y necesidad inmediata.,"https://www.google.com/maps/search/?api=1&query=-33.121500,-64.350500",guia.deriocuarto.ar,,Registro curado en documento de dirección PRESOL 2026-09.,Alta,Base curada PDF dirección,,,,
PRESOL-086,Pendiente,Río Cuarto / RN36 sur,Río Cuarto,Río Cuarto,B,75,Cotagro — Río Cuarto,Agro / fertilizantes / acopio,Agro / acopio / planta,0358 4933333,OK,tel:+543584933333,tel:+543584933333,responsable de acopio / mantenimiento,"Traslado de equipos de planta, silos, repuestos pesados, balanzas, implementos y cargas especiales.","Movimiento de equipos de planta, silos, balanzas, repuestos y cargas especiales para acopios/agroindustria.",Punto dentro de red Cotagro; usar puerta Alcira si funciona.,Visita o llamada de validación; pedir próximo traslado concreto.,Validar contacto decisor y necesidad inmediata.,"https://www.google.com/maps/search/?api=1&query=-33.118000,-64.322000",cotagroweb.com.ar/contacto,,Registro curado en documento de dirección PRESOL 2026-09.,Alta,Base curada PDF dirección,,,,
PRESOL-087,Pendiente,Río Cuarto / RN36 sur,Río Cuarto,Río Cuarto,B,75,Fontezuela Cereales,Acopio / cereales,Agro / acopio / planta,02477 497135/37,OK,tel:+542477497135,tel:+542477497135,responsable de acopio / mantenimiento,"Traslado de equipos de planta, silos, repuestos pesados, balanzas, implementos y cargas especiales.","Movimiento de equipos de planta, silos, balanzas, repuestos y cargas especiales para acopios/agroindustria.",Consultar frecuencia de movimientos especiales.,Visita o llamada de validación; pedir próximo traslado concreto.,Validar contacto decisor y necesidad inmediata.,"https://www.google.com/maps/search/?api=1&query=-33.123200,-64.345300",fontezuelacereales.com.ar,,Registro curado en documento de dirección PRESOL 2026-09.,Alta,Base curada PDF dirección,,,,
PRESOL-088,Pendiente,Río Cuarto / RN36 sur,Alcira Gigena,Alcira Gigena,C,30,3C Biogás S.A.,Energía / biogás,Industria / mantenimiento,A relevar,A relevar,,,despacho / producción,"Movimientos especiales de mantenimiento, repuestos pesados y mudanzas internas de equipos.","Despacho de estructuras, tanques, transformadores, piezas de ingeniería y equipos sobre plataforma 20 tn.",Prospecto técnico; validar contacto local en terreno.,Visita o llamada de validación; pedir próximo traslado concreto.,Validar contacto decisor y necesidad inmediata.,"https://www.google.com/maps/search/?api=1&query=-32.757000,-64.332000",UNRC / investigación web,,Registro curado en documento de dirección PRESOL 2026-09.,Media,Base curada PDF dirección,,,,
PRESOL-089,Pendiente,Río Cuarto / RN36 sur,Berrotarán,Berrotarán,C,30,Canteras/corralones locales,Áridos / materiales,Hormigón / áridos / premoldeados,A relevar,A relevar,,,planta / mantenimiento,"Movimiento de premoldeados, equipos de planta/cantera, bombas, moldes y cargas pesadas.",Movimiento de equipos de cantera/planta; transporte de material suelto sujeto a confirmar unidad o esquema operativo.,Relevamiento presencial: la web no muestra nombres confiables.,Visita o llamada de validación; pedir próximo traslado concreto.,Validar contacto decisor y necesidad inmediata.,"https://www.google.com/maps/search/?api=1&query=-32.452000,-64.384000",Relevamiento recomendado,,Registro curado en documento de dirección PRESOL 2026-09.,Media,Base curada PDF dirección,,,,
PRESOL-090,Pendiente,Villa María / RP6,Hernando,Hernando,A,100,Cooperativa Agrícola La Vencedora,Acopio / agroinsumos / combustible,Agro / acopio / planta,0353 4847133,OK,tel:+543534847133,tel:+543534847133,operaciones / entregas,"Traslado de equipos de planta, silos, repuestos pesados, balanzas, implementos y cargas especiales.","Entrega y descarga de módulos/containers con plataforma, malacate e hidrogrúa según maniobra.",Planta nueva 24.000 tn; pedir gerente Ariel Ferreyra.,Visita o llamada de validación; pedir próximo traslado concreto.,Validar contacto decisor y necesidad inmediata.,"https://www.google.com/maps/search/?api=1&query=-32.426000,-63.733000",Facebook / LinkedIn La Vencedora,,Registro curado en documento de dirección PRESOL 2026-09.,Alta,Base curada PDF dirección,,,,
PRESOL-091,Pendiente,Villa María / RP6,Tío Pujio,Tío Pujio,A,100,ACA — Centro de Desarrollo Comercial Tío Pujio,Acopio gigante / agro,Agro / acopio / planta,353 5622710 / 0353 4860518 / 0353 4860519,OK,tel:+543535622710,tel:+543535622710 | tel:+543534860518 | tel:+543534860519,responsable de acopio / mantenimiento,"Traslado de equipos de planta, silos, repuestos pesados, balanzas, implementos y cargas especiales.","Movimiento de equipos de planta, silos, balanzas, repuestos y cargas especiales para acopios/agroindustria.",Pedir Mario Peppino / responsable logística; no ir sin ficha.,Visita o llamada de validación; pedir próximo traslado concreto.,Validar contacto decisor y necesidad inmediata.,"https://www.google.com/maps/search/?api=1&query=-32.288000,-63.356000",Instagram CDC / cooptiopujio.com,,Registro curado en documento de dirección PRESOL 2026-09.,Alta,Base curada PDF dirección,,,,
PRESOL-092,Pendiente,Villa María / RP6,Villa María,Villa María,A,75,Héctor A. Bertone S.A.,Acopio / logística granaria,Agro / acopio / planta,A relevar,A relevar,,,responsable de acopio / mantenimiento,"Traslado de equipos de planta, silos, repuestos pesados, balanzas, implementos y cargas especiales.","Movimiento de equipos de planta, silos, balanzas, repuestos y cargas especiales para acopios/agroindustria.",Pedir responsable de logística/acopio; teléfono a relevar.,Visita o llamada de validación; pedir próximo traslado concreto.,Validar contacto decisor y necesidad inmediata.,"https://www.google.com/maps/search/?api=1&query=-32.389000,-63.251000",HAB / LinkedIn logística,,Registro curado en documento de dirección PRESOL 2026-09.,Media,Base curada PDF dirección,,,,
PRESOL-093,Pendiente,Villa María / RP6,Villa María,Villa María,A,100,Industrias Cormetal S.A.,Metalmecánica / estructuras,Metalmecánica / despacho,0353 4610900 / 0353 6567355,OK,tel:+543534610900,tel:+543534610900 | tel:+543536567355,despacho / producción,"Despacho seguro de estructuras, carrozados, tanques, piezas industriales y equipos sobre plataforma.","Despacho de estructuras, tanques, transformadores, piezas de ingeniería y equipos sobre plataforma 20 tn.",Pedir responsable de logística/despachos.,Visita o llamada de validación; pedir próximo traslado concreto.,Validar contacto decisor y necesidad inmediata.,"https://www.google.com/maps/search/?api=1&query=-32.385796,-63.267403",guiademantenimiento.com / cormetal.com.ar,,Registro curado en documento de dirección PRESOL 2026-09.,Alta,Base curada PDF dirección,,,,
PRESOL-094,Pendiente,Villa María / RP6,Villa María,Villa María,A,100,Mayo Transformadores S.R.L.,Transformadores / metalmecánica,Metalmecánica / despacho,0353 4647606,OK,tel:+543534647606,tel:+543534647606,despacho / producción,"Despacho seguro de estructuras, carrozados, tanques, piezas industriales y equipos sobre plataforma.","Despacho de estructuras, tanques, transformadores, piezas de ingeniería y equipos sobre plataforma 20 tn.",Seguro de carga + GPS como argumento fuerte.,Visita o llamada de validación; pedir próximo traslado concreto.,Validar contacto decisor y necesidad inmediata.,"https://www.google.com/maps/search/?api=1&query=-32.423000,-63.205000",pilt.com.ar,,Registro curado en documento de dirección PRESOL 2026-09.,Alta,Base curada PDF dirección,,,,
PRESOL-095,Pendiente,Villa María / RP6,PILT Villa María,Villa María,A,100,Metalúrgica JAP / MJAP,"Carrozados, trailers, estructuras y reparación de camiones",Metalmecánica / despacho,+54 35 3656-3732 / +54 35 3565-7977,OK,tel:+543536563732,tel:+543536563732 | tel:+543535657977,Juan / Ronald / producción,"Despacho seguro de estructuras, carrozados, tanques, piezas industriales y equipos sobre plataforma.",Plataforma 20 tn para piezas/estructuras + seguro de carga + trazabilidad GPS.,"Fabrica carrozados, acoplados, estructuras para montacargas y carrocerías volcadoras; encaje directo con PRESOL.","Validar teléfono/contacto; si responde, pedir un caso concreto de traslado o próximo movimiento.",Confirmar decisor y vigencia del dato antes de incluir en salida prioritaria.,https://www.google.com/maps/search/?api=1&query=Metal%C3%BArgica+JAP+%2F+MJAP+Villa+Mar%C3%ADa+C%C3%B3rdoba+Argentina,Web MJAP + PILT,https://metalurgicajap.com,"Web propia informa teléfonos, servicios y dirección; PILT confirma nueva planta y rubro.",Alta,Nuevo enriquecimiento 2026-09-02,,,,
PRESOL-096,Pendiente,Villa María / RP6,Villa María,Villa María,A,100,Salsiteco S.A.,Constructora / movimiento de suelo,Obra / constructora,0353 4524006 / 0353 5006023,OK,tel:+543534524006,tel:+543534524006 | tel:+543535006023,jefe de obra / logística,"Traslado de maquinaria, módulos de obrador, estructuras, equipos y cargas pesadas entre frentes.","Transporte de equipos, módulos de obrador, estructuras y materiales pesados; descarga o posicionamiento cuando aplique.",Muy buen encaje con obras viales; pedir jefe de obra.,Visita o llamada de validación; pedir próximo traslado concreto.,Validar contacto decisor y necesidad inmediata.,"https://www.google.com/maps/search/?api=1&query=-32.412000,-63.236000",salsiteco.com.ar,,Registro curado en documento de dirección PRESOL 2026-09.,Alta,Base curada PDF dirección,,,,
PRESOL-097,Pendiente,Villa María / RP6,PILT Villa María,Villa María,A,85,Terramar Logística SRL / Terminal Villa María,Terminal de contenedores / logística,Módulos / containers,0353 4533821,VER,tel:+543534533821,tel:+543534533821,operaciones terminal / logística,"Entrega, descarga y posicionamiento de módulos/containers en obra o cliente final.","Plataforma + malacate + hidrogrúa para retiro, traslado, descarga y posicionamiento.","Terminal interior de contenedores: oportunidad para traslados, entrega, retiro y apoyo de maniobras.","Validar teléfono/contacto; si responde, pedir un caso concreto de traslado o próximo movimiento.",Confirmar decisor y vigencia del dato antes de incluir en salida prioritaria.,https://www.google.com/maps/search/?api=1&query=Terramar+Log%C3%ADstica+SRL+%2F+Terminal+Villa+Mar%C3%ADa+Villa+Mar%C3%ADa+C%C3%B3rdoba+Argentina,Web Terramar / resultado de búsqueda,https://www.terramarlogistica.com.ar/contenedoresvillamaria,"Sitio informa recepción, administración, reparación y entrega de contenedores en PILT; teléfono aparece en resultado público.",Media,Nuevo enriquecimiento 2026-09-02,,,,
PRESOL-098,Pendiente,Villa María / RP6,Almafuerte,Almafuerte,B,75,Cooperativa Agropecuaria Almafuerte,Acopio / semillas / agroinsumos,Agro / acopio / planta,03571 471182,OK,tel:+543571471182,tel:+543571471182,operaciones / entregas,"Traslado de equipos de planta, silos, repuestos pesados, balanzas, implementos y cargas especiales.","Entrega y descarga de módulos/containers con plataforma, malacate e hidrogrúa según maniobra.",100.000 tn acopiadas; preguntar ampliaciones/mantenimiento.,Visita o llamada de validación; pedir próximo traslado concreto.,Validar contacto decisor y necesidad inmediata.,"https://www.google.com/maps/search/?api=1&query=-32.192000,-64.255000",essapp.coop / Coop. Almafuerte,,Registro curado en documento de dirección PRESOL 2026-09.,Alta,Base curada PDF dirección,,,,
PRESOL-099,Pendiente,Villa María / RP6,Hernando,Hernando,B,75,Agrohernando,Acopio / granos / insumos,Agro / acopio / planta,0353 4960418,OK,tel:+543534960418,tel:+543534960418,responsable de acopio / mantenimiento,"Traslado de equipos de planta, silos, repuestos pesados, balanzas, implementos y cargas especiales.","Movimiento de equipos de planta, silos, balanzas, repuestos y cargas especiales para acopios/agroindustria.",Empresa familiar 20 años; pedir responsable de operaciones.,Visita o llamada de validación; pedir próximo traslado concreto.,Validar contacto decisor y necesidad inmediata.,"https://www.google.com/maps/search/?api=1&query=-32.428000,-63.730000",agrohernando.com.ar,,Registro curado en documento de dirección PRESOL 2026-09.,Alta,Base curada PDF dirección,,,,
PRESOL-100,Pendiente,Villa María / RP6,Hernando,Hernando,B,75,Industria Metal-Her,Implementos agrícolas / tolvas,Industria / mantenimiento,0353 156568385 / 0353 4846509,OK,tel:+5493536568385,tel:+5493536568385 | tel:+543534846509,responsable de acopio / mantenimiento,"Movimientos especiales de mantenimiento, repuestos pesados y mudanzas internas de equipos.","Movimiento de equipos de planta, silos, balanzas, repuestos y cargas especiales para acopios/agroindustria.",Muy buen encaje para entregas a clientes y ferias.,Visita o llamada de validación; pedir próximo traslado concreto.,Validar contacto decisor y necesidad inmediata.,"https://www.google.com/maps/search/?api=1&query=-32.424000,-63.737000",Facebook Industria Metal-Her,,Registro curado en documento de dirección PRESOL 2026-09.,Alta,Base curada PDF dirección,,,,
PRESOL-101,Pendiente,Villa María / RP6,Tío Pujio,Tío Pujio,B,75,Metalúrgica Jor-Ba / Grupo Tío Pujio,Metalúrgica / extrusado soja,Metalmecánica / despacho,03573 402941,OK,tel:+543573402941,tel:+543573402941,responsable de acopio / mantenimiento,"Despacho seguro de estructuras, carrozados, tanques, piezas industriales y equipos sobre plataforma.","Movimiento de equipos de planta, silos, balanzas, repuestos y cargas especiales para acopios/agroindustria.",Validar si operación está en Tío Pujio o Villa del Rosario.,Visita o llamada de validación; pedir próximo traslado concreto.,Validar contacto decisor y necesidad inmediata.,"https://www.google.com/maps/search/?api=1&query=-32.290000,-63.352000",Facebook Metalúrgica Jor-Ba,,Registro curado en documento de dirección PRESOL 2026-09.,Alta,Base curada PDF dirección,,,,
PRESOL-102,Pendiente,Villa María / RP6,Villa María,Villa María,B,75,Carra Sanitarios,Materiales / sanitario / obra,Industria / mantenimiento,0353 4125456,OK,tel:+543534125456,tel:+543534125456,responsable de logística/compras,"Movimientos especiales de mantenimiento, repuestos pesados y mudanzas internas de equipos.",Detectar el próximo movimiento pesado y convertirlo en cotización concreta.,Ubicado sobre corredor; preguntar fletes a clientes/obras.,Visita o llamada de validación; pedir próximo traslado concreto.,Validar contacto decisor y necesidad inmediata.,"https://www.google.com/maps/search/?api=1&query=-32.421000,-63.232000",carrasanitarios.com.ar,,Registro curado en documento de dirección PRESOL 2026-09.,Alta,Base curada PDF dirección,,,,
PRESOL-103,Pendiente,Villa María / RP6,Villa María,Villa María,B,60,Ceuta Contenedores,Contenedores y obradores,Módulos / containers,0353 154139159,VER,tel:+5493534139159,tel:+5493534139159,operaciones / entregas,"Entrega, descarga y posicionamiento de módulos/containers en obra o cliente final.","Plataforma + malacate + hidrogrúa para retiro, traslado, descarga y posicionamiento.",Proveedor de contenedores/obradores: posible necesidad de transporte y posicionamiento.,"Validar teléfono/contacto; si responde, pedir un caso concreto de traslado o próximo movimiento.",Confirmar decisor y vigencia del dato antes de incluir en salida prioritaria.,https://www.google.com/maps/search/?api=1&query=Ceuta+Contenedores+Villa+Mar%C3%ADa+C%C3%B3rdoba+Argentina,Buscador5900 / resultado de búsqueda,https://www.buscador5900.com.ar/construccion/contenedores-y-obradores,Directorio local informa rubro contenedores/obradores y teléfono; verificar antes de visita.,Media,Nuevo enriquecimiento 2026-09-02,,,,
PRESOL-104,Pendiente,Villa María / RP6,Villa María,Villa María,B,75,DM Constructora,Constructora,Obra / constructora,0353 4260498,OK,tel:+543534260498,tel:+543534260498,jefe de obra / logística,"Traslado de maquinaria, módulos de obrador, estructuras, equipos y cargas pesadas entre frentes.","Transporte de equipos, módulos de obrador, estructuras y materiales pesados; descarga o posicionamiento cuando aplique.",Pedir responsable de compras/obra.,Visita o llamada de validación; pedir próximo traslado concreto.,Validar contacto decisor y necesidad inmediata.,"https://www.google.com/maps/search/?api=1&query=-32.408066,-63.245873",dmconstructora.com.ar,,Registro curado en documento de dirección PRESOL 2026-09.,Alta,Base curada PDF dirección,,,,
PRESOL-105,Pendiente,Villa María / RP6,Villa María,Villa María,B,75,Dipromas S.R.L.,Metalmecánica / PILT,Metalmecánica / despacho,0353 4296608,OK,tel:+543534296608,tel:+543534296608,despacho / producción,"Despacho seguro de estructuras, carrozados, tanques, piezas industriales y equipos sobre plataforma.","Despacho de estructuras, tanques, transformadores, piezas de ingeniería y equipos sobre plataforma 20 tn.",Visita dentro del PILT; pedir compras/logística.,Visita o llamada de validación; pedir próximo traslado concreto.,Validar contacto decisor y necesidad inmediata.,"https://www.google.com/maps/search/?api=1&query=-32.421000,-63.203000",pilt.com.ar,,Registro curado en documento de dirección PRESOL 2026-09.,Alta,Base curada PDF dirección,,,,
PRESOL-106,Pendiente,Villa María / RP6,Villa María,Villa María,B,75,Frigorífico La Pequeña S.R.L.,Alimenticia / frigorífico,Industria / mantenimiento,0353 154197312,OK,tel:+5493534197312,tel:+5493534197312,despacho / producción,"Movimientos especiales de mantenimiento, repuestos pesados y mudanzas internas de equipos.","Despacho de estructuras, tanques, transformadores, piezas de ingeniería y equipos sobre plataforma 20 tn.",No vender frío común; vender movimientos especiales.,Visita o llamada de validación; pedir próximo traslado concreto.,Validar contacto decisor y necesidad inmediata.,"https://www.google.com/maps/search/?api=1&query=-32.420000,-63.209000",pilt.com.ar,,Registro curado en documento de dirección PRESOL 2026-09.,Alta,Base curada PDF dirección,,,,
PRESOL-107,Pendiente,Villa María / RP6,Villa María,Villa María,B,75,Ghio Construcciones,Constructora / desarrollos,Obra / constructora,0353 4016390,OK,tel:+543534016390,tel:+543534016390,jefe de obra / logística,"Traslado de maquinaria, módulos de obrador, estructuras, equipos y cargas pesadas entre frentes.","Transporte de equipos, módulos de obrador, estructuras y materiales pesados; descarga o posicionamiento cuando aplique.",Solicitar próximo traslado de obra.,Visita o llamada de validación; pedir próximo traslado concreto.,Validar contacto decisor y necesidad inmediata.,"https://www.google.com/maps/search/?api=1&query=-32.415019,-63.237719",Instagram Ghio Construcciones,,Registro curado en documento de dirección PRESOL 2026-09.,Alta,Base curada PDF dirección,,,,
PRESOL-108,Pendiente,Villa María / RP6,PILT / administración parque,Villa María,B,60,PILT Villa María — Administración,Puerta institucional / parque industrial,Puerta institucional,0353 4618698 / 0353 4608191,VER,tel:+543534618698,tel:+543534618698 | tel:+543534608191,administración / listado empresas,"Acceso a padrón de empresas radicadas, obras de infraestructura y derivaciones a responsables.",Pedir listado de empresas/obras y ofrecer PRESOL como proveedor logístico regional.,Puerta para pedir padrón actualizado de empresas y obras de infraestructura dentro del parque.,"Validar teléfono/contacto; si responde, pedir un caso concreto de traslado o próximo movimiento.",Confirmar decisor y vigencia del dato antes de incluir en salida prioritaria.,https://www.google.com/maps/search/?api=1&query=PILT+Villa+Mar%C3%ADa+%E2%80%94+Administraci%C3%B3n+Villa+Mar%C3%ADa+C%C3%B3rdoba+Argentina,PILT / X público / web PILT,https://pilt.com.ar,PILT publica datos de contacto en búsquedas y concentra 224 lotes; sirve como puerta institucional.,Media,Nuevo enriquecimiento 2026-09-02,,,,
PRESOL-109,Pendiente,Villa María / RP6,Villa María,Villa María,B,75,S.A. Molinos Fénix,Molino / alimentos,Industria / mantenimiento,0353 4533573,OK,tel:+543534533573,tel:+543534533573,mantenimiento / compras,"Movimientos especiales de mantenimiento, repuestos pesados y mudanzas internas de equipos.","Traslados especiales de mantenimiento, repuestos pesados, mudanzas internas y cargas con seguro/GPS.",Preguntar por movimientos de maquinaria/planta.,Visita o llamada de validación; pedir próximo traslado concreto.,Validar contacto decisor y necesidad inmediata.,"https://www.google.com/maps/search/?api=1&query=-32.410000,-63.246000",molinosfenix.com.ar,,Registro curado en documento de dirección PRESOL 2026-09.,Alta,Base curada PDF dirección,,,,
PRESOL-110,Pendiente,Villa María / RP6,Villa María,Villa María,B,75,Sarmiento Materiales,Corralón / materiales,Hormigón / áridos / premoldeados,0353 4610259 / 0353 4112139,OK,tel:+543534610259,tel:+543534610259 | tel:+543534112139,despacho / producción,"Movimiento de premoldeados, equipos de planta/cantera, bombas, moldes y cargas pesadas.","Despacho de estructuras, tanques, transformadores, piezas de ingeniería y equipos sobre plataforma 20 tn.",Cotizar reparto pesado fuera de zona o picos.,Visita o llamada de validación; pedir próximo traslado concreto.,Validar contacto decisor y necesidad inmediata.,"https://www.google.com/maps/search/?api=1&query=-32.411372,-63.226831",sarmientomateriales / directorio,,Registro curado en documento de dirección PRESOL 2026-09.,Alta,Base curada PDF dirección,,,,
PRESOL-111,Pendiente,Villa María / RP6,Villa María,Villa María,B,75,Stainless Steel Manufacturers S.R.L.,Acero inoxidable / fabricación,Industria / mantenimiento,0353 4792885,OK,tel:+543534792885,tel:+543534792885,despacho / producción,"Movimientos especiales de mantenimiento, repuestos pesados y mudanzas internas de equipos.","Despacho de estructuras, tanques, transformadores, piezas de ingeniería y equipos sobre plataforma 20 tn.",Posicionar transporte seguro para piezas terminadas.,Visita o llamada de validación; pedir próximo traslado concreto.,Validar contacto decisor y necesidad inmediata.,"https://www.google.com/maps/search/?api=1&query=-32.425000,-63.207000",pilt.com.ar,,Registro curado en documento de dirección PRESOL 2026-09.,Alta,Base curada PDF dirección,,,,
PRESOL-112,Pendiente,Villa María / RP6,Villa María,Villa María,B,75,Villa María Cereales,Acopio / agroinsumos,Agro / acopio / planta,03535 656802,OK,tel:+543535656802,tel:+543535656802,responsable de acopio / mantenimiento,"Traslado de equipos de planta, silos, repuestos pesados, balanzas, implementos y cargas especiales.","Movimiento de equipos de planta, silos, balanzas, repuestos y cargas especiales para acopios/agroindustria.",RN 9 km 553; consultar próximos movimientos.,Visita o llamada de validación; pedir próximo traslado concreto.,Validar contacto decisor y necesidad inmediata.,"https://www.google.com/maps/search/?api=1&query=-32.386500,-63.260000",Facebook Villa María Cereales,,Registro curado en documento de dirección PRESOL 2026-09.,Alta,Base curada PDF dirección,,,,
PRESOL-113,Pendiente,Villa María / RP6,Hernando,Hernando,C,30,AgroServ S.R.L.,Concesionario maquinaria agrícola,Industria / mantenimiento,A relevar,A relevar,,,responsable de acopio / mantenimiento,"Movimientos especiales de mantenimiento, repuestos pesados y mudanzas internas de equipos.","Movimiento de equipos de planta, silos, balanzas, repuestos y cargas especiales para acopios/agroindustria.",Concesionario Super Walter; relevar contacto directo.,Visita o llamada de validación; pedir próximo traslado concreto.,Validar contacto decisor y necesidad inmediata.,"https://www.google.com/maps/search/?api=1&query=-32.429500,-63.734500",Instagram AgroServ,,Registro curado en documento de dirección PRESOL 2026-09.,Media,Base curada PDF dirección,,,,
PRESOL-114,Pendiente,Villa María / RP6,Hernando,Hernando,C,40,Her.Agro Maquinarias,Maquinaria agrícola nueva/usada,Industria / mantenimiento,3535 690587 (a confirmar),VER,tel:+543535690587,tel:+543535690587,responsable de acopio / mantenimiento,"Movimientos especiales de mantenimiento, repuestos pesados y mudanzas internas de equipos.","Movimiento de equipos de planta, silos, balanzas, repuestos y cargas especiales para acopios/agroindustria.",Entrar con cotización para próximos movimientos.,Visita o llamada de validación; pedir próximo traslado concreto.,Validar contacto decisor y necesidad inmediata.,"https://www.google.com/maps/search/?api=1&query=-32.422000,-63.731000",Facebook Her.Agro,,Registro curado en documento de dirección PRESOL 2026-09.,Media,Base curada PDF dirección,,,,
PRESOL-115,Pendiente,Villa María / RP6,Villa María,Villa María,C,30,Contemar,Contenedores y obradores,Módulos / containers,A relevar,A relevar,,,operaciones / entregas,"Entrega, descarga y posicionamiento de módulos/containers en obra o cliente final.","Plataforma + malacate + hidrogrúa para retiro, traslado, descarga y posicionamiento.",Validar si opera contenedores/obradores y si terceriza logística.,"Validar teléfono/contacto; si responde, pedir un caso concreto de traslado o próximo movimiento.",Confirmar decisor y vigencia del dato antes de incluir en salida prioritaria.,https://www.google.com/maps/search/?api=1&query=Contemar+Villa+Mar%C3%ADa+C%C3%B3rdoba+Argentina,Buscador5900 / resultado de búsqueda,https://www.buscador5900.com.ar/construccion/contenedores-y-obradores,Directorio local menciona Contemar en construcción/contenedores; datos incompletos.,Media,Nuevo enriquecimiento 2026-09-02,,,,
PRESOL-116,Pendiente,Villa María / RP6,Villa María,Villa María,C,40,Hans Aberturas SRL,Metalmecánica / aberturas,Metalmecánica / despacho,+54 353 4446515,VER,tel:+543534446515,tel:+543534446515,producción / despacho,"Despacho seguro de estructuras, carrozados, tanques, piezas industriales y equipos sobre plataforma.",Plataforma 20 tn para piezas/estructuras + seguro de carga + trazabilidad GPS.,Taller metalúrgico local; visitar solo si queda dentro de recorrido PILT/Villa María.,"Validar teléfono/contacto; si responde, pedir un caso concreto de traslado o próximo movimiento.",Confirmar decisor y vigencia del dato antes de incluir en salida prioritaria.,https://www.google.com/maps/search/?api=1&query=Hans+Aberturas+SRL+Villa+Mar%C3%ADa+C%C3%B3rdoba+Argentina,Metalmecánica.com / resultado de búsqueda,https://www.metalmecanica.com/villa-mar%C3%ADa/fabricantes,Resultado público lo lista como taller metalúrgico en Villa María con teléfono.,Media,Nuevo enriquecimiento 2026-09-02,,,,
PRESOL-117,Pendiente,Villa María / RP6,Villa María,Villa María,C,55,San Borg Internacional / Laboratorios Weende,Laboratorio alimentos/agro,Agro / acopio / planta,0353 4531453,OK,tel:+543534531453,tel:+543534531453,responsable de acopio / mantenimiento,"Traslado de equipos de planta, silos, repuestos pesados, balanzas, implementos y cargas especiales.","Movimiento de equipos de planta, silos, balanzas, repuestos y cargas especiales para acopios/agroindustria.",Visita solo si queda en ruta PILT.,Visita o llamada de validación; pedir próximo traslado concreto.,Validar contacto decisor y necesidad inmediata.,"https://www.google.com/maps/search/?api=1&query=-32.412500,-63.247000",sanborginternacional.com.ar,,Registro curado en documento de dirección PRESOL 2026-09.,Alta,Base curada PDF dirección,,,,
