id,estado_contacto,corridor,micro_zone,city,priority,score_operativo,name,sector,segmento_comercial,phone,phone_quality,telefono_principal_tel,tel_links,ask_for,need_probable,offer,hook,accion_sugerida,dato_pendiente,google_maps,source,source_url,evidencia,calidad_dato,origen_registro,resultado,fecha_visita,proximo_paso,notas_campo,servicios_presol_a_ofrecer,rubro_foco_enriquecimiento,ciudad_foco_solicitada,prioridad_visita_sugerida,observacion_servicio_nuevo
PRESOL-001,Pendiente,Base Río Tercero,Río Tercero,Río Tercero,A,85,ESISA,Viviendas/módulos industrializados,Módulos / containers,Portería parque: 03571 565662; mail esisaservicios@gmail.com,VER,tel:+543571565662,tel:+543571565662,operaciones / entregas,"Entrega, descarga y posicionamiento de módulos/containers en obra o cliente final.","Plataforma + malacate + hidrogrúa para retiro, traslado, descarga y posicionamiento.",Socio natural para entregas de módulos a obra.,Visita o llamada de validación; pedir próximo traslado concreto.,Validar contacto decisor y necesidad inmediata.,"https://www.google.com/maps/search/?api=1&query=-32.182000,-64.107000",Parque Industrial Río Tercero,,Registro curado en documento de dirección PRESOL 2026-09.,Media,Base curada PDF dirección,,,,,plataforma | hidrogrúa | percha para pallets,otro rubro factible,Sí,Muy alta,
PRESOL-121,Pendiente,Base Río Tercero,Parque Industrial Leonardo Da Vinci,Río Tercero,A,96,HORMIWORK S.A.,Premoldeados de hormigón pulido,Hormigón / áridos / premoldeados,03571 565662 (portería parque),VER,tel:+543571565662,tel:+543571565662,planta / despacho,"Movimiento de áridos, premoldeados, equipos de planta/cantera, moldes, bolsones y materiales de obra.","Transporte de áridos/materiales, premoldeados y equipos; hidrogrúa para carga/descarga y percha para pallets.","Premoldeados de hormigón: encaje directo para plataforma, hidrogrúa y eventuales áridos/materiales.",Pedir por despacho/planta y relevar si usan flete propio o tercerizado para piezas premoldeadas.,Conseguir teléfono directo comercial; la ficha pública trae correo y dirección.,https://www.google.com/maps/search/?api=1&query=HORMIWORK+S.A.+R%C3%ADo+Tercero+C%C3%B3rdoba+Argentina,Parque Industrial Río Tercero,https://parqueindustrial.riotercero.gob.ar/empresa/HORMIWORK-S.A.,Ficha del parque: fabricación de premoldeados de hormigón pulido; dirección E. del Campo 1271; contacto hormiwork@gmail.com.,Media,Nuevo enriquecimiento zonas priorizadas 2026-09,,,,,transporte de áridos/materiales | hidrogrúa para carga/descarga | percha para pallets/bolsones,áridos/construcción/premoldeados,Sí,Muy alta,"Para áridos, validar modalidad de carga/descarga y tipo de unidad requerida antes de cotizar."
PRESOL-002,Pendiente,Base Río Tercero,Río Tercero,Río Tercero,A,100,Hormicor,Hormigón elaborado,Hormigón / áridos / premoldeados,03571 500888 / 03571 510066,OK,tel:+543571500888,tel:+543571500888 | tel:+543571510066,planta / mantenimiento,"Movimiento de áridos, premoldeados, equipos de planta/cantera, moldes, bolsones y materiales de obra.","Transporte de áridos/materiales, premoldeados y equipos; hidrogrúa para carga/descarga y percha para pallets.",Ofrecer respaldo para picos de obra y traslados de equipos.,Visita o llamada de validación; pedir próximo traslado concreto.,Validar contacto decisor y necesidad inmediata.,"https://www.google.com/maps/search/?api=1&query=-32.178000,-64.111000",hormigonelaborado.com / Hormicor,,Registro curado en documento de dirección PRESOL 2026-09.,Alta,Base curada PDF dirección,,,,,transporte de áridos/materiales | hidrogrúa para carga/descarga | percha para pallets/bolsones,áridos/construcción/premoldeados,Sí,Muy alta,"Para áridos, validar modalidad de carga/descarga y tipo de unidad requerida antes de cotizar."
PRESOL-003,Pendiente,Base Río Tercero,Río Tercero,Río Tercero,A,75,IMBAL S.A.,Estructuras metálicas / montaje,Metalmecánica / despacho,A relevar en terreno,A relevar,,,despacho / producción,"Despacho de implementos, agropartes, tolvas, estructuras, piezas industriales y maquinaria sobre plataforma.","Plataforma 20 tn + hidrogrúa + percha para pallets para implementos, agropartes y piezas industriales.",Fabrican y montan; pedir responsable de despacho/montaje.,Visita o llamada de validación; pedir próximo traslado concreto.,Validar contacto decisor y necesidad inmediata.,"https://www.google.com/maps/search/?api=1&query=-32.180000,-64.106000",Parque Industrial Río Tercero / LinkedIn comercial,,Registro curado en documento de dirección PRESOL 2026-09.,Media,Base curada PDF dirección,,,,,plataforma 20 tn para maquinaria/piezas | hidrogrúa para maniobras | percha para pallets,otro rubro factible,Sí,Alta,
PRESOL-004,Pendiente,Base Río Tercero,Río Tercero,Río Tercero,A,100,Metalúrgica Novaretti,Recipientes y equipos metalmecánicos,Metalmecánica / despacho,03571 414282 / 03571 606930,OK,tel:+543571414282,tel:+543571414282 | tel:+543571606930,despacho / producción,"Despacho de implementos, agropartes, tolvas, estructuras, piezas industriales y maquinaria sobre plataforma.","Plataforma 20 tn + hidrogrúa + percha para pallets para implementos, agropartes y piezas industriales.",Cotizar despacho recurrente a plantas/obras.,Visita o llamada de validación; pedir próximo traslado concreto.,Validar contacto decisor y necesidad inmediata.,"https://www.google.com/maps/search/?api=1&query=-32.169000,-64.117000",novaretti.com.ar,,Registro curado en documento de dirección PRESOL 2026-09.,Alta,Base curada PDF dirección,,,,,plataforma 20 tn para maquinaria/piezas | hidrogrúa para maniobras | percha para pallets,otro rubro factible,Sí,Muy alta,
PRESOL-005,Pendiente,Base Río Tercero,Parque Industrial Leonardo Da Vinci,Río Tercero,A,100,Metalúrgica Río Tercero S.A.,"Equipamiento minero, vial y agroindustrial / fundición",Agro / acopio / planta,03571 430558,OK,tel:+543571430558,tel:+543571430558,despacho / producción,"Traslado de insumos, pallets, fertilizantes, repuestos pesados, silos/equipos y apoyo de mantenimiento en planta.","Plataforma + percha pallets + hidrogrúa/barquilla para insumos, repuestos, silos/equipos y mantenimiento.","Produce equipamiento e insumos para minería, vial y agroindustria; encaje directo con cargas pesadas.","Validar teléfono/contacto; si responde, pedir un caso concreto de traslado o próximo movimiento.",Confirmar decisor y vigencia del dato antes de incluir en salida prioritaria.,https://www.google.com/maps/search/?api=1&query=Metal%C3%BArgica+R%C3%ADo+Tercero+S.A.+R%C3%ADo+Tercero+C%C3%B3rdoba+Argentina,Maquinac / Parque Industrial Río Tercero,https://maquinac.com/empresas/metalurgica-rio-tercero,"Maquinac informa dirección en Parque Industrial, teléfono y rubro minero/vial/agroindustrial.",Alta,Nuevo enriquecimiento 2026-09-02,,,,,plataforma | hidrogrúa | percha para pallets,otro rubro factible,Sí,Muy alta,"Percha para pallets: útil para insumos, bolsones, repuestos y materiales palletizados."
PRESOL-006,Pendiente,Base Río Tercero,Río Tercero / Av. Savio,Río Tercero,A,100,NT Construcciones,Obras civiles industriales / montaje,Obra / constructora,+54 9 3571 597645,OK,tel:+5493571597645,tel:+5493571597645,operaciones / jefe de obra,"Traslado de áridos/materiales, maquinaria, módulos de obrador, estructuras y cargas pesadas entre frentes.",Transporte de áridos/materiales y cargas de obra + hidrogrúa/barquilla/percha pallets según necesidad.,"Obras civiles industriales, montaje de naves y mantenimiento en complejos fabriles; clientes industriales regionales.","Validar teléfono/contacto; si responde, pedir un caso concreto de traslado o próximo movimiento.",Confirmar decisor y vigencia del dato antes de incluir en salida prioritaria.,https://www.google.com/maps/search/?api=1&query=NT+Construcciones+R%C3%ADo+Tercero+C%C3%B3rdoba+Argentina,Web propia NT Construcciones,https://ntconstrucciones.com,"Servicios: obras civiles industriales, estructuras de hormigón, montaje de naves; teléfono y oficina publicados.",Alta,Nuevo enriquecimiento 2026-09-02,,,,,plataforma | hidrogrúa | percha para pallets,otro rubro factible,Sí,Muy alta,
PRESOL-007,Pendiente,Base Río Tercero,Río Tercero,Río Tercero,A,100,Tres Eme S.A.,Silos y mecanización,Agro / acopio / planta,03571 432190 / 03571 637720,OK,tel:+543571432190,tel:+543571432190 | tel:+543571637720,responsable de acopio / mantenimiento,"Traslado de insumos, pallets, fertilizantes, repuestos pesados, silos/equipos y apoyo de mantenimiento en planta.","Plataforma + percha pallets + hidrogrúa/barquilla para insumos, repuestos, silos/equipos y mantenimiento.",Ofrecer flete + descarga/posicionamiento en obra rural.,Visita o llamada de validación; pedir próximo traslado concreto.,Validar contacto decisor y necesidad inmediata.,"https://www.google.com/maps/search/?api=1&query=-32.181000,-64.103000",parqueindustrial.riotercero.gob.ar/empresa/Tres-Eme-S.A.,,Registro curado en documento de dirección PRESOL 2026-09.,Alta,Base curada PDF dirección,,,,,plataforma | hidrogrúa | percha para pallets,otro rubro factible,Sí,Muy alta,
PRESOL-008,Pendiente,Base Río Tercero,Río Tercero,Río Tercero,A,100,Vial del Centro,Obras de infraestructura vial,Obra / constructora,0351 6411413,OK,tel:+543516411413,tel:+543516411413,operaciones / entregas,"Traslado de áridos/materiales, maquinaria, módulos de obrador, estructuras y cargas pesadas entre frentes.",Transporte de áridos/materiales y cargas de obra + hidrogrúa/barquilla/percha pallets según necesidad.,Pedir próximo movimiento de maquinaria entre frentes.,Visita o llamada de validación; pedir próximo traslado concreto.,Validar contacto decisor y necesidad inmediata.,"https://www.google.com/maps/search/?api=1&query=-32.183000,-64.101000",Parque Industrial Río Tercero,,Registro curado en documento de dirección PRESOL 2026-09.,Alta,Base curada PDF dirección,,,,,plataforma | hidrogrúa | percha para pallets,otro rubro factible,Sí,Muy alta,
PRESOL-009,Pendiente,Base Río Tercero,Río Tercero,Río Tercero,B,50,Atanor / Albaugh,Química / agroquímicos,Agro / acopio / planta,A relevar,A relevar,,,responsable de acopio / mantenimiento,"Traslado de insumos, pallets, fertilizantes, repuestos pesados, silos/equipos y apoyo de mantenimiento en planta.","Plataforma + percha pallets + hidrogrúa/barquilla para insumos, repuestos, silos/equipos y mantenimiento.",No vender por puerta fría baja; pedir compras/mantenimiento.,Visita o llamada de validación; pedir próximo traslado concreto.,Validar contacto decisor y necesidad inmediata.,"https://www.google.com/maps/search/?api=1&query=-32.173000,-64.110000",Albaugh / noticias sectoriales,,Registro curado en documento de dirección PRESOL 2026-09.,Media,Base curada PDF dirección,,,,,plataforma | hidrogrúa | percha para pallets,otro rubro factible,Sí,Media,"Percha para pallets: útil para insumos, bolsones, repuestos y materiales palletizados."
PRESOL-010,Pendiente,Base Río Tercero,Río Tercero,Río Tercero,B,60,Baudino Hnos.,Estructuras metálicas,Metalmecánica / despacho,03571 15600693 / 3571 457279 / 3571 458732,VER,tel:+5493571600693,tel:+5493571600693 | tel:+543571457279 | tel:+543571458732,despacho / producción,"Despacho de implementos, agropartes, tolvas, estructuras, piezas industriales y maquinaria sobre plataforma.","Plataforma 20 tn + hidrogrúa + percha para pallets para implementos, agropartes y piezas industriales.",Estructuras metálicas locales; buen encaje para transporte de piezas y montaje.,"Validar teléfono/contacto; si responde, pedir un caso concreto de traslado o próximo movimiento.",Confirmar decisor y vigencia del dato antes de incluir en salida prioritaria.,https://www.google.com/maps/search/?api=1&query=Baudino+Hnos.+R%C3%ADo+Tercero+C%C3%B3rdoba+Argentina,Web pública Baudino Hnos. / resultado de búsqueda,https://baudinohnos.wixsite.com/baudinohnos,Resultado público indica dirección y teléfonos; verificar vigencia antes de visita.,Media,Nuevo enriquecimiento 2026-09-02,,,,,plataforma 20 tn para maquinaria/piezas | hidrogrúa para maniobras | percha para pallets,otro rubro factible,Sí,Media,
PRESOL-011,Pendiente,Base Río Tercero,Parque Industrial Leonardo Da Vinci,Río Tercero,B,50,Bravo Gustavo y Guillermo,Premoldeados,Hormigón / áridos / premoldeados,A relevar vía parque,A relevar,,,planta / despacho,"Movimiento de áridos, premoldeados, equipos de planta/cantera, moldes, bolsones y materiales de obra.","Transporte de áridos/materiales, premoldeados y equipos; hidrogrúa para carga/descarga y percha para pallets.",Premoldeados locales: potencial de transporte de piezas y reparto pesado regional.,"Validar teléfono/contacto; si responde, pedir un caso concreto de traslado o próximo movimiento.",Confirmar decisor y vigencia del dato antes de incluir en salida prioritaria.,https://www.google.com/maps/search/?api=1&query=Bravo+Gustavo+y+Guillermo+R%C3%ADo+Tercero+C%C3%B3rdoba+Argentina,Parque Industrial Río Tercero,https://parqueindustrial.riotercero.gob.ar/empresas,Listado del parque indica fabricación de premoldeados.,Media,Nuevo enriquecimiento 2026-09-02,,,,,transporte de áridos/materiales | hidrogrúa para carga/descarga | percha para pallets/bolsones,áridos/construcción/premoldeados,Sí,Media,
PRESOL-012,Pendiente,Base Río Tercero,Río Tercero,Río Tercero,B,60,Charrúa Implementos Agrícolas,Implementos agrícolas,Industria / mantenimiento,+54 9 3571 61 9149 / +54 9 3571 31 0086,OK,tel:+5493571619149,tel:+5493571619149 | tel:+5493571310086,responsable de acopio / mantenimiento,"Despacho de implementos, agropartes, tolvas, estructuras, piezas industriales y maquinaria sobre plataforma.","Plataforma 20 tn + hidrogrúa + percha para pallets para implementos, agropartes y piezas industriales.",Pedir frecuencia de entregas a concesionarios/campos.,Visita o llamada de validación; pedir próximo traslado concreto.,Preguntar por despachos de barre rastrojos/cuerpos de siembra y piezas palletizadas.,"https://www.google.com/maps/search/?api=1&query=-32.168609,-64.118792",Web propia Charrúa Implementos Agrícolas,https://charruaimplementosagricolas.com.ar,"Sitio propio: Catamarca 2167, Parque Industrial Río Tercero; teléfonos +54 9 3571 61-9149 / 31-0086; implementos agrícolas.",Media,Base curada PDF dirección | Actualizado zonas priorizadas 2026-09,,,,,plataforma 20 tn para maquinaria/piezas | hidrogrúa para maniobras | percha para pallets,fabricante/servicio maquinaria agrícola,Sí,Alta,
PRESOL-013,Pendiente,Base Río Tercero,Parque Industrial Leonardo Da Vinci,Río Tercero,B,50,Construcciones Sermanter S.R.L.,"Construcción, montaje y mantenimiento",Metalmecánica / despacho,A relevar vía parque,A relevar,,,jefe de obra / mantenimiento,"Movimientos especiales de mantenimiento, repuestos pesados y mudanzas internas de equipos.","Traslados especiales con plataforma, hidrogrúa, percha para pallets y trazabilidad GPS.","Constructor/montajista local: puede demandar traslado de equipos, estructuras y materiales pesados.","Validar teléfono/contacto; si responde, pedir un caso concreto de traslado o próximo movimiento.",Confirmar decisor y vigencia del dato antes de incluir en salida prioritaria.,https://www.google.com/maps/search/?api=1&query=Construcciones+Sermanter+S.R.L.+R%C3%ADo+Tercero+C%C3%B3rdoba+Argentina,Parque Industrial Río Tercero,https://parqueindustrial.riotercero.gob.ar/empresas,"Empresa listada en Parque Industrial como construcción, montaje y mantenimiento.",Media,Nuevo enriquecimiento 2026-09-02,,,,,plataforma | hidrogrúa | percha para pallets,otro rubro factible,Sí,Media,
PRESOL-014,Pendiente,Base Río Tercero,Parque Industrial Leonardo Da Vinci,Río Tercero,B,50,Fabri-Mec,Tornería / hoyadoras hidráulicas para grúas y minicargadoras,Industria / mantenimiento,03571 412302 / 03571 579685,OK,tel:+543571412302,tel:+543571412302 | tel:+543571579685,Marcelo Fabián Chalpe / producción / despacho,"Despacho de implementos, agropartes, tolvas, estructuras, piezas industriales y maquinaria sobre plataforma.","Plataforma 20 tn + hidrogrúa + percha para pallets para implementos, agropartes y piezas industriales.",Fabrica implementos hidráulicos vinculados a grúas/minicargadoras; probable movimiento de piezas/equipos.,"Validar teléfono/contacto; si responde, pedir un caso concreto de traslado o próximo movimiento.",Validar si despacha hoyadoras completas o piezas; encaje especial con hidrogrúa.,https://www.google.com/maps/search/?api=1&query=Fabri-Mec+R%C3%ADo+Tercero+C%C3%B3rdoba+Argentina,Parque Industrial Río Tercero,https://parqueindustrial.riotercero.gob.ar/empresa/Fabri-Mec,"Ficha del parque: hoyadoras hidráulicas adaptables a grúas, minicargadoras y tractores; teléfonos 03571412302 / 03571579685.",Media,Nuevo enriquecimiento 2026-09-02 | Actualizado zonas priorizadas 2026-09,,,,,plataforma 20 tn para maquinaria/piezas | hidrogrúa para maniobras | percha para pallets,fabricante/servicio maquinaria agrícola,Sí,Alta,
PRESOL-015,Pendiente,Base Río Tercero,Río Tercero,Río Tercero,B,50,Fábrica Militar Río Tercero,Industria estatal / metalmecánica pesada,Metalmecánica / despacho,A relevar,A relevar,,,despacho / producción,"Despacho de implementos, agropartes, tolvas, estructuras, piezas industriales y maquinaria sobre plataforma.","Plataforma 20 tn + hidrogrúa + percha para pallets para implementos, agropartes y piezas industriales.",Entrar por proveedores/subcontratistas antes que compra directa estatal.,Visita o llamada de validación; pedir próximo traslado concreto.,Validar contacto decisor y necesidad inmediata.,"https://www.google.com/maps/search/?api=1&query=-32.181966,-64.113216",Fabricaciones Militares / informes previos,,Registro curado en documento de dirección PRESOL 2026-09.,Media,Base curada PDF dirección,,,,,plataforma 20 tn para maquinaria/piezas | hidrogrúa para maniobras | percha para pallets,otro rubro factible,Sí,Media,
PRESOL-016,Pendiente,Base Río Tercero,Río Tercero,Río Tercero,B,60,HIDROSERVIS,Cilindros hidráulicos,Industria / mantenimiento,Portería parque: 03571 565662,VER,tel:+543571565662,tel:+543571565662,responsable de logística/compras,"Movimientos especiales de mantenimiento, repuestos pesados y mudanzas internas de equipos.","Traslados especiales con plataforma, hidrogrúa, percha para pallets y trazabilidad GPS.",Ofrecer servicio de retiro/entrega de equipos pesados.,Visita o llamada de validación; pedir próximo traslado concreto.,Validar contacto decisor y necesidad inmediata.,"https://www.google.com/maps/search/?api=1&query=-32.181800,-64.104800",Parque Industrial Río Tercero,,Registro curado en documento de dirección PRESOL 2026-09.,Media,Base curada PDF dirección,,,,,plataforma | hidrogrúa | percha para pallets,otro rubro factible,Sí,Media,
PRESOL-017,Pendiente,Base Río Tercero,Río Tercero,Río Tercero,B,75,Hidrobull,Accesorios para minicargadoras,Industria / mantenimiento,03571 549612,OK,tel:+543571549612,tel:+543571549612,responsable de logística/compras,"Movimientos especiales de mantenimiento, repuestos pesados y mudanzas internas de equipos.","Traslados especiales con plataforma, hidrogrúa, percha para pallets y trazabilidad GPS.",Preguntar si entregan accesorios con terceros.,Visita o llamada de validación; pedir próximo traslado concreto.,Validar contacto decisor y necesidad inmediata.,"https://www.google.com/maps/search/?api=1&query=-32.171500,-64.116500",Facebook Hidrobull,,Registro curado en documento de dirección PRESOL 2026-09.,Alta,Base curada PDF dirección,,,,,plataforma | hidrogrúa | percha para pallets,otro rubro factible,Sí,Alta,
PRESOL-018,Pendiente,Base Río Tercero,Río Tercero,Río Tercero,B,60,Hormilas S.A.,Hormigón elaborado,Hormigón / áridos / premoldeados,03571 573231 (a confirmar),VER,tel:+543571573231,tel:+543571573231,operaciones / planta,"Movimiento de áridos, premoldeados, equipos de planta/cantera, moldes, bolsones y materiales de obra.","Transporte de áridos/materiales, premoldeados y equipos; hidrogrúa para carga/descarga y percha para pallets.",Visita breve: detectar si tercerizan fletes de planta.,Visita o llamada de validación; pedir próximo traslado concreto.,Validar contacto decisor y necesidad inmediata.,"https://www.google.com/maps/search/?api=1&query=-32.163876,-64.106999",Parque Industrial Río Tercero / búsqueda web,,Registro curado en documento de dirección PRESOL 2026-09.,Media,Base curada PDF dirección,,,,,transporte de áridos/materiales | hidrogrúa para carga/descarga | percha para pallets/bolsones,áridos/construcción/premoldeados,Sí,Media,"Para áridos, validar modalidad de carga/descarga y tipo de unidad requerida antes de cotizar."
PRESOL-119,Pendiente,Base Río Tercero,Río Tercero / piletas y PRFV,Río Tercero,B,81,Indusplast Río Tercero,Piletas de fibra / plástico reforzado,Piletas / PRFV / plástico reforzado,+54 3571 57-5556,VER,tel:+543571575556,tel:+543571575556,ventas / dueño,"Retiro, traslado y descarga de piletas/fibra o piezas voluminosas livianas, con cuidado de maniobra.",Plataforma + hidrogrúa para trasladar y descargar piletas/piezas PRFV; coordinar maniobra sin golpes.,Fabricación/venta de piscinas de fibra; encaje para plataforma e hidrogrúa en temporada.,Verificar teléfono por llamado corto y preguntar por entregas a clientes finales.,Confirmar dirección operativa y si mueve cascos completos.,https://www.google.com/maps/search/?api=1&query=Indusplast+R%C3%ADo+Tercero+R%C3%ADo+Tercero+C%C3%B3rdoba+Argentina,Facebook público / resultado de búsqueda,https://www.facebook.com/indusplastrio3?locale=es_LA,Resultado público informa Indusplast Río Tercero y contacto +54 3571 57-5556; rubro piscinas de fibra.,Media,Nuevo enriquecimiento zonas priorizadas 2026-09,,,,,plataforma para piletas/fibra | hidrogrúa para descarga/posicionamiento,piletas/plástico/PRFV,Sí,Alta,
PRESOL-120,Pendiente,Base Río Tercero,Parque Industrial / PRFV,Río Tercero,B,85,J.A.F. Plásticos Reforzados,Plástico reforzado con fibra de vidrio / PRFV / piezas industriales y piletas,Piletas / PRFV / plástico reforzado,3571 533624 / 3571 579801 / portería parque 03571 565662,OK,tel:+543571533624,tel:+543571533624 | tel:+543571579801 | tel:+543571565662,producción / logística,"Retiro, traslado y descarga de piletas/fibra o piezas voluminosas livianas, con cuidado de maniobra.",Plataforma + hidrogrúa para trasladar y descargar piletas/piezas PRFV; coordinar maniobra sin golpes.,"PRFV con aplicaciones industriales, tanques, piletones y piletas; piezas voluminosas de bajo peso con necesidad de cuidado en maniobra.",Pedir por producción/logística y consultar si tercerizan traslados de piezas PRFV o entregas especiales.,Confirmar punto operativo: ficha del parque Río Tercero y web con domicilio en Almafuerte.,https://www.google.com/maps/search/?api=1&query=J.A.F.+Pl%C3%A1sticos+Reforzados+R%C3%ADo+Tercero+C%C3%B3rdoba+Argentina,Web propia + Parque Industrial Río Tercero,https://jafplasticosreforzados.com,"Web informa PRFV, piletas/piezas, transporte/logística propia y teléfonos 3571 533624 / 3571 579801; ficha parque lista J.A.F. Plásticos Reforzados.",Alta,Nuevo enriquecimiento zonas priorizadas 2026-09,,,,,plataforma para piletas/fibra | hidrogrúa para descarga/posicionamiento,piletas/plástico/PRFV,Sí,Alta,
PRESOL-019,Pendiente,Base Río Tercero,Parque Industrial Leonardo Da Vinci,Río Tercero,B,50,LiftingMach S.A.,Autoelevadores / maquinaria industrial,Industria / mantenimiento,A relevar vía parque,A relevar,,,despacho / producción,"Movimientos especiales de mantenimiento, repuestos pesados y mudanzas internas de equipos.","Traslados especiales con plataforma, hidrogrúa, percha para pallets y trazabilidad GPS.",Fabricación de autoelevadores vinculada a Metalúrgica Río Tercero / LiuGong; posible movimiento de equipos.,"Validar teléfono/contacto; si responde, pedir un caso concreto de traslado o próximo movimiento.",Confirmar decisor y vigencia del dato antes de incluir en salida prioritaria.,https://www.google.com/maps/search/?api=1&query=LiftingMach+S.A.+R%C3%ADo+Tercero+C%C3%B3rdoba+Argentina,Parque Industrial Río Tercero / Maquinac,https://parqueindustrial.riotercero.gob.ar/empresas,Listado de empresas del Parque Industrial; Maquinac menciona conformación LiftingMach para autoelevadores.,Media,Nuevo enriquecimiento 2026-09-02,,,,,plataforma | hidrogrúa | percha para pallets,otro rubro factible,Sí,Media,
PRESOL-020,Pendiente,Base Río Tercero,Río Tercero,Río Tercero,B,75,MetalMec S.R.L.,Implementos y accesorios,Industria / mantenimiento,03571 681577 / 03571 506656,OK,tel:+543571681577,tel:+543571681577 | tel:+543571506656,despacho / producción,"Despacho de implementos, agropartes, tolvas, estructuras, piezas industriales y maquinaria sobre plataforma.","Plataforma 20 tn + hidrogrúa + percha para pallets para implementos, agropartes y piezas industriales.",Ofrecer retiro/entrega con monitoreo GPS.,Visita o llamada de validación; pedir próximo traslado concreto.,Validar contacto decisor y necesidad inmediata.,"https://www.google.com/maps/search/?api=1&query=-32.170500,-64.118500",Facebook MetalMec,,Registro curado en documento de dirección PRESOL 2026-09.,Alta,Base curada PDF dirección,,,,,plataforma 20 tn para maquinaria/piezas | hidrogrúa para maniobras | percha para pallets,fabricante/servicio maquinaria agrícola,Sí,Alta,
PRESOL-021,Pendiente,Base Río Tercero,Río Tercero,Río Tercero,B,75,Oleos San José S.R.L.,Extrusado/aceite de soja,Industria / mantenimiento,03571 692471 / 03571 640630,OK,tel:+543571692471,tel:+543571692471 | tel:+543571640630,responsable de acopio / mantenimiento,"Movimientos especiales de mantenimiento, repuestos pesados y mudanzas internas de equipos.","Traslados especiales con plataforma, hidrogrúa, percha para pallets y trazabilidad GPS.",Entrar por mantenimiento/planta.,Visita o llamada de validación; pedir próximo traslado concreto.,Validar contacto decisor y necesidad inmediata.,"https://www.google.com/maps/search/?api=1&query=-32.182600,-64.102500",Parque Industrial Río Tercero,,Registro curado en documento de dirección PRESOL 2026-09.,Alta,Base curada PDF dirección,,,,,plataforma | hidrogrúa | percha para pallets,otro rubro factible,Sí,Alta,
PRESOL-022,Pendiente,Base Río Tercero,Parque Industrial Leonardo Da Vinci,Río Tercero,B,50,PROMETVA S.R.L.,Ingeniería / fabricación industrial,Industria / mantenimiento,A relevar vía parque,A relevar,,,despacho / producción,"Movimientos especiales de mantenimiento, repuestos pesados y mudanzas internas de equipos.","Traslados especiales con plataforma, hidrogrúa, percha para pallets y trazabilidad GPS.","Ingeniería y fabricación: potencial despacho de piezas, estructuras o equipos.","Validar teléfono/contacto; si responde, pedir un caso concreto de traslado o próximo movimiento.",Confirmar decisor y vigencia del dato antes de incluir en salida prioritaria.,https://www.google.com/maps/search/?api=1&query=PROMETVA+S.R.L.+R%C3%ADo+Tercero+C%C3%B3rdoba+Argentina,Parque Industrial Río Tercero,https://parqueindustrial.riotercero.gob.ar/empresas,Listado del parque indica experiencia en ingeniería y fabricación.,Media,Nuevo enriquecimiento 2026-09-02,,,,,plataforma | hidrogrúa | percha para pallets,otro rubro factible,Sí,Media,
PRESOL-023,Pendiente,Base Río Tercero,Parque Industrial Leonardo Da Vinci,Río Tercero,B,75,Río Metal,Estructuras metálicas,Metalmecánica / despacho,+54 9 3571 52-9444,OK,tel:+5493571529444,tel:+5493571529444,despacho / producción,"Despacho de implementos, agropartes, tolvas, estructuras, piezas industriales y maquinaria sobre plataforma.","Plataforma 20 tn + hidrogrúa + percha para pallets para implementos, agropartes y piezas industriales.",Fabricación de estructuras metálicas: posible salida de piezas a obra.,"Validar teléfono/contacto; si responde, pedir un caso concreto de traslado o próximo movimiento.",Confirmar decisor y vigencia del dato antes de incluir en salida prioritaria.,https://www.google.com/maps/search/?api=1&query=R%C3%ADo+Metal+R%C3%ADo+Tercero+C%C3%B3rdoba+Argentina,Parque Industrial Río Tercero / Facebook público,https://parqueindustrial.riotercero.gob.ar/empresas,Listado del parque + ficha social pública con teléfono informado.,Alta,Nuevo enriquecimiento 2026-09-02,,,,,plataforma 20 tn para maquinaria/piezas | hidrogrúa para maniobras | percha para pallets,otro rubro factible,Sí,Alta,
PRESOL-024,Pendiente,Base Río Tercero,Parque Industrial Leonardo Da Vinci,Río Tercero,B,50,Taller Sarmiento,Servicios industriales / mantenimiento,Industria / mantenimiento,A relevar vía parque,A relevar,,,mantenimiento / compras,"Movimientos especiales de mantenimiento, repuestos pesados y mudanzas internas de equipos.","Traslados especiales con plataforma, hidrogrúa, percha para pallets y trazabilidad GPS.",Prestación de servicios industriales dentro del parque; posible movimiento de equipos o repuestos pesados.,"Validar teléfono/contacto; si responde, pedir un caso concreto de traslado o próximo movimiento.",Confirmar decisor y vigencia del dato antes de incluir en salida prioritaria.,https://www.google.com/maps/search/?api=1&query=Taller+Sarmiento+R%C3%ADo+Tercero+C%C3%B3rdoba+Argentina,Parque Industrial Río Tercero,https://parqueindustrial.riotercero.gob.ar/empresas,Empresa listada en Parque Industrial: servicios industriales desde 1992.,Media,Nuevo enriquecimiento 2026-09-02,,,,,plataforma | hidrogrúa | percha para pallets,otro rubro factible,Sí,Media,
PRESOL-118,Pendiente,Base Río Tercero,Río Tercero / piletas y PRFV,Río Tercero,B,85,Tecnipiscinas,Piletas de fibra / piscinas / accesorios,Piletas / PRFV / plástico reforzado,+54 3571 412563,OK,tel:+543571412563,tel:+543571412563,ventas / logística / dueño,"Retiro, traslado y descarga de piletas/fibra o piezas voluminosas livianas, con cuidado de maniobra.",Plataforma + hidrogrúa para trasladar y descargar piletas/piezas PRFV; coordinar maniobra sin golpes.,Piletas de fibra y equipamiento; traslado y descarga de cascos/piezas voluminosas puede tercerizarse por temporada.,Llamar y preguntar por entregas fuera de Río Tercero y si tercerizan traslado/descarga de cascos.,Confirmar si fabrica localmente o actúa como punto de venta y volumen mensual de entregas.,https://www.google.com/maps/search/?api=1&query=Tecnipiscinas+R%C3%ADo+Tercero+C%C3%B3rdoba+Argentina,Web propia / Moldear,https://www.tecnipiscinas.com.ar,"Contacto publicado: Av. Pío X 485, Río Tercero; teléfono +54 3571 412563; rubro piscinas.",Alta,Nuevo enriquecimiento zonas priorizadas 2026-09,,,,,plataforma para piletas/fibra | hidrogrúa para descarga/posicionamiento,piletas/plástico/PRFV,Sí,Alta,
PRESOL-025,Pendiente,Base Río Tercero,Río Tercero,Río Tercero,C,40,Grupo AVO S.A.,Aceite de soja / balanceados,Industria / mantenimiento,Portería parque: 03571 565662,VER,tel:+543571565662,tel:+543571565662,responsable de acopio / mantenimiento,"Movimientos especiales de mantenimiento, repuestos pesados y mudanzas internas de equipos.","Traslados especiales con plataforma, hidrogrúa, percha para pallets y trazabilidad GPS.",Visitar si queda en ruta del parque.,Visita o llamada de validación; pedir próximo traslado concreto.,Validar contacto decisor y necesidad inmediata.,"https://www.google.com/maps/search/?api=1&query=-32.175431,-64.127787",Parque Industrial Río Tercero,,Registro curado en documento de dirección PRESOL 2026-09.,Media,Base curada PDF dirección,,,,,plataforma | hidrogrúa | percha para pallets,otro rubro factible,Sí,Baja / visitar solo por cercanía,
PRESOL-026,Pendiente,Base Río Tercero,Parque Industrial Leonardo Da Vinci,Río Tercero,C,30,Transporte Sosa,Fabricación y reparación de cajas volcadoras,Industria / mantenimiento,A relevar vía parque,A relevar,,,dueño / taller,"Movimientos especiales de mantenimiento, repuestos pesados y mudanzas internas de equipos.","Traslados especiales con plataforma, hidrogrúa, percha para pallets y trazabilidad GPS.",Contacto útil para validar/tercerizar caja volcadora o entender oferta local de volcadoras.,"Validar teléfono/contacto; si responde, pedir un caso concreto de traslado o próximo movimiento.",Confirmar decisor y vigencia del dato antes de incluir en salida prioritaria.,https://www.google.com/maps/search/?api=1&query=Transporte+Sosa+R%C3%ADo+Tercero+C%C3%B3rdoba+Argentina,Parque Industrial Río Tercero,https://parqueindustrial.riotercero.gob.ar/empresas,Listado del parque indica fabricación y reparación de cajas volcadoras.,Media,Nuevo enriquecimiento 2026-09-02,,,,,plataforma | hidrogrúa | percha para pallets,otro rubro factible,Sí,Baja / visitar solo por cercanía,
PRESOL-027,Pendiente,Base Río Tercero,Parque Industrial Leonardo Da Vinci,Río Tercero,C,30,Volonte Marcelo,"Arenado, pintura industrial y servicio de izaje",Industria / mantenimiento,A relevar vía parque,A relevar,,,operaciones / taller,"Movimientos especiales de mantenimiento, repuestos pesados y mudanzas internas de equipos.","Traslados especiales con plataforma, hidrogrúa, percha para pallets y trazabilidad GPS.","Más que cliente, posible referencia/alianza/competencia para izajes y maniobras.","Validar teléfono/contacto; si responde, pedir un caso concreto de traslado o próximo movimiento.",Confirmar decisor y vigencia del dato antes de incluir en salida prioritaria.,https://www.google.com/maps/search/?api=1&query=Volonte+Marcelo+R%C3%ADo+Tercero+C%C3%B3rdoba+Argentina,Parque Industrial Río Tercero,https://parqueindustrial.riotercero.gob.ar/empresas,"Listado del parque: arenado, pintura industrial y servicio de izaje.",Media,Nuevo enriquecimiento 2026-09-02,,,,,plataforma | hidrogrúa | percha para pallets,otro rubro factible,Sí,Baja / visitar solo por cercanía,
PRESOL-028,Pendiente,Base Río Tercero,Río Tercero,Río Tercero,C,30,Áridos S.A.,Áridos / cantera,Hormigón / áridos / premoldeados,A relevar,A relevar,,,planta / mantenimiento,"Movimiento de áridos, premoldeados, equipos de planta/cantera, moldes, bolsones y materiales de obra.","Transporte de áridos/materiales, premoldeados y equipos; hidrogrúa para carga/descarga y percha para pallets.",Solo vender si se confirma caja volcadora o servicio tercerizable.,Visita o llamada de validación; pedir próximo traslado concreto.,Validar contacto decisor y necesidad inmediata.,"https://www.google.com/maps/search/?api=1&query=-32.175149,-64.110626",EMIS / Instagram @aridos.sa,,Registro curado en documento de dirección PRESOL 2026-09.,Media,Base curada PDF dirección,,,,,transporte de áridos/materiales | hidrogrúa para carga/descarga | percha para pallets/bolsones,áridos/construcción/premoldeados,Sí,Baja / visitar solo por cercanía,"Para áridos, validar modalidad de carga/descarga y tipo de unidad requerida antes de cotizar."
PRESOL-029,Pendiente,Corralito / acceso secundario RN36,Corralito · S-253 / S-372 hacia Autovía 36,Corralito,A,100,AGD — Planta de Acopio Corralito,Acopio agroindustrial,Agro / acopio / planta,03571 492144 / 492172 / 492228,OK,tel:+543571492144,tel:+543571492144,responsable de acopio / mantenimiento,"Traslado de insumos, pallets, fertilizantes, repuestos pesados, silos/equipos y apoyo de mantenimiento en planta.","Plataforma + percha pallets + hidrogrúa/barquilla para insumos, repuestos, silos/equipos y mantenimiento.",Acopio AGD; pedir operaciones/mantenimiento.,Visita o llamada de validación; pedir próximo traslado concreto.,Validar contacto decisor y necesidad inmediata.,"https://www.google.com/maps/search/?api=1&query=-32.022500,-64.191000",agd.com.ar/es/corralito-acopio,,Registro curado en documento de dirección PRESOL 2026-09.,Alta,Base curada PDF dirección,,,,,percha para pallets de insumos | hidrogrúa para equipos/mantenimiento | barquilla para trabajos en altura,cooperativa/acopio,,Muy alta,"Si se ofrece barquilla, validar condiciones de seguridad, seguro y habilitación de maniobra. Percha para pallets: útil para insumos, bolsones, repuestos y materiales palletizados."
PRESOL-030,Pendiente,Corralito / acceso secundario RN36,Corralito · S-253 / S-372 hacia Autovía 36,Corralito,B,75,Trisoil S.A.,Alimentos balanceados / aceite,Agro / acopio / planta,03571 502525 / 502526,OK,tel:+543571502525,tel:+543571502525,mantenimiento / compras,"Traslado de insumos, pallets, fertilizantes, repuestos pesados, silos/equipos y apoyo de mantenimiento en planta.","Plataforma + percha pallets + hidrogrúa/barquilla para insumos, repuestos, silos/equipos y mantenimiento.",Ofrecer fletes de repuestos/equipos y cargas especiales.,Visita o llamada de validación; pedir próximo traslado concreto.,Validar contacto decisor y necesidad inmediata.,"https://www.google.com/maps/search/?api=1&query=-32.030000,-64.183000",trisoil.com.ar,,Registro curado en documento de dirección PRESOL 2026-09.,Alta,Base curada PDF dirección,,,,,percha para pallets de insumos | hidrogrúa para equipos/mantenimiento | barquilla para trabajos en altura,planta agroindustrial,,Alta,"Percha para pallets: útil para insumos, bolsones, repuestos y materiales palletizados."
PRESOL-031,Pendiente,Corralito / acceso secundario RN36,Tancacha / RP6 - satélite agroindustrial,Tancacha,B,50,ACOGRA,Fertilizantes líquidos / agroindustria,Agro / acopio / planta,A relevar,A relevar,,,planta / logística,"Traslado de insumos, pallets, fertilizantes, repuestos pesados, silos/equipos y apoyo de mantenimiento en planta.","Plataforma + percha pallets + hidrogrúa/barquilla para insumos, repuestos, silos/equipos y mantenimiento.","Producción de fertilizantes líquidos; validar movimientos de insumos, tanques, equipos y mantenimiento.","Validar teléfono/contacto; si responde, pedir un caso concreto de traslado o próximo movimiento.",Confirmar decisor y vigencia del dato antes de incluir en salida prioritaria.,https://www.google.com/maps/search/?api=1&query=ACOGRA+Tancacha+C%C3%B3rdoba+Argentina,Instagram público / resultado de búsqueda,https://www.instagram.com/reel/DQet3NikYDU?hl=en,Resultado público menciona empresa de Tancacha que produce fertilizantes líquidos y exporta.,Media,Nuevo enriquecimiento 2026-09-02,,,,,percha para pallets de insumos | hidrogrúa para equipos/mantenimiento | barquilla para trabajos en altura,planta agroindustrial,Sí,Media,"Percha para pallets: útil para insumos, bolsones, repuestos y materiales palletizados."
PRESOL-032,Pendiente,Corralito / acceso secundario RN36,Tancacha / RP6 - satélite agroindustrial,Tancacha,B,50,Agricultores Unidos de Tancacha Coop. Agrícola Ltda.,Cooperativa agropecuaria / insumos,Agro / acopio / planta,03571 460109 / 03571 460298 / 03571 460112,OK,tel:+543571460109,tel:+543571460109 | tel:+543571460298 | tel:+543571460112,acopio / insumos / mantenimiento,"Traslado de insumos, pallets, fertilizantes, repuestos pesados, silos/equipos y apoyo de mantenimiento en planta.","Plataforma + percha pallets + hidrogrúa/barquilla para insumos, repuestos, silos/equipos y mantenimiento.","Cooperativa local: posible entrada por insumos, acopio y mantenimiento.","Validar teléfono/contacto; si responde, pedir un caso concreto de traslado o próximo movimiento.","Preguntar si tercerizan picos de flete, pallets de agroinsumos y mantenimiento con barquilla.",https://www.google.com/maps/search/?api=1&query=Agricultores+Unidos+de+Tancacha+Coop.+Agr%C3%ADcola+Ltda.+Tancacha+C%C3%B3rdoba+Argentina,Web propia Agricultores Unidos de Tancacha,https://agricultoresunidos.com.ar/contacto,"Sitio propio: administración 03571 460109; planta central 03571 460298; planta Ex-Junta 03571 460112; acopio, agroinsumos, corralón y flota propia.",Media,Nuevo enriquecimiento 2026-09-02 | Actualizado zonas priorizadas 2026-09,,,,,percha para pallets de insumos | hidrogrúa para equipos/mantenimiento | barquilla para trabajos en altura,cooperativa/acopio,Sí,Alta,"Si se ofrece barquilla, validar condiciones de seguridad, seguro y habilitación de maniobra. Percha para pallets: útil para insumos, bolsones, repuestos y materiales palletizados."
PRESOL-033,Pendiente,Corralito / acceso secundario RN36,Tancacha / RP6 - satélite agroindustrial,Tancacha,B,75,Alimentos Tancacha,Alimentos balanceados / planta industrial,Agro / acopio / planta,+54 3571 50 2272,OK,tel:+543571502272,tel:+543571502272,mantenimiento / logística,"Traslado de insumos, pallets, fertilizantes, repuestos pesados, silos/equipos y apoyo de mantenimiento en planta.","Plataforma + percha pallets + hidrogrúa/barquilla para insumos, repuestos, silos/equipos y mantenimiento.",Planta industrial en Tancacha; potencial de repuestos/equipos y movimientos especiales.,"Validar teléfono/contacto; si responde, pedir un caso concreto de traslado o próximo movimiento.","Consultar por pallets, repuestos de planta y movimientos con hidrogrúa.",https://www.google.com/maps/search/?api=1&query=Alimentos+Tancacha+Tancacha+C%C3%B3rdoba+Argentina,Web propia Alimentos Tancacha,http://www.alimentostancacha.com/contacto,"Sitio propio: planta industrial 9 de Julio 1490, Tancacha; teléfono +54 3571 50-2272; alimentos/expeller/aceite/premezclas.",Alta,Nuevo enriquecimiento 2026-09-02 | Actualizado zonas priorizadas 2026-09,,,,,percha para pallets de insumos | hidrogrúa para equipos/mantenimiento | barquilla para trabajos en altura,planta agroindustrial,Sí,Alta,"Si se ofrece barquilla, validar condiciones de seguridad, seguro y habilitación de maniobra. Percha para pallets: útil para insumos, bolsones, repuestos y materiales palletizados."
PRESOL-034,Pendiente,Corralito / acceso secundario RN36,Tancacha / RP6 - satélite agroindustrial,Tancacha,B,60,RG Rodolfo Grosso,Agroindustria / maquinaria o insumos,Agro / acopio / planta,3571 521091,VER,tel:+543571521091,tel:+543571521091,dueño / operaciones,"Traslado de insumos, pallets, fertilizantes, repuestos pesados, silos/equipos y apoyo de mantenimiento en planta.","Plataforma + percha pallets + hidrogrúa/barquilla para insumos, repuestos, silos/equipos y mantenimiento.","Empresa agroindustrial local; validar movimientos de equipos, repuestos o implementos.","Validar teléfono/contacto; si responde, pedir un caso concreto de traslado o próximo movimiento.",Confirmar decisor y vigencia del dato antes de incluir en salida prioritaria.,https://www.google.com/maps/search/?api=1&query=RG+Rodolfo+Grosso+Tancacha+C%C3%B3rdoba+Argentina,Facebook público / resultado de búsqueda,https://www.facebook.com/rgrodolfogrosso?locale=es_LA,Resultado público indica ubicación Tancacha y WhatsApp 3571521091; verificar vigencia.,Media,Nuevo enriquecimiento 2026-09-02,,,,,plataforma | hidrogrúa | percha para pallets,otro rubro factible,Sí,Media,"Percha para pallets: útil para insumos, bolsones, repuestos y materiales palletizados."
PRESOL-035,Pendiente,Córdoba / RN36 norte,Alta Gracia,Alta Gracia,A,100,AG Viviendas Industrializadas,Módulos / viviendas industrializadas,Módulos / containers,3547 672399 / 3547 420854,OK,tel:+543547672399,tel:+543547672399 | tel:+543547420854,operaciones / entregas,"Entrega, descarga y posicionamiento de módulos/containers en obra o cliente final.","Plataforma + malacate + hidrogrúa para retiro, traslado, descarga y posicionamiento.",Cada venta necesita logística: proponer proveedor regional.,Visita o llamada de validación; pedir próximo traslado concreto.,Validar contacto decisor y necesidad inmediata.,"https://www.google.com/maps/search/?api=1&query=-31.655000,-64.420000",Facebook AG Viviendas,,Registro curado en documento de dirección PRESOL 2026-09.,Alta,Base curada PDF dirección,,,,,plataforma | hidrogrúa | percha para pallets,otro rubro factible,,Muy alta,
PRESOL-036,Pendiente,Córdoba / RN36 norte,Alta Gracia / Ruta 5,Alta Gracia,A,100,Miguel Ángel Premoldeados,Premoldeados de hormigón,Hormigón / áridos / premoldeados,03547 430962 / 03547 15501860,OK,tel:+543547430962,tel:+543547430962 | tel:+5493547501860,despacho / producción,"Movimiento de áridos, premoldeados, equipos de planta/cantera, moldes, bolsones y materiales de obra.","Transporte de áridos/materiales, premoldeados y equipos; hidrogrúa para carga/descarga y percha para pallets.",Premoldeados con línea infraestructura y piezas especiales; buen encaje para plataforma e hidrogrúa.,"Validar teléfono/contacto; si responde, pedir un caso concreto de traslado o próximo movimiento.",Confirmar decisor y vigencia del dato antes de incluir en salida prioritaria.,https://www.google.com/maps/search/?api=1&query=Miguel+%C3%81ngel+Premoldeados+Alta+Gracia+C%C3%B3rdoba+Argentina,Web propia Miguel Ángel Premoldeados,https://miguelangelpremoldeados.com,"Sitio propio informa fabricación de premoldeados, infraestructura, piezas especiales, teléfonos y ruta 5 km 24.",Alta,Nuevo enriquecimiento 2026-09-02,,,,,transporte de áridos/materiales | hidrogrúa para carga/descarga | percha para pallets/bolsones,áridos/construcción/premoldeados,,Muy alta,"Para áridos, validar modalidad de carga/descarga y tipo de unidad requerida antes de cotizar."
PRESOL-037,Pendiente,Córdoba / RN36 norte,Alta Gracia,Alta Gracia,A,100,Precons S.R.L.,Premoldeados / tanques / construcción,Hormigón / áridos / premoldeados,3547 430993,OK,tel:+543547430993,tel:+543547430993,despacho / producción,"Movimiento de áridos, premoldeados, equipos de planta/cantera, moldes, bolsones y materiales de obra.","Transporte de áridos/materiales, premoldeados y equipos; hidrogrúa para carga/descarga y percha para pallets.",Parque en expansión; ofrecer servicio a clientes finales.,Visita o llamada de validación; pedir próximo traslado concreto.,Validar contacto decisor y necesidad inmediata.,"https://www.google.com/maps/search/?api=1&query=-31.662670,-64.414474",eldirectorio.co / preconssrl.com.ar,,Registro curado en documento de dirección PRESOL 2026-09.,Alta,Base curada PDF dirección,,,,,transporte de áridos/materiales | hidrogrúa para carga/descarga | percha para pallets/bolsones,áridos/construcción/premoldeados,,Muy alta,
PRESOL-048,Pendiente,Córdoba / RN36 norte,Alta Gracia,Alta Gracia,B,75,Grupo Buglione,Autopartes / remanufactura,Industria / mantenimiento,0351 6512408 / 0351 3271171 / 03547 432121,OK,tel:+543516512408,tel:+543516512408 | tel:+543513271171 | tel:+543547432121,mantenimiento / compras,"Movimientos especiales de mantenimiento, repuestos pesados y mudanzas internas de equipos.","Traslados especiales con plataforma, hidrogrúa, percha para pallets y trazabilidad GPS.",Parque N°53; entrar por logística/compras.,Visita o llamada de validación; pedir próximo traslado concreto.,Validar contacto decisor y necesidad inmediata.,"https://www.google.com/maps/search/?api=1&query=-31.660000,-64.430000",Facebook Grupo Buglione,,Registro curado en documento de dirección PRESOL 2026-09.,Alta,Base curada PDF dirección,,,,,plataforma | hidrogrúa | percha para pallets,otro rubro factible,,Alta,
PRESOL-049,Pendiente,Córdoba / RN36 norte,Alta Gracia,Alta Gracia,B,50,Habitaciones Calificadas,Módulos habitacionales,Módulos / containers,A relevar,A relevar,,,operaciones / entregas,"Entrega, descarga y posicionamiento de módulos/containers en obra o cliente final.","Plataforma + malacate + hidrogrúa para retiro, traslado, descarga y posicionamiento.",Teléfono no confiable en web; relevar en visita/parque.,Visita o llamada de validación; pedir próximo traslado concreto.,Validar contacto decisor y necesidad inmediata.,"https://www.google.com/maps/search/?api=1&query=-31.650000,-64.421000",Informe de mercado / parque Alta Gracia,,Registro curado en documento de dirección PRESOL 2026-09.,Media,Base curada PDF dirección,,,,,plataforma | hidrogrúa | percha para pallets,otro rubro factible,,Media,
PRESOL-050,Pendiente,Córdoba / RN36 norte,Alta Gracia,Alta Gracia,B,75,Mattsay Steel Frame,Casas modulares / steel frame,Industria / mantenimiento,3547 477530,OK,tel:+543547477530,tel:+543547477530,operaciones / entregas,"Movimientos especiales de mantenimiento, repuestos pesados y mudanzas internas de equipos.","Traslados especiales con plataforma, hidrogrúa, percha para pallets y trazabilidad GPS.",Instalación en lote; preguntar si tercerizan traslados.,Visita o llamada de validación; pedir próximo traslado concreto.,Validar contacto decisor y necesidad inmediata.,"https://www.google.com/maps/search/?api=1&query=-31.653000,-64.428000",mattsay.com,,Registro curado en documento de dirección PRESOL 2026-09.,Alta,Base curada PDF dirección,,,,,plataforma | hidrogrúa | percha para pallets,otro rubro factible,,Alta,
PRESOL-051,Pendiente,Córdoba / RN36 norte,Alta Gracia,Alta Gracia,B,50,R5 Premoldeados,Premoldeados / muros / cerramientos,Hormigón / áridos / premoldeados,A relevar,A relevar,,,despacho / colocación,"Movimiento de áridos, premoldeados, equipos de planta/cantera, moldes, bolsones y materiales de obra.","Transporte de áridos/materiales, premoldeados y equipos; hidrogrúa para carga/descarga y percha para pallets.",Fábrica de premoldeados en Alta Gracia; validar si terceriza transporte/descarga.,"Validar teléfono/contacto; si responde, pedir un caso concreto de traslado o próximo movimiento.",Confirmar decisor y vigencia del dato antes de incluir en salida prioritaria.,https://www.google.com/maps/search/?api=1&query=R5+Premoldeados+Alta+Gracia+C%C3%B3rdoba+Argentina,Instagram público / resultado de búsqueda,https://www.instagram.com/r5.premoldeados,"Resultado público indica fábrica de premoldeados en Alta Gracia, muros, cerramientos y estructuras.",Media,Nuevo enriquecimiento 2026-09-02,,,,,transporte de áridos/materiales | hidrogrúa para carga/descarga | percha para pallets/bolsones,áridos/construcción/premoldeados,,Media,
PRESOL-052,Pendiente,Córdoba / RN36 norte,Sierras / RN36-Ruta 5,Córdoba / Sierras,B,50,"El Alto Áridos, Hormigón y Desarrollos",Áridos / hormigón / desarrollos,Hormigón / áridos / premoldeados,A relevar,A relevar,,,planta / mantenimiento,"Movimiento de áridos, premoldeados, equipos de planta/cantera, moldes, bolsones y materiales de obra.","Transporte de áridos/materiales, premoldeados y equipos; hidrogrúa para carga/descarga y percha para pallets.",Proveedor de áridos y hormigón en sierras; validar si requiere traslados de equipos o apoyo en obras.,"Validar teléfono/contacto; si responde, pedir un caso concreto de traslado o próximo movimiento.",Confirmar decisor y vigencia del dato antes de incluir en salida prioritaria.,https://www.google.com/maps/search/?api=1&query=El+Alto+%C3%81ridos%2C+Hormig%C3%B3n+y+Desarrollos+C%C3%B3rdoba+%2F+Sierras+C%C3%B3rdoba+Argentina,Web pública / resultado de búsqueda,https://www.elalto.ar,"Resultado público lo describe como proveedor de áridos lavados, hormigón elaborado y desarrollos integrales.",Media,Nuevo enriquecimiento 2026-09-02,,,,,transporte de áridos/materiales | hidrogrúa para carga/descarga | percha para pallets/bolsones,áridos/construcción/premoldeados,,Media,"Para áridos, validar modalidad de carga/descarga y tipo de unidad requerida antes de cotizar."
PRESOL-038,Pendiente,Córdoba / RN36 norte,Córdoba capital,Córdoba capital,A,100,Pretencord S.R.L.,Pretensados y premoldeados de hormigón,Hormigón / áridos / premoldeados,+54 351 2422363 / +54 351 2454059,OK,tel:+543512422363,tel:+543512422363 | tel:+543512454059,despacho / logística,"Movimiento de áridos, premoldeados, equipos de planta/cantera, moldes, bolsones y materiales de obra.","Transporte de áridos/materiales, premoldeados y equipos; hidrogrúa para carga/descarga y percha para pallets.",Despacha a corralones de todo el país; PRESOL puede ofrecer refuerzo logístico regional.,"Validar teléfono/contacto; si responde, pedir un caso concreto de traslado o próximo movimiento.",Confirmar decisor y vigencia del dato antes de incluir en salida prioritaria.,https://www.google.com/maps/search/?api=1&query=Pretencord+S.R.L.+C%C3%B3rdoba+capital+C%C3%B3rdoba+Argentina,Web propia Pretencord,https://pretencord.com,"Sitio informa fabricación propia, despacho nacional, red de corralones, WhatsApp/teléfono.",Alta,Nuevo enriquecimiento 2026-09-02,,,,,transporte de áridos/materiales | hidrogrúa para carga/descarga | percha para pallets/bolsones,áridos/construcción/premoldeados,,Muy alta,"Para áridos, validar modalidad de carga/descarga y tipo de unidad requerida antes de cotizar."
PRESOL-053,Pendiente,Córdoba / RN36 norte,Córdoba capital,Córdoba capital,B,75,Boetto y Buttigliengo S.A.,Constructora,Obra / constructora,0351 4653272,OK,tel:+543514653272,tel:+543514653272,jefe de obra / logística,"Traslado de áridos/materiales, maquinaria, módulos de obrador, estructuras y cargas pesadas entre frentes.",Transporte de áridos/materiales y cargas de obra + hidrogrúa/barquilla/percha pallets según necesidad.,Prospecto grande; mejor por obra/encargado que por administración.,Visita o llamada de validación; pedir próximo traslado concreto.,Validar contacto decisor y necesidad inmediata.,"https://www.google.com/maps/search/?api=1&query=-31.449963,-64.252114",BNamericas / bbcsa.com.ar,,Registro curado en documento de dirección PRESOL 2026-09.,Alta,Base curada PDF dirección,,,,,plataforma | hidrogrúa | percha para pallets,otro rubro factible,,Alta,
PRESOL-054,Pendiente,Córdoba / RN36 norte,Córdoba capital,Córdoba capital,B,75,CABIAL Empresa Constructora,Constructora,Obra / constructora,0351 4822855 / 0351 4658599,OK,tel:+543514822855,tel:+543514822855 | tel:+543514658599,jefe de obra / logística,"Traslado de áridos/materiales, maquinaria, módulos de obrador, estructuras y cargas pesadas entre frentes.",Transporte de áridos/materiales y cargas de obra + hidrogrúa/barquilla/percha pallets según necesidad.,"Cotizar traslado concreto, no presentación genérica.",Visita o llamada de validación; pedir próximo traslado concreto.,Validar contacto decisor y necesidad inmediata.,"https://www.google.com/maps/search/?api=1&query=-31.438000,-64.205000",arempresas.com,,Registro curado en documento de dirección PRESOL 2026-09.,Alta,Base curada PDF dirección,,,,,plataforma | hidrogrúa | percha para pallets,otro rubro factible,,Alta,
PRESOL-055,Pendiente,Córdoba / RN36 norte,Córdoba capital,Córdoba capital,B,60,IngaV Constructora,Constructora,Obra / constructora,0351 5890684 / 0351 5579222 (verificar),VER,tel:+543515890684,tel:+543515890684 | tel:+543515579222,jefe de obra / logística,"Traslado de áridos/materiales, maquinaria, módulos de obrador, estructuras y cargas pesadas entre frentes.",Transporte de áridos/materiales y cargas de obra + hidrogrúa/barquilla/percha pallets según necesidad.,Contacto directo WhatsApp; pedir próximo traslado.,Visita o llamada de validación; pedir próximo traslado concreto.,Validar contacto decisor y necesidad inmediata.,"https://www.google.com/maps/search/?api=1&query=-31.413163,-64.170080",ingavconstructora.com.ar,,Registro curado en documento de dirección PRESOL 2026-09.,Media,Base curada PDF dirección,,,,,plataforma | hidrogrúa | percha para pallets,otro rubro factible,,Media,
PRESOL-039,Pendiente,Córdoba / RN36 norte,Contacto remoto / Jesús María,Córdoba capital zona sur,A,100,AG GROUP Industria,Módulos / construcción industrializada,Módulos / containers,3525 513210,OK,tel:+543525513210,tel:+543525513210,operaciones / entregas,"Entrega, descarga y posicionamiento de módulos/containers en obra o cliente final.","Plataforma + malacate + hidrogrúa para retiro, traslado, descarga y posicionamiento.","Aunque está en Jesús María, vende en Córdoba; ofrecer logística provincial.",Visita o llamada de validación; pedir próximo traslado concreto.,Validar contacto decisor y necesidad inmediata.,"https://www.google.com/maps/search/?api=1&query=-31.000000,-64.090000",aggroupindustria.com.ar,,Registro curado en documento de dirección PRESOL 2026-09.,Alta,Base curada PDF dirección,,,,,plataforma | hidrogrúa | percha para pallets,otro rubro factible,,Muy alta,
PRESOL-040,Pendiente,Córdoba / RN36 norte,Córdoba Sur-Oeste / canteras,Córdoba capital zona sur,A,100,Canteras Ruiz,Áridos / cantera,Hormigón / áridos / premoldeados,0351 5570618 / 0351 4524228 / 0351 155508346,OK,tel:+543515570618,tel:+543515570618 | tel:+543514524228 | tel:+5493515508346,planta / mantenimiento,"Movimiento de áridos, premoldeados, equipos de planta/cantera, moldes, bolsones y materiales de obra.","Transporte de áridos/materiales, premoldeados y equipos; hidrogrúa para carga/descarga y percha para pallets.",Servicio de áridos sólo si se confirma volcador/tercerización.,Visita o llamada de validación; pedir próximo traslado concreto.,Validar contacto decisor y necesidad inmediata.,"https://www.google.com/maps/search/?api=1&query=-31.475000,-64.235000",canterasruiz.com,,Registro curado en documento de dirección PRESOL 2026-09.,Alta,Base curada PDF dirección,,,,,transporte de áridos/materiales | hidrogrúa para carga/descarga | percha para pallets/bolsones,áridos/construcción/premoldeados,,Muy alta,"Para áridos, validar modalidad de carga/descarga y tipo de unidad requerida antes de cotizar."
PRESOL-041,Pendiente,Córdoba / RN36 norte,Córdoba Oeste / Av. Colón,Córdoba capital zona sur,A,100,Corralón Mis Ladrillos,Corralón mayorista,Hormigón / áridos / premoldeados,0351 3705858,OK,tel:+543513705858,tel:+543513705858,responsable de logística/compras,"Movimiento de áridos, premoldeados, equipos de planta/cantera, moldes, bolsones y materiales de obra.","Transporte de áridos/materiales, premoldeados y equipos; hidrogrúa para carga/descarga y percha para pallets.",Entrada rápida a mercado capitalino; ofrecer reparto pesado regional.,Visita o llamada de validación; pedir próximo traslado concreto.,Validar contacto decisor y necesidad inmediata.,"https://www.google.com/maps/search/?api=1&query=-31.396774,-64.251905",Vuelta Canela / directorio,,Registro curado en documento de dirección PRESOL 2026-09.,Alta,Base curada PDF dirección,,,,,transporte de áridos/materiales | hidrogrúa para carga/descarga | percha para pallets/bolsones,áridos/construcción/premoldeados,,Muy alta,"Para áridos, validar modalidad de carga/descarga y tipo de unidad requerida antes de cotizar."
PRESOL-042,Pendiente,Córdoba / RN36 norte,Córdoba Sur / RN36-Vélez Sarsfield,Córdoba capital zona sur,A,100,Hormi Block S.A.,Hormigón elaborado,Hormigón / áridos / premoldeados,0351 4939510 / 0351 4945800,OK,tel:+543514939510,tel:+543514939510 | tel:+543514945800,operaciones / planta,"Movimiento de áridos, premoldeados, equipos de planta/cantera, moldes, bolsones y materiales de obra.","Transporte de áridos/materiales, premoldeados y equipos; hidrogrúa para carga/descarga y percha para pallets.",Av. Vélez Sarsfield 5801; entrada directa por corredor.,Visita o llamada de validación; pedir próximo traslado concreto.,Validar contacto decisor y necesidad inmediata.,"https://www.google.com/maps/search/?api=1&query=-31.481687,-64.203118",InfoNegocios / Hormi Block,,Registro curado en documento de dirección PRESOL 2026-09.,Alta,Base curada PDF dirección,,,,,transporte de áridos/materiales | hidrogrúa para carga/descarga | percha para pallets/bolsones,áridos/construcción/premoldeados,,Muy alta,"Para áridos, validar modalidad de carga/descarga y tipo de unidad requerida antes de cotizar."
PRESOL-043,Pendiente,Córdoba / RN36 norte,Córdoba Norte / Monseñor Pablo Cabrera,Córdoba capital zona sur,A,100,Lucy’s House / Rental,Módulos habitacionales,Módulos / containers,0351 2077113,OK,tel:+543512077113,tel:+543512077113,operaciones / entregas,"Entrega, descarga y posicionamiento de módulos/containers en obra o cliente final.","Plataforma + malacate + hidrogrúa para retiro, traslado, descarga y posicionamiento.",Muy buen encaje para planchada + malacate.,Visita o llamada de validación; pedir próximo traslado concreto.,Validar contacto decisor y necesidad inmediata.,"https://www.google.com/maps/search/?api=1&query=-31.368536,-64.205299",Instagram Lucy’s House,,Registro curado en documento de dirección PRESOL 2026-09.,Alta,Base curada PDF dirección,,,,,plataforma | hidrogrúa | percha para pallets,otro rubro factible,,Muy alta,
PRESOL-044,Pendiente,Córdoba / RN36 norte,Córdoba Norte-Oeste / Villa Belgrano,Córdoba capital zona sur,A,100,MegaContainers,Venta/alquiler de containers,Módulos / containers,0351 5179179,OK,tel:+543515179179,tel:+543515179179,operaciones / entregas,"Entrega, descarga y posicionamiento de módulos/containers en obra o cliente final.","Plataforma + malacate + hidrogrúa para retiro, traslado, descarga y posicionamiento.",Proveedor natural: cada container vendido necesita logística.,Visita o llamada de validación; pedir próximo traslado concreto.,Validar contacto decisor y necesidad inmediata.,"https://www.google.com/maps/search/?api=1&query=-31.350332,-64.254449",megacontainers.com.ar,,Registro curado en documento de dirección PRESOL 2026-09.,Alta,Base curada PDF dirección,,,,,plataforma | hidrogrúa | percha para pallets,otro rubro factible,,Muy alta,
PRESOL-056,Pendiente,Córdoba / RN36 norte,Córdoba capital zona sur,Córdoba capital zona sur,B,60,Bendito Corralón Mayorista,Corralón mayorista,Hormigón / áridos / premoldeados,0351 8741592 (a confirmar),VER,tel:+543518741592,tel:+543518741592,responsable de logística/compras,"Movimiento de áridos, premoldeados, equipos de planta/cantera, moldes, bolsones y materiales de obra.","Transporte de áridos/materiales, premoldeados y equipos; hidrogrúa para carga/descarga y percha para pallets.","Validar teléfono; si no, visita directa por local.",Visita o llamada de validación; pedir próximo traslado concreto.,Validar contacto decisor y necesidad inmediata.,"https://www.google.com/maps/search/?api=1&query=-31.463000,-64.202000",Instagram / búsqueda web,,Registro curado en documento de dirección PRESOL 2026-09.,Media,Base curada PDF dirección,,,,,transporte de áridos/materiales | hidrogrúa para carga/descarga | percha para pallets/bolsones,áridos/construcción/premoldeados,,Media,"Para áridos, validar modalidad de carga/descarga y tipo de unidad requerida antes de cotizar."
PRESOL-057,Pendiente,Córdoba / RN36 norte,Córdoba capital zona sur,Córdoba capital zona sur,B,50,Canteras Terra,Áridos / cantera,Hormigón / áridos / premoldeados,A relevar,A relevar,,,planta / mantenimiento,"Movimiento de áridos, premoldeados, equipos de planta/cantera, moldes, bolsones y materiales de obra.","Transporte de áridos/materiales, premoldeados y equipos; hidrogrúa para carga/descarga y percha para pallets.",Teléfono web no confiable; relevar en terreno.,Visita o llamada de validación; pedir próximo traslado concreto.,Validar contacto decisor y necesidad inmediata.,"https://www.google.com/maps/search/?api=1&query=-31.462000,-64.360000",Directorio de canteras / investigación web,,Registro curado en documento de dirección PRESOL 2026-09.,Media,Base curada PDF dirección,,,,,transporte de áridos/materiales | hidrogrúa para carga/descarga | percha para pallets/bolsones,áridos/construcción/premoldeados,,Media,"Para áridos, validar modalidad de carga/descarga y tipo de unidad requerida antes de cotizar."
PRESOL-058,Pendiente,Córdoba / RN36 norte,Córdoba Sur / Camino San Antonio,Córdoba capital zona sur,B,75,Porta Hnos.,Industrial / alcohol / alimentos,Industria / mantenimiento,0351 4938400,OK,tel:+543514938400,tel:+543514938400,mantenimiento / compras,"Movimientos especiales de mantenimiento, repuestos pesados y mudanzas internas de equipos.","Traslados especiales con plataforma, hidrogrúa, percha para pallets y trazabilidad GPS.","Camino San Antonio km 4,5: visitar si entra en ruta Córdoba sur.",Visita o llamada de validación; pedir próximo traslado concreto.,Validar contacto decisor y necesidad inmediata.,"https://www.google.com/maps/search/?api=1&query=-31.490145,-64.189401",portahnos.com.ar,,Registro curado en documento de dirección PRESOL 2026-09.,Alta,Base curada PDF dirección,,,,,plataforma | hidrogrúa | percha para pallets,planta agroindustrial,,Alta,"Percha para pallets: útil para insumos, bolsones, repuestos y materiales palletizados."
PRESOL-045,Pendiente,Córdoba / RN36 norte,Despeñaderos / RN36,Despeñaderos,A,85,AS Premoldeados,Premoldeados de hormigón / galpones / techos,Hormigón / áridos / premoldeados,3547 675513,VER,tel:+543547675513,tel:+543547675513,despacho / colocación,"Movimiento de áridos, premoldeados, equipos de planta/cantera, moldes, bolsones y materiales de obra.","Transporte de áridos/materiales, premoldeados y equipos; hidrogrúa para carga/descarga y percha para pallets.","Tapias, galpones, techos y premoldeados; posibilidad de transporte y descarga de piezas.","Validar teléfono/contacto; si responde, pedir un caso concreto de traslado o próximo movimiento.",Confirmar decisor y vigencia del dato antes de incluir en salida prioritaria.,https://www.google.com/maps/search/?api=1&query=AS+Premoldeados+Despe%C3%B1aderos+C%C3%B3rdoba+Argentina,Web propia AS + Facebook público,https://aspremoldeados.com.ar,"Sitio informa rubros y ubicación Despeñaderos; resultado público aporta teléfono, verificar vigencia.",Media,Nuevo enriquecimiento 2026-09-02,,,,,transporte de áridos/materiales | hidrogrúa para carga/descarga | percha para pallets/bolsones,áridos/construcción/premoldeados,,Muy alta,"Para áridos, validar modalidad de carga/descarga y tipo de unidad requerida antes de cotizar."
PRESOL-059,Pendiente,Córdoba / RN36 norte,Despeñaderos,Despeñaderos,B,75,Metal-Ferr,Metalúrgica agro/industria,Agro / acopio / planta,3547 525300 / 3547 492716,OK,tel:+543547525300,tel:+543547525300 | tel:+543547492716,responsable de acopio / mantenimiento,"Traslado de insumos, pallets, fertilizantes, repuestos pesados, silos/equipos y apoyo de mantenimiento en planta.","Plataforma + percha pallets + hidrogrúa/barquilla para insumos, repuestos, silos/equipos y mantenimiento.",Empresa local 25+ años; pedir producción/despacho.,Visita o llamada de validación; pedir próximo traslado concreto.,Validar contacto decisor y necesidad inmediata.,"https://www.google.com/maps/search/?api=1&query=-31.817000,-64.294000",metal-ferr.com/contacto,,Registro curado en documento de dirección PRESOL 2026-09.,Alta,Base curada PDF dirección,,,,,plataforma 20 tn para maquinaria/piezas | hidrogrúa para maniobras | percha para pallets,otro rubro factible,,Alta,"Percha para pallets: útil para insumos, bolsones, repuestos y materiales palletizados."
PRESOL-060,Pendiente,Córdoba / RN36 norte,Despeñaderos,Despeñaderos,B,50,Parque Industrial Despeñaderos N°64,Radicaciones industriales,Puerta institucional,A relevar vía municipio,A relevar,,,despacho / producción,"Movimientos especiales de mantenimiento, repuestos pesados y mudanzas internas de equipos.","Traslados especiales con plataforma, hidrogrúa, percha para pallets y trazabilidad GPS.",Pedir listado de empresas radicadas al municipio/parque.,Visita o llamada de validación; pedir próximo traslado concreto.,Validar contacto decisor y necesidad inmediata.,"https://www.google.com/maps/search/?api=1&query=-31.812000,-64.289000",cba.gov.ar / despenaderos.gob.ar,,Registro curado en documento de dirección PRESOL 2026-09.,Media,Base curada PDF dirección,,,,,plataforma | hidrogrúa | percha para pallets,otro rubro factible,,Media,
PRESOL-061,Pendiente,Córdoba / RN36 norte,Ferreyra / Santa Isabel,Ferreyra / Santa Isabel,B,75,Iveco / CNH Ferreyra,Automotriz / camiones,Industria / mantenimiento,011 20341400 (central),OK,tel:+541120341400,tel:+541120341400,despacho / producción,"Movimientos especiales de mantenimiento, repuestos pesados y mudanzas internas de equipos.","Traslados especiales con plataforma, hidrogrúa, percha para pallets y trazabilidad GPS.",No entrar como pyme fría: buscar contratistas de montaje/mantenimiento.,Visita o llamada de validación; pedir próximo traslado concreto.,Validar contacto decisor y necesidad inmediata.,"https://www.google.com/maps/search/?api=1&query=-31.455000,-64.130000",Iveco / CEDAC,,Registro curado en documento de dirección PRESOL 2026-09.,Alta,Base curada PDF dirección,,,,,plataforma | hidrogrúa | percha para pallets,otro rubro factible,,Alta,
PRESOL-062,Pendiente,Córdoba / RN36 norte,Ferreyra / Santa Isabel,Ferreyra / Santa Isabel,B,75,Renault Planta Santa Isabel,Automotriz,Industria / mantenimiento,0351 4268268,OK,tel:+543514268268,tel:+543514268268,responsable de logística/compras,"Movimientos especiales de mantenimiento, repuestos pesados y mudanzas internas de equipos.","Traslados especiales con plataforma, hidrogrúa, percha para pallets y trazabilidad GPS.","Prospecto largo; entrar por proveedores, no por compra directa.",Visita o llamada de validación; pedir próximo traslado concreto.,Validar contacto decisor y necesidad inmediata.,"https://www.google.com/maps/search/?api=1&query=-31.455000,-64.160000",renaultgroup.com Córdoba Plant,,Registro curado en documento de dirección PRESOL 2026-09.,Alta,Base curada PDF dirección,,,,,plataforma | hidrogrúa | percha para pallets,otro rubro factible,,Alta,
PRESOL-046,Pendiente,Córdoba / RN36 norte,Malagueño,Malagueño,A,100,Corblock,Premoldeados y pretensados de hormigón,Hormigón / áridos / premoldeados,0351 3568259,OK,tel:+543513568259,tel:+543513568259,despacho / logística,"Movimiento de áridos, premoldeados, equipos de planta/cantera, moldes, bolsones y materiales de obra.","Transporte de áridos/materiales, premoldeados y equipos; hidrogrúa para carga/descarga y percha para pallets.","Planta en Malagueño, premoldeados/pretensados; oportunidad para cargas regionales y reparto pesado.","Validar teléfono/contacto; si responde, pedir un caso concreto de traslado o próximo movimiento.",Confirmar decisor y vigencia del dato antes de incluir en salida prioritaria.,https://www.google.com/maps/search/?api=1&query=Corblock+Malague%C3%B1o+C%C3%B3rdoba+Argentina,Web propia Corblock,https://www.corblock.com/productos/cordones-premoldeados,"Sitio informa Av. Italia s/n Malagueño, WhatsApp/teléfono y productos premoldeados.",Alta,Nuevo enriquecimiento 2026-09-02,,,,,transporte de áridos/materiales | hidrogrúa para carga/descarga | percha para pallets/bolsones,áridos/construcción/premoldeados,,Muy alta,"Para áridos, validar modalidad de carga/descarga y tipo de unidad requerida antes de cotizar."
PRESOL-047,Pendiente,Córdoba / RN36 norte,Malagueño,Malagueño,A,75,Grupo Calidra / Cal Malagueño,Cal / minería / áridos,Hormigón / áridos / premoldeados,A relevar,A relevar,,,planta / mantenimiento,"Movimiento de áridos, premoldeados, equipos de planta/cantera, moldes, bolsones y materiales de obra.","Transporte de áridos/materiales, premoldeados y equipos; hidrogrúa para carga/descarga y percha para pallets.",Prospecto grande; entrar por mantenimiento/proveedores.,Visita o llamada de validación; pedir próximo traslado concreto.,Validar contacto decisor y necesidad inmediata.,"https://www.google.com/maps/search/?api=1&query=-31.467000,-64.358000",calidra.com.ar / investigación web,,Registro curado en documento de dirección PRESOL 2026-09.,Media,Base curada PDF dirección,,,,,transporte de áridos/materiales | hidrogrúa para carga/descarga | percha para pallets/bolsones,áridos/construcción/premoldeados,,Alta,"Para áridos, validar modalidad de carga/descarga y tipo de unidad requerida antes de cotizar."
PRESOL-063,Pendiente,Córdoba / RN36 norte,Malagueño,Malagueño,B,75,Corralón Bergese Hnos.,Corralón / materiales,Hormigón / áridos / premoldeados,0351 6870914 / 0351 2013895,OK,tel:+543516870914,tel:+543516870914 | tel:+543512013895,responsable de logística/compras,"Movimiento de áridos, premoldeados, equipos de planta/cantera, moldes, bolsones y materiales de obra.","Transporte de áridos/materiales, premoldeados y equipos; hidrogrúa para carga/descarga y percha para pallets.",Ofrecer refuerzo logístico para envíos fuera de zona.,Visita o llamada de validación; pedir próximo traslado concreto.,Validar contacto decisor y necesidad inmediata.,"https://www.google.com/maps/search/?api=1&query=-31.441753,-64.439418",ObraMaestra / corralonbergesehnos.com,,Registro curado en documento de dirección PRESOL 2026-09.,Alta,Base curada PDF dirección,,,,,transporte de áridos/materiales | hidrogrúa para carga/descarga | percha para pallets/bolsones,áridos/construcción/premoldeados,,Alta,"Para áridos, validar modalidad de carga/descarga y tipo de unidad requerida antes de cotizar."
PRESOL-122,Pendiente,Hernando / RP6,Hernando / Bv. Moreno,Hernando,A,99,Neuf Agricole,Maquinaria agrícola / tolvas autodescargables / equipos para construcción,Maquinaria agrícola / metalmecánica,+54 353 4960391,OK,tel:+543534960391,tel:+543534960391,producción / despacho / compras,"Despacho de implementos, agropartes, tolvas, estructuras, piezas industriales y maquinaria sobre plataforma.","Plataforma 20 tn + hidrogrúa + percha para pallets para implementos, agropartes y piezas industriales.","Fabricante de tolvas, equipos para construcción y desarrollos especiales; muy buen encaje para plataforma e hidrogrúa.","Llamar a producción/despacho: ofrecer plataforma 20 tn, hidrogrúa y percha para pallets de piezas.",Validar calendario de despachos y si tercerizan traslados de tolvas/equipos.,https://www.google.com/maps/search/?api=1&query=Neuf+Agricole+Hernando+C%C3%B3rdoba+Argentina,Maquinac,https://maquinac.com/empresas/neuf-agricole,"Maquinac: Bv. Moreno 1240, Hernando; +54 353 4960391; fabrica tolvas, equipos para construcción y desarrollos especiales.",Alta,Nuevo enriquecimiento zonas priorizadas 2026-09,,,,,plataforma 20 tn para maquinaria/piezas | hidrogrúa para maniobras | percha para pallets,fabricante/servicio maquinaria agrícola,Sí,Muy alta,
PRESOL-123,Pendiente,Hernando / RP6,Hernando / Bv. Moreno,Hernando,B,81,Plegados Hernando S.A.,"Metalúrgica / cortes, plegados, rolados de chapa / piezas para agro e industria",Agro / acopio / cooperativa,+54 353 4962200,OK,tel:+543534962200,tel:+543534962200,producción / despacho,"Traslado de insumos, pallets, fertilizantes, repuestos pesados, silos/equipos y apoyo de mantenimiento en planta.","Plataforma + percha pallets + hidrogrúa/barquilla para insumos, repuestos, silos/equipos y mantenimiento.","Chapa, plegado y piezas para agro/industria; posible despacho de estructuras, pallets y piezas especiales.","Contactar despacho/producción y preguntar por piezas grandes, entregas a obra y retiro de materia prima.",Confirmar volumen de despachos y necesidad de hidrogrúa.,https://www.google.com/maps/search/?api=1&query=Plegados+Hernando+S.A.+Hernando+C%C3%B3rdoba+Argentina,Metalmecánica.com,https://www.metalmecanica.com/argentina/hernando/fabricantes/plegados-hernando-s-a,"Ficha pública: Blvd. Moreno 823, Hernando; tel +54353496-2200; cortes, plegados, rolados y piezas para agro/industria.",Alta,Nuevo enriquecimiento zonas priorizadas 2026-09,,,,,plataforma 20 tn para maquinaria/piezas | hidrogrúa para maniobras | percha para pallets,otro rubro factible,Sí,Alta,"Percha para pallets: útil para insumos, bolsones, repuestos y materiales palletizados."
PRESOL-130,Pendiente,Oncativo / RN9-RP10,Oncativo / RN9 km 627,Oncativo,A,99,Cooperativa Agrícola Ganadera y de Consumo de Oncativo Ltda.,Cooperativa agrícola ganadera / acopio / consumo,Agro / acopio / cooperativa,03572 456777 / 03572 15583757,OK,tel:+543572456777,tel:+543572456777 | tel:+5493572583757,acopio / insumos / mantenimiento,"Traslado de insumos, pallets, fertilizantes, repuestos pesados, silos/equipos y apoyo de mantenimiento en planta.","Plataforma + percha pallets + hidrogrúa/barquilla para insumos, repuestos, silos/equipos y mantenimiento.","Cooperativa agroganadera sobre RN9; oportunidad en acopio, insumos, pallets y mantenimiento de planta.","Pedir por acopio/insumos y ofrecer percha pallets, hidrogrúa y barquilla para mantenimiento en altura.",Validar responsables de acopio e insumos y picos de campaña.,https://www.google.com/maps/search/?api=1&query=Cooperativa+Agr%C3%ADcola+Ganadera+y+de+Consumo+de+Oncativo+Ltda.+Oncativo+C%C3%B3rdoba+Argentina,ESSApp,https://www.essapp.coop/cooperativa-agricola-ganadera-y-de-consumo-de-oncativo-ltda/sede-cooperativa-agricola-ganadera-y-de,"Ficha ESSApp: RN9 Km 627, Oncativo; 03572-456777 / 03572 15583757.",Alta,Nuevo enriquecimiento zonas priorizadas 2026-09,,,,,percha para pallets de insumos | hidrogrúa para equipos/mantenimiento | barquilla para trabajos en altura,cooperativa/acopio,Sí,Muy alta,"Si se ofrece barquilla, validar condiciones de seguridad, seguro y habilitación de maniobra."
PRESOL-128,Pendiente,Oncativo / RN9-RP10,Oncativo / Mitre,Oncativo,A,99,Oncativo S.A. / Establecimientos Metalúrgicos Oncativo,Maquinaria agrícola / agropartes / discos para rastras y arados,Agro / acopio / cooperativa,+54 3572 466145 / +54 9 3572 532031,OK,tel:+543572466145,tel:+543572466145 | tel:+5493572532031,producción / despacho / ventas,"Traslado de insumos, pallets, fertilizantes, repuestos pesados, silos/equipos y apoyo de mantenimiento en planta.","Plataforma + percha pallets + hidrogrúa/barquilla para insumos, repuestos, silos/equipos y mantenimiento.",Proveedor fuerte de agropartes; exporta y abastece fabricantes de maquinaria agrícola. Alto encaje para plataforma/percha/hidrogrúa.,"Pedir despacho/ventas y ofrecer PRESOL para movimientos de agropartes, pallets y cargas especiales.",Relevar si despachan pallets/piezas voluminosas y si tienen picos de demanda por campaña.,https://www.google.com/maps/search/?api=1&query=Oncativo+S.A.+%2F+Establecimientos+Metal%C3%BArgicos+Oncativo+Oncativo+C%C3%B3rdoba+Argentina,Web propia + AFAMAC,https://www.oncativosa.com.ar,"Web y AFAMAC: Mitre 749, Oncativo; +54 3572 466145; WhatsApp +54 9 3572 532031; agropartes y discos para maquinaria agrícola.",Alta,Nuevo enriquecimiento zonas priorizadas 2026-09,,,,,plataforma 20 tn para maquinaria/piezas | hidrogrúa para maniobras | percha para pallets,fabricante/servicio maquinaria agrícola,Sí,Muy alta,"Percha para pallets: útil para insumos, bolsones, repuestos y materiales palletizados."
PRESOL-129,Pendiente,Oncativo / RN9-RP10,Oncativo,Oncativo,B,77,Agro Metalúrgica Rosas Oncativo,Agro metalúrgica / repuestos para cosechadoras,Agro / acopio / cooperativa,03572 15617489,VER,tel:+5493572617489,tel:+5493572617489,dueño / producción / despacho,"Traslado de insumos, pallets, fertilizantes, repuestos pesados, silos/equipos y apoyo de mantenimiento en planta.","Plataforma + percha pallets + hidrogrúa/barquilla para insumos, repuestos, silos/equipos y mantenimiento.","Fábrica de repuestos para cosechadoras; buen encaje para percha pallets, piezas y plataforma si hay cargas especiales.",Verificar teléfono y consultar por despachos de repuestos/partes voluminosas.,Confirmar domicilio operativo y responsable de despacho.,https://www.google.com/maps/search/?api=1&query=Agro+Metal%C3%BArgica+Rosas+Oncativo+Oncativo+C%C3%B3rdoba+Argentina,Facebook público / resultado de búsqueda,https://www.facebook.com/metalurgicarosasoncativook?locale=es_LA,Resultado público: fabrica de repuestos para cosechadoras multimarca; teléfono (03572)15617489; Oncativo.,Media,Nuevo enriquecimiento zonas priorizadas 2026-09,,,,,plataforma 20 tn para maquinaria/piezas | hidrogrúa para maniobras | percha para pallets,otro rubro factible,Sí,Media,"Percha para pallets: útil para insumos, bolsones, repuestos y materiales palletizados."
PRESOL-131,Pendiente,Oncativo / RN9-RP10,Oncativo,Oncativo,B,85,El Triunfo Oncativo,Acopio / granos / fitosanitarios / fertilizantes / semillas,Agro / acopio / cooperativa,03572 466288 / +54 9 3572 408824,OK,tel:+543572466288,tel:+543572466288 | tel:+5493572408824,acopio / logística / insumos,"Traslado de insumos, pallets, fertilizantes, repuestos pesados, silos/equipos y apoyo de mantenimiento en planta.","Plataforma + percha pallets + hidrogrúa/barquilla para insumos, repuestos, silos/equipos y mantenimiento.","Acopio con insumos/fertilizantes/semillas; oportunidad para pallets, bolsones, repuestos y equipos.",Llamar a acopio/logística y preguntar por terceros para movimientos de insumos y equipos.,Validar nombre de responsable operativo.,https://www.google.com/maps/search/?api=1&query=El+Triunfo+Oncativo+Oncativo+C%C3%B3rdoba+Argentina,Web propia El Triunfo,https://www.eltriunfo.com.ar/acopio,"Sitio informa acopio, venta de fitosanitarios/fertilizantes/semillas y teléfono 03572-466288; equipo cereales publica celulares.",Alta,Nuevo enriquecimiento zonas priorizadas 2026-09,,,,,percha para pallets de insumos | hidrogrúa para equipos/mantenimiento | barquilla para trabajos en altura,cooperativa/acopio | planta agroindustrial,Sí,Alta,"Si se ofrece barquilla, validar condiciones de seguridad, seguro y habilitación de maniobra. Percha para pallets: útil para insumos, bolsones, repuestos y materiales palletizados."
PRESOL-133,Pendiente,Oncativo / RN9-RP10,Oncativo / piletas,Oncativo,B,81,IPC Oncativo / Piscinas IPC,Piletas de fibra / piscinas PRFV,Piletas / PRFV / plástico reforzado,3572 53-2233,VER,tel:+543572532233,tel:+543572532233,ventas / logística,"Retiro, traslado y descarga de piletas/fibra o piezas voluminosas livianas, con cuidado de maniobra.",Plataforma + hidrogrúa para trasladar y descargar piletas/piezas PRFV; coordinar maniobra sin golpes.,Sucursal/venta de piletas de fibra; posibilidad de traslado y descarga de cascos en temporada.,Verificar teléfono y consultar si tercerizan entregas de piletas a clientes finales.,"Confirmar si es fabricante, sucursal o punto de venta.",https://www.google.com/maps/search/?api=1&query=IPC+Oncativo+%2F+Piscinas+IPC+Oncativo+C%C3%B3rdoba+Argentina,Facebook público / resultado de búsqueda,https://www.facebook.com/siempre.util/posts/lleg%C3%B3-el-momento-de-tener-la-pileta-que-siempre-so%C3%B1aste-%EF%B8%8Fen-ipc-oncativo-te-lo-h/1716180416596562,"Resultado público: IPC Oncativo, piletas de fibra; teléfono 3572 53-2233.",Media,Nuevo enriquecimiento zonas priorizadas 2026-09,,,,,plataforma para piletas/fibra | hidrogrúa para descarga/posicionamiento,piletas/plástico/PRFV,Sí,Alta,
PRESOL-132,Pendiente,Oncativo / RN9-RP10,Oncativo,Oncativo,B,81,Premoldeados Oncativo,Premoldeados de hormigón / construcción,Hormigón / áridos / premoldeados,03572 466096,VER,tel:+543572466096,tel:+543572466096,planta / despacho,"Movimiento de áridos, premoldeados, equipos de planta/cantera, moldes, bolsones y materiales de obra.","Transporte de áridos/materiales, premoldeados y equipos; hidrogrúa para carga/descarga y percha para pallets.","Premoldeados de hormigón; encaje directo con plataforma, hidrogrúa, pallets y materiales de obra.",Verificar teléfono y preguntar por despachos de placas/piezas y necesidad de descarga en obra.,Confirmar vigencia y domicilio Juan B. Justo 101.,https://www.google.com/maps/search/?api=1&query=Premoldeados+Oncativo+Oncativo+C%C3%B3rdoba+Argentina,Portal Industrial / resultado de búsqueda,https://www.portal-industrial.com.ar/rubro/premoldeados-de-hormigon/P-061550/12,"Resultado público: PREMOLDEADOS ONCATIVO, Juan B. Justo 101, Oncativo; tel. (03572) 46-6096.",Media,Nuevo enriquecimiento zonas priorizadas 2026-09,,,,,transporte de áridos/materiales | hidrogrúa para carga/descarga | percha para pallets/bolsones,áridos/construcción/premoldeados,Sí,Alta,"Para áridos, validar modalidad de carga/descarga y tipo de unidad requerida antes de cotizar."
PRESOL-134,Pendiente,Oncativo / RN9-RP10,Oncativo / servicios públicos,Oncativo,C,65,CESOPOL Oncativo,Cooperativa eléctrica / servicios públicos / redes / agua,Agro / acopio / cooperativa,03572 455000 / +54 9 3572 593391,OK,tel:+543572455000,tel:+543572455000 | tel:+5493572593391,mantenimiento / redes / compras,"Traslado de insumos, pallets, fertilizantes, repuestos pesados, silos/equipos y apoyo de mantenimiento en planta.","Plataforma + percha pallets + hidrogrúa/barquilla para insumos, repuestos, silos/equipos y mantenimiento.","Servicios públicos/redes: buen caso para barquilla de hidrogrúa, postes, bombas y mantenimiento.",Pedir por mantenimiento/redes y ofrecer barquilla/hidrogrúa según necesidad puntual.,Validar contratación de terceros y requisitos de seguridad/seguro.,https://www.google.com/maps/search/?api=1&query=CESOPOL+Oncativo+Oncativo+C%C3%B3rdoba+Argentina,Web propia CESOPOL,https://www.oncativo.net.ar,"Sitio propio: Berutti 152, Oncativo; atención 03572-455000; servicios electricidad, agua, internet, parque solar.",Alta,Nuevo enriquecimiento zonas priorizadas 2026-09,,,,,percha para pallets de insumos | hidrogrúa para equipos/mantenimiento | barquilla para trabajos en altura | barquilla de hidrogrúa para mantenimiento en altura | hidrogrúa para postes/equipos,cooperativa/acopio,Sí,Media,"Si se ofrece barquilla, validar condiciones de seguridad, seguro y habilitación de maniobra."
PRESOL-064,Pendiente,Río Cuarto / RN36 sur,Alcira Gigena,Alcira Gigena,A,100,Cotagro — Alcira Gigena,Cooperativa agroindustrial / maní / acopio,Agro / acopio / planta,358 4393127 / 358 4125695 / 0358 4933333,OK,tel:+543584393127,tel:+543584393127 | tel:+543584125695 | tel:+543584933333,operaciones / entregas,"Traslado de insumos, pallets, fertilizantes, repuestos pesados, silos/equipos y apoyo de mantenimiento en planta.","Plataforma + percha pallets + hidrogrúa/barquilla para insumos, repuestos, silos/equipos y mantenimiento.",Cotagro concentra 4 puntos del corredor; pedir compras/logística.,Visita o llamada de validación; pedir próximo traslado concreto.,Validar contacto decisor y necesidad inmediata.,"https://www.google.com/maps/search/?api=1&query=-32.755782,-64.339199",Facebook Cotagro / cotagroweb.com.ar,,Registro curado en documento de dirección PRESOL 2026-09.,Alta,Base curada PDF dirección,,,,,percha para pallets de insumos | hidrogrúa para equipos/mantenimiento | barquilla para trabajos en altura,cooperativa/acopio,,Muy alta,"Si se ofrece barquilla, validar condiciones de seguridad, seguro y habilitación de maniobra. Percha para pallets: útil para insumos, bolsones, repuestos y materiales palletizados."
PRESOL-078,Pendiente,Río Cuarto / RN36 sur,Alcira Gigena,Alcira Gigena,B,75,Cooperativa Alba de Gigena,Cooperativa agropecuaria,Agro / acopio / planta,0358 4960151,OK,tel:+543584960151,tel:+543584960151,responsable de acopio / mantenimiento,"Traslado de insumos, pallets, fertilizantes, repuestos pesados, silos/equipos y apoyo de mantenimiento en planta.","Plataforma + percha pallets + hidrogrúa/barquilla para insumos, repuestos, silos/equipos y mantenimiento.",Visita de diagnóstico; posible derivación a productores.,Visita o llamada de validación; pedir próximo traslado concreto.,Validar contacto decisor y necesidad inmediata.,"https://www.google.com/maps/search/?api=1&query=-32.757500,-64.335000",DNB / fuentes públicas,,Registro curado en documento de dirección PRESOL 2026-09.,Alta,Base curada PDF dirección,,,,,percha para pallets de insumos | hidrogrúa para equipos/mantenimiento | barquilla para trabajos en altura,cooperativa/acopio,,Alta,"Si se ofrece barquilla, validar condiciones de seguridad, seguro y habilitación de maniobra. Percha para pallets: útil para insumos, bolsones, repuestos y materiales palletizados."
PRESOL-088,Pendiente,Río Cuarto / RN36 sur,Alcira Gigena,Alcira Gigena,C,30,3C Biogás S.A.,Energía / biogás,Industria / mantenimiento,A relevar,A relevar,,,despacho / producción,"Movimientos especiales de mantenimiento, repuestos pesados y mudanzas internas de equipos.","Traslados especiales con plataforma, hidrogrúa, percha para pallets y trazabilidad GPS.",Prospecto técnico; validar contacto local en terreno.,Visita o llamada de validación; pedir próximo traslado concreto.,Validar contacto decisor y necesidad inmediata.,"https://www.google.com/maps/search/?api=1&query=-32.757000,-64.332000",UNRC / investigación web,,Registro curado en documento de dirección PRESOL 2026-09.,Media,Base curada PDF dirección,,,,,plataforma | hidrogrúa | percha para pallets,otro rubro factible,,Baja / visitar solo por cercanía,
PRESOL-079,Pendiente,Río Cuarto / RN36 sur,Berrotarán,Berrotarán,B,75,Doble A Servicios Metalúrgicos,Zinguería / estructuras metálicas,Metalmecánica / despacho,358 4185826,OK,tel:+543584185826,tel:+543584185826,despacho / producción,"Despacho de implementos, agropartes, tolvas, estructuras, piezas industriales y maquinaria sobre plataforma.","Plataforma 20 tn + hidrogrúa + percha para pallets para implementos, agropartes y piezas industriales.",Visitar y detectar obras/instalaciones próximas.,Visita o llamada de validación; pedir próximo traslado concreto.,Validar contacto decisor y necesidad inmediata.,"https://www.google.com/maps/search/?api=1&query=-32.452000,-64.388000",Facebook Doble A Servicios Metalúrgicos,,Registro curado en documento de dirección PRESOL 2026-09.,Alta,Base curada PDF dirección,,,,,plataforma 20 tn para maquinaria/piezas | hidrogrúa para maniobras | percha para pallets,otro rubro factible,,Alta,
PRESOL-089,Pendiente,Río Cuarto / RN36 sur,Berrotarán,Berrotarán,C,30,Canteras/corralones locales,Áridos / materiales,Hormigón / áridos / premoldeados,A relevar,A relevar,,,planta / mantenimiento,"Movimiento de áridos, premoldeados, equipos de planta/cantera, moldes, bolsones y materiales de obra.","Transporte de áridos/materiales, premoldeados y equipos; hidrogrúa para carga/descarga y percha para pallets.",Relevamiento presencial: la web no muestra nombres confiables.,Visita o llamada de validación; pedir próximo traslado concreto.,Validar contacto decisor y necesidad inmediata.,"https://www.google.com/maps/search/?api=1&query=-32.452000,-64.384000",Relevamiento recomendado,,Registro curado en documento de dirección PRESOL 2026-09.,Media,Base curada PDF dirección,,,,,transporte de áridos/materiales | hidrogrúa para carga/descarga | percha para pallets/bolsones,áridos/construcción/premoldeados,,Baja / visitar solo por cercanía,"Para áridos, validar modalidad de carga/descarga y tipo de unidad requerida antes de cotizar."
PRESOL-080,Pendiente,Río Cuarto / RN36 sur,Chucul,Chucul,B,75,Cotagro — Sucursal Chucul,Acopio agropecuario,Agro / acopio / planta,0358 4912008 / 0358 4933333,OK,tel:+543584912008,tel:+543584912008 | tel:+543584933333,responsable de acopio / mantenimiento,"Traslado de insumos, pallets, fertilizantes, repuestos pesados, silos/equipos y apoyo de mantenimiento en planta.","Plataforma + percha pallets + hidrogrúa/barquilla para insumos, repuestos, silos/equipos y mantenimiento.",Punto de paso; no dedicar medio día.,Visita o llamada de validación; pedir próximo traslado concreto.,Validar contacto decisor y necesidad inmediata.,"https://www.google.com/maps/search/?api=1&query=-33.016000,-64.208000",Maptons / Cotagro,,Registro curado en documento de dirección PRESOL 2026-09.,Alta,Base curada PDF dirección,,,,,percha para pallets de insumos | hidrogrúa para equipos/mantenimiento | barquilla para trabajos en altura,cooperativa/acopio,,Alta,"Si se ofrece barquilla, validar condiciones de seguridad, seguro y habilitación de maniobra. Percha para pallets: útil para insumos, bolsones, repuestos y materiales palletizados."
PRESOL-065,Pendiente,Río Cuarto / RN36 sur,Elena,Elena,A,100,CAGLE — Cooperativa Agrícola de Elena,Acopio / agro / estación de servicios,Agro / acopio / planta,3584 881118,OK,tel:+543584881118,tel:+543584881118,operaciones / entregas,"Traslado de insumos, pallets, fertilizantes, repuestos pesados, silos/equipos y apoyo de mantenimiento en planta.","Plataforma + percha pallets + hidrogrúa/barquilla para insumos, repuestos, silos/equipos y mantenimiento.",Obras recientes + nueva planta futura: transporte de equipos.,Visita o llamada de validación; pedir próximo traslado concreto.,Validar contacto decisor y necesidad inmediata.,"https://www.google.com/maps/search/?api=1&query=-32.569649,-64.392432",cagle.com.ar,,Registro curado en documento de dirección PRESOL 2026-09.,Alta,Base curada PDF dirección,,,,,percha para pallets de insumos | hidrogrúa para equipos/mantenimiento | barquilla para trabajos en altura,cooperativa/acopio,,Muy alta,"Si se ofrece barquilla, validar condiciones de seguridad, seguro y habilitación de maniobra. Percha para pallets: útil para insumos, bolsones, repuestos y materiales palletizados."
PRESOL-081,Pendiente,Río Cuarto / RN36 sur,Elena,Elena,B,75,Gliestore S.A.,Soja / alimentos / exportación,Industria / mantenimiento,0358 4641548 / 9358 4024598,OK,tel:+543584641548,tel:+543584641548 | tel:+5493584024598,responsable de acopio / mantenimiento,"Movimientos especiales de mantenimiento, repuestos pesados y mudanzas internas de equipos.","Traslados especiales con plataforma, hidrogrúa, percha para pallets y trazabilidad GPS.",Empresa exportadora; preguntar por logística de equipos y planta.,Visita o llamada de validación; pedir próximo traslado concreto.,Validar contacto decisor y necesidad inmediata.,"https://www.google.com/maps/search/?api=1&query=-32.571800,-64.390000",Exportadores de Córdoba,,Registro curado en documento de dirección PRESOL 2026-09.,Alta,Base curada PDF dirección,,,,,plataforma | hidrogrúa | percha para pallets,planta agroindustrial,,Alta,"Percha para pallets: útil para insumos, bolsones, repuestos y materiales palletizados."
PRESOL-082,Pendiente,Río Cuarto / RN36 sur,Las Higueras,Las Higueras,B,50,Parque Industrial y Logístico Las Higueras,Radicaciones / logística,Puerta institucional,A relevar vía municipio/parque,A relevar,,,despacho / producción,"Movimientos especiales de mantenimiento, repuestos pesados y mudanzas internas de equipos.","Traslados especiales con plataforma, hidrogrúa, percha para pallets y trazabilidad GPS.",Pedir listado de empresas radicadas y obras en apertura de calles.,Visita o llamada de validación; pedir próximo traslado concreto.,Validar contacto decisor y necesidad inmediata.,"https://www.google.com/maps/search/?api=1&query=-33.093000,-64.288000",argentina.gob.ar / La Voz,,Registro curado en documento de dirección PRESOL 2026-09.,Media,Base curada PDF dirección,,,,,plataforma | hidrogrúa | percha para pallets,otro rubro factible,,Media,
PRESOL-066,Pendiente,Río Cuarto / RN36 sur,Río Cuarto,Río Cuarto,A,100,AFEMA S.A.,Constructora vial,Obra / constructora,0351 7371862,OK,tel:+543517371862,tel:+543517371862,jefe de obra / logística,"Traslado de áridos/materiales, maquinaria, módulos de obrador, estructuras y cargas pesadas entre frentes.",Transporte de áridos/materiales y cargas de obra + hidrogrúa/barquilla/percha pallets según necesidad.,Obras viales activas; pedir jefe de obra/logística.,Visita o llamada de validación; pedir próximo traslado concreto.,Validar contacto decisor y necesidad inmediata.,"https://www.google.com/maps/search/?api=1&query=-33.105000,-64.335000",Facebook AFEMA,,Registro curado en documento de dirección PRESOL 2026-09.,Alta,Base curada PDF dirección,,,,,plataforma | hidrogrúa | percha para pallets,otro rubro factible,,Muy alta,
PRESOL-067,Pendiente,Río Cuarto / RN36 sur,Río Cuarto,Río Cuarto,A,75,BIDESA Obras Viales y Civiles,Obra vial / UTE,Obra / constructora,A relevar en obrador,A relevar,,,jefe de obra / logística,"Traslado de áridos/materiales, maquinaria, módulos de obrador, estructuras y cargas pesadas entre frentes.",Transporte de áridos/materiales y cargas de obra + hidrogrúa/barquilla/percha pallets según necesidad.,"Si está en obra, entrar por obrador; teléfono no público.",Visita o llamada de validación; pedir próximo traslado concreto.,Validar contacto decisor y necesidad inmediata.,"https://www.google.com/maps/search/?api=1&query=-33.108000,-64.327000",Construar / Boletín Oficial,,Registro curado en documento de dirección PRESOL 2026-09.,Media,Base curada PDF dirección,,,,,plataforma | hidrogrúa | percha para pallets,otro rubro factible,,Alta,
PRESOL-068,Pendiente,Río Cuarto / RN36 sur,Río Cuarto,Río Cuarto,A,100,Canteras Bringas,Áridos / hormigón / obra pública,Hormigón / áridos / premoldeados,0358 154906010,OK,tel:+5493584906010,tel:+5493584906010,jefe de obra / logística,"Movimiento de áridos, premoldeados, equipos de planta/cantera, moldes, bolsones y materiales de obra.","Transporte de áridos/materiales, premoldeados y equipos; hidrogrúa para carga/descarga y percha para pallets.",Pegada a Circunvalación: muy caliente para obra vial.,Visita o llamada de validación; pedir próximo traslado concreto.,Validar contacto decisor y necesidad inmediata.,"https://www.google.com/maps/search/?api=1&query=-33.145000,-64.425000",gurugo.com.ar / canterasbringas.ar,,Registro curado en documento de dirección PRESOL 2026-09.,Alta,Base curada PDF dirección,,,,,transporte de áridos/materiales | hidrogrúa para carga/descarga | percha para pallets/bolsones,áridos/construcción/premoldeados,,Muy alta,"Para áridos, validar modalidad de carga/descarga y tipo de unidad requerida antes de cotizar."
PRESOL-069,Pendiente,Río Cuarto / RN36 sur,Río Cuarto,Río Cuarto,A,100,CasaContainer Río Cuarto,Módulos / containers,Módulos / containers,0358 4310288,OK,tel:+543584310288,tel:+543584310288,operaciones / entregas,"Entrega, descarga y posicionamiento de módulos/containers en obra o cliente final.","Plataforma + malacate + hidrogrúa para retiro, traslado, descarga y posicionamiento.",Ellos venden “te lo llevamos”; PRESOL puede ser proveedor logístico.,Visita o llamada de validación; pedir próximo traslado concreto.,Validar contacto decisor y necesidad inmediata.,"https://www.google.com/maps/search/?api=1&query=-33.118737,-64.382102",Facebook CasaContainer,,Registro curado en documento de dirección PRESOL 2026-09.,Alta,Base curada PDF dirección,,,,,plataforma | hidrogrúa | percha para pallets,otro rubro factible,,Muy alta,
PRESOL-070,Pendiente,Río Cuarto / RN36 sur,Río Cuarto,Río Cuarto,A,100,Construcciones Metálicas El Colono S.A.,Estructuras metálicas / silos,Agro / acopio / planta,0358 4628525,OK,tel:+543584628525,tel:+543584628525,jefe de obra / logística,"Traslado de insumos, pallets, fertilizantes, repuestos pesados, silos/equipos y apoyo de mantenimiento en planta.","Plataforma + percha pallets + hidrogrúa/barquilla para insumos, repuestos, silos/equipos y mantenimiento.",Uno de los mejores encajes; pedir despacho/montaje.,Visita o llamada de validación; pedir próximo traslado concreto.,Validar contacto decisor y necesidad inmediata.,"https://www.google.com/maps/search/?api=1&query=-33.151690,-64.357888",elcolonosa.com.ar / Facebook,,Registro curado en documento de dirección PRESOL 2026-09.,Alta,Base curada PDF dirección,,,,,plataforma 20 tn para maquinaria/piezas | hidrogrúa para maniobras | percha para pallets,otro rubro factible,,Muy alta,
PRESOL-071,Pendiente,Río Cuarto / RN36 sur,Río Cuarto,Río Cuarto,A,100,Da Ros Premoldeados,Premoldeados de hormigón / agro e industria,Agro / acopio / planta,+54 358 508-9009,OK,tel:+543585089009,tel:+543585089009,despacho / logística,"Traslado de insumos, pallets, fertilizantes, repuestos pesados, silos/equipos y apoyo de mantenimiento en planta.","Plataforma + percha pallets + hidrogrúa/barquilla para insumos, repuestos, silos/equipos y mantenimiento.",Premoldeados con productos agro e industriales y envío propio; PRESOL puede ofrecer refuerzo o traslados especiales.,"Validar teléfono/contacto; si responde, pedir un caso concreto de traslado o próximo movimiento.",Confirmar decisor y vigencia del dato antes de incluir en salida prioritaria.,https://www.google.com/maps/search/?api=1&query=Da+Ros+Premoldeados+R%C3%ADo+Cuarto+C%C3%B3rdoba+Argentina,Web propia Da Ros Premoldeados,https://www.darospremoldeados.com.ar,"Sitio propio informa 100 años, productos agro/industria, envío propio, teléfono y dirección.",Alta,Nuevo enriquecimiento 2026-09-02,,,,,transporte de áridos/materiales | hidrogrúa para carga/descarga | percha para pallets/bolsones,áridos/construcción/premoldeados,,Muy alta,"Para áridos, validar modalidad de carga/descarga y tipo de unidad requerida antes de cotizar. Percha para pallets: útil para insumos, bolsones, repuestos y materiales palletizados."
PRESOL-072,Pendiente,Río Cuarto / RN36 sur,Río Cuarto,Río Cuarto,A,100,Dexco Constructora,Constructora local,Obra / constructora,0358 4640139 / 0358 154869634,OK,tel:+543584640139,tel:+543584640139 | tel:+5493584869634,jefe de obra / logística,"Traslado de áridos/materiales, maquinaria, módulos de obrador, estructuras y cargas pesadas entre frentes.",Transporte de áridos/materiales y cargas de obra + hidrogrúa/barquilla/percha pallets según necesidad.,Tiene obras activas; pedir compras/operaciones.,Visita o llamada de validación; pedir próximo traslado concreto.,Validar contacto decisor y necesidad inmediata.,"https://www.google.com/maps/search/?api=1&query=-33.112715,-64.369622",constructoradexco.com/contacto,,Registro curado en documento de dirección PRESOL 2026-09.,Alta,Base curada PDF dirección,,,,,plataforma | hidrogrúa | percha para pallets,otro rubro factible,,Muy alta,
PRESOL-073,Pendiente,Río Cuarto / RN36 sur,Río Cuarto / Holmberg / General Cabrera,Río Cuarto,A,100,INCISA S.A. — División Hormigones,Hormigón elaborado / plantas y bombeo,Hormigón / áridos / premoldeados,3584 38 9870,OK,tel:+543584389870,tel:+543584389870,planta / mantenimiento / logística,"Movimiento de áridos, premoldeados, equipos de planta/cantera, moldes, bolsones y materiales de obra.","Transporte de áridos/materiales, premoldeados y equipos; hidrogrúa para carga/descarga y percha para pallets.","Dos plantas estratégicas y planta móvil; puede requerir traslados de equipos, bombas y apoyo en obras.","Validar teléfono/contacto; si responde, pedir un caso concreto de traslado o próximo movimiento.",Confirmar decisor y vigencia del dato antes de incluir en salida prioritaria.,https://www.google.com/maps/search/?api=1&query=INCISA+S.A.+%E2%80%94+Divisi%C3%B3n+Hormigones+R%C3%ADo+Cuarto+C%C3%B3rdoba+Argentina,Web propia INCISA,https://incisa-sa.com/division-hormigones,"Sitio informa plantas Santa Catalina-Holmberg y General Cabrera, planta móvil, bombeo y teléfono de ventas.",Alta,Nuevo enriquecimiento 2026-09-02,,,,,transporte de áridos/materiales | hidrogrúa para carga/descarga | percha para pallets/bolsones,áridos/construcción/premoldeados,,Muy alta,"Si se ofrece barquilla, validar condiciones de seguridad, seguro y habilitación de maniobra. Para áridos, validar modalidad de carga/descarga y tipo de unidad requerida antes de cotizar."
PRESOL-074,Pendiente,Río Cuarto / RN36 sur,Río Cuarto,Río Cuarto,A,75,Luciano S.A.,Obra vial / UTE,Obra / constructora,A relevar,A relevar,,,jefe de obra / logística,"Traslado de áridos/materiales, maquinaria, módulos de obrador, estructuras y cargas pesadas entre frentes.",Transporte de áridos/materiales y cargas de obra + hidrogrúa/barquilla/percha pallets según necesidad.,Oferente/contratista; buscar obrador primero.,Visita o llamada de validación; pedir próximo traslado concreto.,Validar contacto decisor y necesidad inmediata.,"https://www.google.com/maps/search/?api=1&query=-33.111000,-64.329000",Construar / licitaciones,,Registro curado en documento de dirección PRESOL 2026-09.,Media,Base curada PDF dirección,,,,,plataforma | hidrogrúa | percha para pallets,otro rubro factible,,Alta,
PRESOL-075,Pendiente,Río Cuarto / RN36 sur,Río Cuarto,Río Cuarto,A,100,Marinelli S.A.,Áridos / hormigón / obras,Obra / constructora,0358 4647058,OK,tel:+543584647058,tel:+543584647058,jefe de obra / logística,"Traslado de áridos/materiales, maquinaria, módulos de obrador, estructuras y cargas pesadas entre frentes.",Transporte de áridos/materiales y cargas de obra + hidrogrúa/barquilla/percha pallets según necesidad.,Tiene cantera y flota; ofrecer respaldo/picos/traslados especiales.,Visita o llamada de validación; pedir próximo traslado concreto.,Validar contacto decisor y necesidad inmediata.,"https://www.google.com/maps/search/?api=1&query=-33.102771,-64.336058",marinellisa.store,,Registro curado en documento de dirección PRESOL 2026-09.,Alta,Base curada PDF dirección,,,,,transporte de áridos/materiales | hidrogrúa para carga/descarga | percha para pallets/bolsones,áridos/construcción/premoldeados,,Muy alta,"Para áridos, validar modalidad de carga/descarga y tipo de unidad requerida antes de cotizar."
PRESOL-076,Pendiente,Río Cuarto / RN36 sur,Río Cuarto,Río Cuarto,A,100,Paolini Hnos S.A.,Obra vial / constructora nacional,Obra / constructora,011 48779600,OK,tel:+541148779600,tel:+541148779600,jefe de obra / logística,"Traslado de áridos/materiales, maquinaria, módulos de obrador, estructuras y cargas pesadas entre frentes.",Transporte de áridos/materiales y cargas de obra + hidrogrúa/barquilla/percha pallets según necesidad.,Teléfono central; mejor entrar por obrador local.,Visita o llamada de validación; pedir próximo traslado concreto.,Validar contacto decisor y necesidad inmediata.,"https://www.google.com/maps/search/?api=1&query=-33.114000,-64.331000",paolini.com.ar,,Registro curado en documento de dirección PRESOL 2026-09.,Alta,Base curada PDF dirección,,,,,plataforma | hidrogrúa | percha para pallets,otro rubro factible,,Muy alta,
PRESOL-077,Pendiente,Río Cuarto / RN36 sur,Río Cuarto,Río Cuarto,A,100,Soardo Construcciones,Constructora local,Obra / constructora,0358 4166315,OK,tel:+543584166315,tel:+543584166315,jefe de obra / logística,"Traslado de áridos/materiales, maquinaria, módulos de obrador, estructuras y cargas pesadas entre frentes.",Transporte de áridos/materiales y cargas de obra + hidrogrúa/barquilla/percha pallets según necesidad.,Pedir responsable de obra; cotizar un próximo traslado.,Visita o llamada de validación; pedir próximo traslado concreto.,Validar contacto decisor y necesidad inmediata.,"https://www.google.com/maps/search/?api=1&query=-33.119000,-64.351000",soardoconstrucciones.site,,Registro curado en documento de dirección PRESOL 2026-09.,Alta,Base curada PDF dirección,,,,,plataforma | hidrogrúa | percha para pallets,otro rubro factible,,Muy alta,
PRESOL-083,Pendiente,Río Cuarto / RN36 sur,Río Cuarto,Río Cuarto,B,75,Agrorio Maquinarias,Maquinaria agrícola,Industria / mantenimiento,03586 093110,OK,tel:+543586093110,tel:+543586093110,responsable de acopio / mantenimiento,"Despacho de implementos, agropartes, tolvas, estructuras, piezas industriales y maquinaria sobre plataforma.","Plataforma 20 tn + hidrogrúa + percha para pallets para implementos, agropartes y piezas industriales.",Ofrecer PRESOL como transportista regional confiable.,Visita o llamada de validación; pedir próximo traslado concreto.,Validar contacto decisor y necesidad inmediata.,"https://www.google.com/maps/search/?api=1&query=-33.125500,-64.382000",Facebook AgroRío,,Registro curado en documento de dirección PRESOL 2026-09.,Alta,Base curada PDF dirección,,,,,plataforma 20 tn para maquinaria/piezas | hidrogrúa para maniobras | percha para pallets,fabricante/servicio maquinaria agrícola,,Alta,
PRESOL-084,Pendiente,Río Cuarto / RN36 sur,Río Cuarto,Río Cuarto,B,50,CARMIX S.R.L.,Premoldeados / pisos industriales / pavimento / silos,Agro / acopio / planta,A relevar,A relevar,,,despacho / obra,"Traslado de insumos, pallets, fertilizantes, repuestos pesados, silos/equipos y apoyo de mantenimiento en planta.","Plataforma + percha pallets + hidrogrúa/barquilla para insumos, repuestos, silos/equipos y mantenimiento.","Premoldeados, pisos industriales, pavimento y silos: potencial movimiento de piezas/equipos.","Validar teléfono/contacto; si responde, pedir un caso concreto de traslado o próximo movimiento.",Confirmar decisor y vigencia del dato antes de incluir en salida prioritaria.,https://www.google.com/maps/search/?api=1&query=CARMIX+S.R.L.+R%C3%ADo+Cuarto+C%C3%B3rdoba+Argentina,Guía de Río Cuarto / resultado de búsqueda,https://guia.deriocuarto.ar/carmix-srl-dd2328.html,"Resultado público describe premoldeados de hormigón, pisos industriales, pavimento, cordón cuneta y silos.",Media,Nuevo enriquecimiento 2026-09-02,,,,,transporte de áridos/materiales | hidrogrúa para carga/descarga | percha para pallets/bolsones,áridos/construcción/premoldeados,,Media,
PRESOL-085,Pendiente,Río Cuarto / RN36 sur,Río Cuarto,Río Cuarto,B,75,Capello S.A.,Constructora / corralón,Obra / constructora,0358 4645929,OK,tel:+543584645929,tel:+543584645929,jefe de obra / logística,"Traslado de áridos/materiales, maquinaria, módulos de obrador, estructuras y cargas pesadas entre frentes.",Transporte de áridos/materiales y cargas de obra + hidrogrúa/barquilla/percha pallets según necesidad.,Vender apoyo logístico para obras y compras pesadas.,Visita o llamada de validación; pedir próximo traslado concreto.,Validar contacto decisor y necesidad inmediata.,"https://www.google.com/maps/search/?api=1&query=-33.121500,-64.350500",guia.deriocuarto.ar,,Registro curado en documento de dirección PRESOL 2026-09.,Alta,Base curada PDF dirección,,,,,transporte de áridos/materiales | hidrogrúa para carga/descarga | percha para pallets/bolsones,áridos/construcción/premoldeados,,Alta,"Para áridos, validar modalidad de carga/descarga y tipo de unidad requerida antes de cotizar."
PRESOL-086,Pendiente,Río Cuarto / RN36 sur,Río Cuarto,Río Cuarto,B,75,Cotagro — Río Cuarto,Agro / fertilizantes / acopio,Agro / acopio / planta,0358 4933333,OK,tel:+543584933333,tel:+543584933333,responsable de acopio / mantenimiento,"Traslado de insumos, pallets, fertilizantes, repuestos pesados, silos/equipos y apoyo de mantenimiento en planta.","Plataforma + percha pallets + hidrogrúa/barquilla para insumos, repuestos, silos/equipos y mantenimiento.",Punto dentro de red Cotagro; usar puerta Alcira si funciona.,Visita o llamada de validación; pedir próximo traslado concreto.,Validar contacto decisor y necesidad inmediata.,"https://www.google.com/maps/search/?api=1&query=-33.118000,-64.322000",cotagroweb.com.ar/contacto,,Registro curado en documento de dirección PRESOL 2026-09.,Alta,Base curada PDF dirección,,,,,percha para pallets de insumos | hidrogrúa para equipos/mantenimiento | barquilla para trabajos en altura,cooperativa/acopio | planta agroindustrial,,Alta,"Si se ofrece barquilla, validar condiciones de seguridad, seguro y habilitación de maniobra. Percha para pallets: útil para insumos, bolsones, repuestos y materiales palletizados."
PRESOL-087,Pendiente,Río Cuarto / RN36 sur,Río Cuarto,Río Cuarto,B,75,Fontezuela Cereales,Acopio / cereales,Agro / acopio / planta,02477 497135/37,OK,tel:+542477497135,tel:+542477497135,responsable de acopio / mantenimiento,"Traslado de insumos, pallets, fertilizantes, repuestos pesados, silos/equipos y apoyo de mantenimiento en planta.","Plataforma + percha pallets + hidrogrúa/barquilla para insumos, repuestos, silos/equipos y mantenimiento.",Consultar frecuencia de movimientos especiales.,Visita o llamada de validación; pedir próximo traslado concreto.,Validar contacto decisor y necesidad inmediata.,"https://www.google.com/maps/search/?api=1&query=-33.123200,-64.345300",fontezuelacereales.com.ar,,Registro curado en documento de dirección PRESOL 2026-09.,Alta,Base curada PDF dirección,,,,,percha para pallets de insumos | hidrogrúa para equipos/mantenimiento | barquilla para trabajos en altura,cooperativa/acopio,,Alta,"Si se ofrece barquilla, validar condiciones de seguridad, seguro y habilitación de maniobra."
PRESOL-135,Pendiente,Tancacha / RP6,Tancacha / Tucumán,Tancacha,A,96,A&F Implementos Agrícolas,Implementos agrícolas / repuestos / fabricación metalúrgica,Maquinaria agrícola / metalmecánica,+54 3571 57 6545,OK,tel:+543571576545,tel:+543571576545,producción / despacho / dueño,"Despacho de implementos, agropartes, tolvas, estructuras, piezas industriales y maquinaria sobre plataforma.","Plataforma 20 tn + hidrogrúa + percha para pallets para implementos, agropartes y piezas industriales.","Fabricación y venta de repuestos/implementos agrícolas; buen encaje para plataforma, percha pallets y piezas.","Llamar a producción/despacho y ofrecer transporte de implementos, repuestos palletizados y cargas especiales.",Confirmar calendario de despachos y si mueve implementos completos.,https://www.google.com/maps/search/?api=1&query=A%26F+Implementos+Agr%C3%ADcolas+Tancacha+C%C3%B3rdoba+Argentina,Web propia A&F,https://implementosayf.com.ar,"Sitio propio: Tucumán 745, Tancacha; +54 3571 57 6545; fabricación de implementos agrícolas y repuestos.",Alta,Nuevo enriquecimiento zonas priorizadas 2026-09,,,,,plataforma 20 tn para maquinaria/piezas | hidrogrúa para maniobras | percha para pallets,fabricante/servicio maquinaria agrícola,Sí,Muy alta,
PRESOL-136,Pendiente,Tancacha / RP6,Tancacha / Ruta Prov. 6,Tancacha,B,81,Imegen,Metalúrgica / equipos industriales / soluciones tecnológicas para industria,Maquinaria agrícola / metalmecánica,+54 3571 460242,OK,tel:+543571460242,tel:+543571460242,producción / despacho,"Despacho de implementos, agropartes, tolvas, estructuras, piezas industriales y maquinaria sobre plataforma.","Plataforma 20 tn + hidrogrúa + percha para pallets para implementos, agropartes y piezas industriales.","Metalúrgica con equipos industriales; potencial de traslado de equipos, pallets, piezas y apoyo de hidrogrúa.",Contactar producción/despacho y preguntar por entregas de equipos o retiros de materia prima.,Validar necesidad real de transporte externo.,https://www.google.com/maps/search/?api=1&query=Imegen+Tancacha+C%C3%B3rdoba+Argentina,Maquinac,https://maquinac.com/empresas/imegen,"Maquinac: Ruta Prov. 6 Km 27, Tancacha; +54 3571 460242; equipos industriales.",Alta,Nuevo enriquecimiento zonas priorizadas 2026-09,,,,,plataforma 20 tn para maquinaria/piezas | hidrogrúa para maniobras | percha para pallets,otro rubro factible,Sí,Alta,
PRESOL-124,Pendiente,Villa Ascasubi / RP6-E79,Villa Ascasubi / Ruta E79,Villa Ascasubi,A,99,Costa del Río SRL,Cantera / áridos lavados / fertilizantes / feedlot,Agro / acopio / cooperativa,+54 9 3571 363338,OK,tel:+5493571363338,tel:+5493571363338,cantera / despacho / logística,"Traslado de insumos, pallets, fertilizantes, repuestos pesados, silos/equipos y apoyo de mantenimiento en planta.","Plataforma + percha pallets + hidrogrúa/barquilla para insumos, repuestos, silos/equipos y mantenimiento.",Cantera de áridos lavados y clasificados en Villa Ascasubi; encaje directo para transporte de áridos/materiales.,"Llamar a despacho/cantera y ofrecer transporte de áridos, bolsones/pallets y apoyo de hidrogrúa si requiere.","Confirmar modalidad de carga, tipo de árido y unidad apta antes de cotizar.",https://www.google.com/maps/search/?api=1&query=Costa+del+R%C3%ADo+SRL+Villa+Ascasubi+C%C3%B3rdoba+Argentina,Web propia Costa del Río,https://costadelrio.com/contacto,"Contacto web: WhatsApp 5493571363338; dirección Villa Ascasubi Ruta E79 45; sección cantera lista arena, canto rodado, ripio y 0-20.",Alta,Nuevo enriquecimiento zonas priorizadas 2026-09,,,,,transporte de áridos/materiales | hidrogrúa para carga/descarga | percha para pallets/bolsones | percha para pallets de insumos | hidrogrúa para equipos/mantenimiento | barquilla para trabajos en altura,áridos/construcción/premoldeados | planta agroindustrial,Sí,Muy alta,"Para áridos, validar modalidad de carga/descarga y tipo de unidad requerida antes de cotizar. Percha para pallets: útil para insumos, bolsones, repuestos y materiales palletizados."
PRESOL-126,Pendiente,Villa Ascasubi / RP6-E79,Villa Ascasubi / tránsito pesado,Villa Ascasubi,B,77,Construir Villa Ascasubi,Corralón / materiales construcción / tránsito pesado,Hormigón / áridos / premoldeados,3571 577272,VER,tel:+543571577272,tel:+543571577272,dueño / compras / logística,"Movimiento de áridos, premoldeados, equipos de planta/cantera, moldes, bolsones y materiales de obra.","Transporte de áridos/materiales, premoldeados y equipos; hidrogrúa para carga/descarga y percha para pallets.","Corralón sobre tránsito pesado; potencial de pallets, bolsones, áridos, materiales y entregas a obra.",Verificar teléfono y preguntar si tercerizan fletes de pallets/bolsones/áridos o entregas de obra.,Confirmar teléfono alternativo y frecuencia de fletes pesados.,https://www.google.com/maps/search/?api=1&query=Construir+Villa+Ascasubi+Villa+Ascasubi+C%C3%B3rdoba+Argentina,Instagram público Construir Villa Ascasubi,https://www.instagram.com/construir.va,"Perfil público: Materiales de Construcción; Pueyrredón esq. Dr. Tomás Garzón, Villa Ascasubi; teléfono 3571577272.",Media,Nuevo enriquecimiento zonas priorizadas 2026-09,,,,,transporte de áridos/materiales | hidrogrúa para carga/descarga | percha para pallets/bolsones,áridos/construcción/premoldeados,Sí,Media,"Para áridos, validar modalidad de carga/descarga y tipo de unidad requerida antes de cotizar."
PRESOL-125,Pendiente,Villa Ascasubi / RP6-E79,Villa Ascasubi / centro,Villa Ascasubi,B,85,Cooperativa de Villa Ascasubi,Cooperativa de servicios públicos / infraestructura local,Obra / constructora,03571 498118 / 3571 520004 guardia,OK,tel:+543571498118,tel:+543571498118 | tel:+543571520004,mantenimiento / administración / obras,"Traslado de áridos/materiales, maquinaria, módulos de obrador, estructuras y cargas pesadas entre frentes.",Transporte de áridos/materiales y cargas de obra + hidrogrúa/barquilla/percha pallets según necesidad.,"Cooperativa local con redes/servicios; oportunidad para barquilla, hidrogrúa y materiales en obras/mantenimiento.",Pedir por mantenimiento/obras y ofrecer barquilla de hidrogrúa para trabajos en altura y movimientos de equipos.,"Validar si contratan terceros para trabajos de red, postes, bombas o mantenimiento.",https://www.google.com/maps/search/?api=1&query=Cooperativa+de+Villa+Ascasubi+Villa+Ascasubi+C%C3%B3rdoba+Argentina,Web propia Cooperativa Villa Ascasubi,https://va.coop.ar/contacto,"Contacto publicado: Libertad 70, Villa Ascasubi; teléfono 03571 498118; guardia 3571 520004.",Alta,Nuevo enriquecimiento zonas priorizadas 2026-09,,,,,percha para pallets de insumos | hidrogrúa para equipos/mantenimiento | barquilla para trabajos en altura | barquilla de hidrogrúa para mantenimiento en altura | hidrogrúa para postes/equipos,cooperativa/acopio,Sí,Alta,"Si se ofrece barquilla, validar condiciones de seguridad, seguro y habilitación de maniobra."
PRESOL-127,Pendiente,Villa Ascasubi / RP6-E79,Villa Ascasubi / ruta E79,Villa Ascasubi,B,73,La Vencedora — Sucursal Villa Ascasubi,Cooperativa agropecuaria / cereales y combustible,Agro / acopio / cooperativa,A relevar,A relevar,,,acopio / encargado de sucursal,"Traslado de insumos, pallets, fertilizantes, repuestos pesados, silos/equipos y apoyo de mantenimiento en planta.","Plataforma + percha pallets + hidrogrúa/barquilla para insumos, repuestos, silos/equipos y mantenimiento.","Sucursal agro/cooperativa en Villa Ascasubi: cereales, combustible e insumos generan oportunidades de pallets y equipos.",Usar contacto central de La Vencedora o relevar en campo el responsable de sucursal.,Relevar teléfono directo de sucursal y responsable operativo.,https://www.google.com/maps/search/?api=1&query=La+Vencedora+%E2%80%94+Sucursal+Villa+Ascasubi+Villa+Ascasubi+C%C3%B3rdoba+Argentina,El Manisero / nota pública,https://elmanisero.com.ar/contenido/5464/la-vencedora-abrio-una-sucursal-en-villa-ascasubi,"Resultado público informa apertura de sucursal en Provincial E79 Km 43.2, Villa Ascasubi; cereales y combustible.",Media,Nuevo enriquecimiento zonas priorizadas 2026-09,,,,,percha para pallets de insumos | hidrogrúa para equipos/mantenimiento | barquilla para trabajos en altura,cooperativa/acopio,Sí,Media,"Si se ofrece barquilla, validar condiciones de seguridad, seguro y habilitación de maniobra. Percha para pallets: útil para insumos, bolsones, repuestos y materiales palletizados."
PRESOL-098,Pendiente,Villa María / RP6,Almafuerte,Almafuerte,B,75,Cooperativa Agropecuaria Almafuerte,Acopio / semillas / agroinsumos,Agro / acopio / planta,03571 471182,OK,tel:+543571471182,tel:+543571471182,operaciones / entregas,"Traslado de insumos, pallets, fertilizantes, repuestos pesados, silos/equipos y apoyo de mantenimiento en planta.","Plataforma + percha pallets + hidrogrúa/barquilla para insumos, repuestos, silos/equipos y mantenimiento.",100.000 tn acopiadas; preguntar ampliaciones/mantenimiento.,Visita o llamada de validación; pedir próximo traslado concreto.,Validar contacto decisor y necesidad inmediata.,"https://www.google.com/maps/search/?api=1&query=-32.192000,-64.255000",essapp.coop / Coop. Almafuerte,,Registro curado en documento de dirección PRESOL 2026-09.,Alta,Base curada PDF dirección,,,,,percha para pallets de insumos | hidrogrúa para equipos/mantenimiento | barquilla para trabajos en altura,cooperativa/acopio,,Alta,"Si se ofrece barquilla, validar condiciones de seguridad, seguro y habilitación de maniobra. Percha para pallets: útil para insumos, bolsones, repuestos y materiales palletizados."
PRESOL-090,Pendiente,Villa María / RP6,Hernando,Hernando,A,100,Cooperativa Agrícola La Vencedora,Acopio / agroinsumos / combustible,Agro / acopio / planta,0353 4847133,OK,tel:+543534847133,tel:+543534847133,operaciones / entregas,"Traslado de insumos, pallets, fertilizantes, repuestos pesados, silos/equipos y apoyo de mantenimiento en planta.","Plataforma + percha pallets + hidrogrúa/barquilla para insumos, repuestos, silos/equipos y mantenimiento.",Planta nueva 24.000 tn; pedir gerente Ariel Ferreyra.,Visita o llamada de validación; pedir próximo traslado concreto.,"Relevar responsable de planta/logística; ofrecer percha pallets, hidrogrúa y barquilla para mantenimiento.","https://www.google.com/maps/search/?api=1&query=-32.426000,-63.733000",Agroverdad / La Vencedora,https://agroverdad.com.ar/2024/03/la-nueva-planta-de-acopio-de-la-vencedora-obtuvo-certificacion-ambiental-de-la-provincia,"Nueva planta de acopio de 24.000 toneladas en predio de 14 ha sobre Ruta 6 km 56; instalaciones para fertilizantes, agroinsumos, combustibles y playa de operaciones.",Alta,Base curada PDF dirección | Actualizado zonas priorizadas 2026-09,,,,,percha para pallets de insumos | hidrogrúa para equipos/mantenimiento | barquilla para trabajos en altura,cooperativa/acopio,Sí,Muy alta,"Si se ofrece barquilla, validar condiciones de seguridad, seguro y habilitación de maniobra. Percha para pallets: útil para insumos, bolsones, repuestos y materiales palletizados."
PRESOL-099,Pendiente,Villa María / RP6,Hernando,Hernando,B,75,Agrohernando,Acopio / granos / insumos,Agro / acopio / planta,0353 4960418,OK,tel:+543534960418,tel:+543534960418,responsable de acopio / mantenimiento,"Traslado de insumos, pallets, fertilizantes, repuestos pesados, silos/equipos y apoyo de mantenimiento en planta.","Plataforma + percha pallets + hidrogrúa/barquilla para insumos, repuestos, silos/equipos y mantenimiento.",Empresa familiar 20 años; pedir responsable de operaciones.,Visita o llamada de validación; pedir próximo traslado concreto.,Consultar si requieren refuerzo externo de fletes o movimientos de pallets/equipos.,"https://www.google.com/maps/search/?api=1&query=-32.428000,-63.730000",Web propia Agrohernando,https://www.agrohernando.com.ar,"Sitio propio: Bv. Moreno 935, Hernando; acopio 16.000 tn, depósito de agroquímicos, transporte y capacidad de recepción/entrega de fertilizantes.",Alta,Base curada PDF dirección | Actualizado zonas priorizadas 2026-09,,,,,percha para pallets de insumos | hidrogrúa para equipos/mantenimiento | barquilla para trabajos en altura,cooperativa/acopio,Sí,Alta,"Si se ofrece barquilla, validar condiciones de seguridad, seguro y habilitación de maniobra. Percha para pallets: útil para insumos, bolsones, repuestos y materiales palletizados."
PRESOL-100,Pendiente,Villa María / RP6,Hernando,Hernando,B,75,Industria Metal-Her,Implementos agrícolas / tolvas,Industria / mantenimiento,0353 156568385 / 0353 4846509,OK,tel:+5493536568385,tel:+5493536568385 | tel:+543534846509,responsable de acopio / mantenimiento,"Despacho de implementos, agropartes, tolvas, estructuras, piezas industriales y maquinaria sobre plataforma.","Plataforma 20 tn + hidrogrúa + percha para pallets para implementos, agropartes y piezas industriales.",Muy buen encaje para entregas a clientes y ferias.,Visita o llamada de validación; pedir próximo traslado concreto.,Validar contacto decisor y necesidad inmediata.,"https://www.google.com/maps/search/?api=1&query=-32.424000,-63.737000",Facebook Industria Metal-Her,,Registro curado en documento de dirección PRESOL 2026-09.,Alta,Base curada PDF dirección,,,,,plataforma 20 tn para maquinaria/piezas | hidrogrúa para maniobras | percha para pallets,fabricante/servicio maquinaria agrícola,Sí,Alta,
PRESOL-113,Pendiente,Villa María / RP6,Hernando,Hernando,C,30,AgroServ S.R.L.,Concesionario maquinaria agrícola,Industria / mantenimiento,A relevar,A relevar,,,responsable de acopio / mantenimiento,"Despacho de implementos, agropartes, tolvas, estructuras, piezas industriales y maquinaria sobre plataforma.","Plataforma 20 tn + hidrogrúa + percha para pallets para implementos, agropartes y piezas industriales.",Concesionario Super Walter; relevar contacto directo.,Visita o llamada de validación; pedir próximo traslado concreto.,Validar contacto decisor y necesidad inmediata.,"https://www.google.com/maps/search/?api=1&query=-32.429500,-63.734500",Instagram AgroServ,,Registro curado en documento de dirección PRESOL 2026-09.,Media,Base curada PDF dirección,,,,,plataforma 20 tn para maquinaria/piezas | hidrogrúa para maniobras | percha para pallets,fabricante/servicio maquinaria agrícola,Sí,Baja / visitar solo por cercanía,
PRESOL-114,Pendiente,Villa María / RP6,Hernando,Hernando,C,40,Her.Agro Maquinarias,Maquinaria agrícola nueva/usada,Industria / mantenimiento,3535 690587 (a confirmar),VER,tel:+543535690587,tel:+543535690587,responsable de acopio / mantenimiento,"Despacho de implementos, agropartes, tolvas, estructuras, piezas industriales y maquinaria sobre plataforma.","Plataforma 20 tn + hidrogrúa + percha para pallets para implementos, agropartes y piezas industriales.",Entrar con cotización para próximos movimientos.,Visita o llamada de validación; pedir próximo traslado concreto.,Validar contacto decisor y necesidad inmediata.,"https://www.google.com/maps/search/?api=1&query=-32.422000,-63.731000",Facebook Her.Agro,,Registro curado en documento de dirección PRESOL 2026-09.,Media,Base curada PDF dirección,,,,,plataforma 20 tn para maquinaria/piezas | hidrogrúa para maniobras | percha para pallets,fabricante/servicio maquinaria agrícola,Sí,Baja / visitar solo por cercanía,
PRESOL-091,Pendiente,Villa María / RP6,Tío Pujio,Tío Pujio,A,100,ACA — Centro de Desarrollo Comercial Tío Pujio,Acopio gigante / agro,Agro / acopio / planta,353 5622710 / 0353 4860518 / 0353 4860519,OK,tel:+543535622710,tel:+543535622710 | tel:+543534860518 | tel:+543534860519,responsable de acopio / mantenimiento,"Traslado de insumos, pallets, fertilizantes, repuestos pesados, silos/equipos y apoyo de mantenimiento en planta.","Plataforma + percha pallets + hidrogrúa/barquilla para insumos, repuestos, silos/equipos y mantenimiento.",Pedir Mario Peppino / responsable logística; no ir sin ficha.,Visita o llamada de validación; pedir próximo traslado concreto.,Validar contacto decisor y necesidad inmediata.,"https://www.google.com/maps/search/?api=1&query=-32.288000,-63.356000",Instagram CDC / cooptiopujio.com,,Registro curado en documento de dirección PRESOL 2026-09.,Alta,Base curada PDF dirección,,,,,percha para pallets de insumos | hidrogrúa para equipos/mantenimiento | barquilla para trabajos en altura,cooperativa/acopio,,Muy alta,"Si se ofrece barquilla, validar condiciones de seguridad, seguro y habilitación de maniobra. Percha para pallets: útil para insumos, bolsones, repuestos y materiales palletizados."
PRESOL-101,Pendiente,Villa María / RP6,Tío Pujio,Tío Pujio,B,75,Metalúrgica Jor-Ba / Grupo Tío Pujio,Metalúrgica / extrusado soja,Metalmecánica / despacho,03573 402941,OK,tel:+543573402941,tel:+543573402941,responsable de acopio / mantenimiento,"Despacho de implementos, agropartes, tolvas, estructuras, piezas industriales y maquinaria sobre plataforma.","Plataforma 20 tn + hidrogrúa + percha para pallets para implementos, agropartes y piezas industriales.",Validar si operación está en Tío Pujio o Villa del Rosario.,Visita o llamada de validación; pedir próximo traslado concreto.,Validar contacto decisor y necesidad inmediata.,"https://www.google.com/maps/search/?api=1&query=-32.290000,-63.352000",Facebook Metalúrgica Jor-Ba,,Registro curado en documento de dirección PRESOL 2026-09.,Alta,Base curada PDF dirección,,,,,plataforma 20 tn para maquinaria/piezas | hidrogrúa para maniobras | percha para pallets,otro rubro factible,,Alta,
PRESOL-092,Pendiente,Villa María / RP6,Villa María,Villa María,A,75,Héctor A. Bertone S.A.,Acopio / logística granaria,Agro / acopio / planta,A relevar,A relevar,,,responsable de acopio / mantenimiento,"Traslado de insumos, pallets, fertilizantes, repuestos pesados, silos/equipos y apoyo de mantenimiento en planta.","Plataforma + percha pallets + hidrogrúa/barquilla para insumos, repuestos, silos/equipos y mantenimiento.",Pedir responsable de logística/acopio; teléfono a relevar.,Visita o llamada de validación; pedir próximo traslado concreto.,Validar contacto decisor y necesidad inmediata.,"https://www.google.com/maps/search/?api=1&query=-32.389000,-63.251000",HAB / LinkedIn logística,,Registro curado en documento de dirección PRESOL 2026-09.,Media,Base curada PDF dirección,,,,,percha para pallets de insumos | hidrogrúa para equipos/mantenimiento | barquilla para trabajos en altura,cooperativa/acopio,,Alta,"Si se ofrece barquilla, validar condiciones de seguridad, seguro y habilitación de maniobra."
PRESOL-093,Pendiente,Villa María / RP6,Villa María,Villa María,A,100,Industrias Cormetal S.A.,Metalmecánica / estructuras,Metalmecánica / despacho,0353 4610900 / 0353 6567355,OK,tel:+543534610900,tel:+543534610900 | tel:+543536567355,despacho / producción,"Despacho de implementos, agropartes, tolvas, estructuras, piezas industriales y maquinaria sobre plataforma.","Plataforma 20 tn + hidrogrúa + percha para pallets para implementos, agropartes y piezas industriales.",Pedir responsable de logística/despachos.,Visita o llamada de validación; pedir próximo traslado concreto.,Validar contacto decisor y necesidad inmediata.,"https://www.google.com/maps/search/?api=1&query=-32.385796,-63.267403",guiademantenimiento.com / cormetal.com.ar,,Registro curado en documento de dirección PRESOL 2026-09.,Alta,Base curada PDF dirección,,,,,plataforma 20 tn para maquinaria/piezas | hidrogrúa para maniobras | percha para pallets,otro rubro factible,,Muy alta,
PRESOL-094,Pendiente,Villa María / RP6,Villa María,Villa María,A,100,Mayo Transformadores S.R.L.,Transformadores / metalmecánica,Metalmecánica / despacho,0353 4647606,OK,tel:+543534647606,tel:+543534647606,despacho / producción,"Despacho de implementos, agropartes, tolvas, estructuras, piezas industriales y maquinaria sobre plataforma.","Plataforma 20 tn + hidrogrúa + percha para pallets para implementos, agropartes y piezas industriales.",Seguro de carga + GPS como argumento fuerte.,Visita o llamada de validación; pedir próximo traslado concreto.,Validar contacto decisor y necesidad inmediata.,"https://www.google.com/maps/search/?api=1&query=-32.423000,-63.205000",pilt.com.ar,,Registro curado en documento de dirección PRESOL 2026-09.,Alta,Base curada PDF dirección,,,,,plataforma 20 tn para maquinaria/piezas | hidrogrúa para maniobras | percha para pallets,otro rubro factible,,Muy alta,
PRESOL-095,Pendiente,Villa María / RP6,PILT Villa María,Villa María,A,100,Metalúrgica JAP / MJAP,"Carrozados, trailers, estructuras y reparación de camiones",Metalmecánica / despacho,+54 35 3656-3732 / +54 35 3565-7977,OK,tel:+543536563732,tel:+543536563732 | tel:+543535657977,Juan / Ronald / producción,"Despacho de implementos, agropartes, tolvas, estructuras, piezas industriales y maquinaria sobre plataforma.","Plataforma 20 tn + hidrogrúa + percha para pallets para implementos, agropartes y piezas industriales.","Fabrica carrozados, acoplados, estructuras para montacargas y carrocerías volcadoras; encaje directo con PRESOL.","Validar teléfono/contacto; si responde, pedir un caso concreto de traslado o próximo movimiento.",Confirmar decisor y vigencia del dato antes de incluir en salida prioritaria.,https://www.google.com/maps/search/?api=1&query=Metal%C3%BArgica+JAP+%2F+MJAP+Villa+Mar%C3%ADa+C%C3%B3rdoba+Argentina,Web MJAP + PILT,https://metalurgicajap.com,"Web propia informa teléfonos, servicios y dirección; PILT confirma nueva planta y rubro.",Alta,Nuevo enriquecimiento 2026-09-02,,,,,plataforma | hidrogrúa | percha para pallets,otro rubro factible,,Muy alta,
PRESOL-096,Pendiente,Villa María / RP6,Villa María,Villa María,A,100,Salsiteco S.A.,Constructora / movimiento de suelo,Obra / constructora,0353 4524006 / 0353 5006023,OK,tel:+543534524006,tel:+543534524006 | tel:+543535006023,jefe de obra / logística,"Traslado de áridos/materiales, maquinaria, módulos de obrador, estructuras y cargas pesadas entre frentes.",Transporte de áridos/materiales y cargas de obra + hidrogrúa/barquilla/percha pallets según necesidad.,Muy buen encaje con obras viales; pedir jefe de obra.,Visita o llamada de validación; pedir próximo traslado concreto.,Validar contacto decisor y necesidad inmediata.,"https://www.google.com/maps/search/?api=1&query=-32.412000,-63.236000",salsiteco.com.ar,,Registro curado en documento de dirección PRESOL 2026-09.,Alta,Base curada PDF dirección,,,,,plataforma | hidrogrúa | percha para pallets,otro rubro factible,,Muy alta,
PRESOL-097,Pendiente,Villa María / RP6,PILT Villa María,Villa María,A,85,Terramar Logística SRL / Terminal Villa María,Terminal de contenedores / logística,Módulos / containers,0353 4533821,VER,tel:+543534533821,tel:+543534533821,operaciones terminal / logística,"Entrega, descarga y posicionamiento de módulos/containers en obra o cliente final.","Plataforma + malacate + hidrogrúa para retiro, traslado, descarga y posicionamiento.","Terminal interior de contenedores: oportunidad para traslados, entrega, retiro y apoyo de maniobras.","Validar teléfono/contacto; si responde, pedir un caso concreto de traslado o próximo movimiento.",Confirmar decisor y vigencia del dato antes de incluir en salida prioritaria.,https://www.google.com/maps/search/?api=1&query=Terramar+Log%C3%ADstica+SRL+%2F+Terminal+Villa+Mar%C3%ADa+Villa+Mar%C3%ADa+C%C3%B3rdoba+Argentina,Web Terramar / resultado de búsqueda,https://www.terramarlogistica.com.ar/contenedoresvillamaria,"Sitio informa recepción, administración, reparación y entrega de contenedores en PILT; teléfono aparece en resultado público.",Media,Nuevo enriquecimiento 2026-09-02,,,,,plataforma | hidrogrúa | percha para pallets,otro rubro factible,,Muy alta,
PRESOL-102,Pendiente,Villa María / RP6,Villa María,Villa María,B,75,Carra Sanitarios,Materiales / sanitario / obra,Industria / mantenimiento,0353 4125456,OK,tel:+543534125456,tel:+543534125456,responsable de logística/compras,"Movimientos especiales de mantenimiento, repuestos pesados y mudanzas internas de equipos.","Traslados especiales con plataforma, hidrogrúa, percha para pallets y trazabilidad GPS.",Ubicado sobre corredor; preguntar fletes a clientes/obras.,Visita o llamada de validación; pedir próximo traslado concreto.,Validar contacto decisor y necesidad inmediata.,"https://www.google.com/maps/search/?api=1&query=-32.421000,-63.232000",carrasanitarios.com.ar,,Registro curado en documento de dirección PRESOL 2026-09.,Alta,Base curada PDF dirección,,,,,plataforma | hidrogrúa | percha para pallets,otro rubro factible,,Alta,
PRESOL-103,Pendiente,Villa María / RP6,Villa María,Villa María,B,60,Ceuta Contenedores,Contenedores y obradores,Módulos / containers,0353 154139159,VER,tel:+5493534139159,tel:+5493534139159,operaciones / entregas,"Entrega, descarga y posicionamiento de módulos/containers en obra o cliente final.","Plataforma + malacate + hidrogrúa para retiro, traslado, descarga y posicionamiento.",Proveedor de contenedores/obradores: posible necesidad de transporte y posicionamiento.,"Validar teléfono/contacto; si responde, pedir un caso concreto de traslado o próximo movimiento.",Confirmar decisor y vigencia del dato antes de incluir en salida prioritaria.,https://www.google.com/maps/search/?api=1&query=Ceuta+Contenedores+Villa+Mar%C3%ADa+C%C3%B3rdoba+Argentina,Buscador5900 / resultado de búsqueda,https://www.buscador5900.com.ar/construccion/contenedores-y-obradores,Directorio local informa rubro contenedores/obradores y teléfono; verificar antes de visita.,Media,Nuevo enriquecimiento 2026-09-02,,,,,plataforma | hidrogrúa | percha para pallets,otro rubro factible,,Media,
PRESOL-104,Pendiente,Villa María / RP6,Villa María,Villa María,B,75,DM Constructora,Constructora,Obra / constructora,0353 4260498,OK,tel:+543534260498,tel:+543534260498,jefe de obra / logística,"Traslado de áridos/materiales, maquinaria, módulos de obrador, estructuras y cargas pesadas entre frentes.",Transporte de áridos/materiales y cargas de obra + hidrogrúa/barquilla/percha pallets según necesidad.,Pedir responsable de compras/obra.,Visita o llamada de validación; pedir próximo traslado concreto.,Validar contacto decisor y necesidad inmediata.,"https://www.google.com/maps/search/?api=1&query=-32.408066,-63.245873",dmconstructora.com.ar,,Registro curado en documento de dirección PRESOL 2026-09.,Alta,Base curada PDF dirección,,,,,plataforma | hidrogrúa | percha para pallets,otro rubro factible,,Alta,
PRESOL-105,Pendiente,Villa María / RP6,Villa María,Villa María,B,75,Dipromas S.R.L.,Metalmecánica / PILT,Metalmecánica / despacho,0353 4296608,OK,tel:+543534296608,tel:+543534296608,despacho / producción,"Despacho de implementos, agropartes, tolvas, estructuras, piezas industriales y maquinaria sobre plataforma.","Plataforma 20 tn + hidrogrúa + percha para pallets para implementos, agropartes y piezas industriales.",Visita dentro del PILT; pedir compras/logística.,Visita o llamada de validación; pedir próximo traslado concreto.,Validar contacto decisor y necesidad inmediata.,"https://www.google.com/maps/search/?api=1&query=-32.421000,-63.203000",pilt.com.ar,,Registro curado en documento de dirección PRESOL 2026-09.,Alta,Base curada PDF dirección,,,,,plataforma 20 tn para maquinaria/piezas | hidrogrúa para maniobras | percha para pallets,otro rubro factible,,Alta,
PRESOL-106,Pendiente,Villa María / RP6,Villa María,Villa María,B,75,Frigorífico La Pequeña S.R.L.,Alimenticia / frigorífico,Industria / mantenimiento,0353 154197312,OK,tel:+5493534197312,tel:+5493534197312,despacho / producción,"Movimientos especiales de mantenimiento, repuestos pesados y mudanzas internas de equipos.","Traslados especiales con plataforma, hidrogrúa, percha para pallets y trazabilidad GPS.",No vender frío común; vender movimientos especiales.,Visita o llamada de validación; pedir próximo traslado concreto.,Validar contacto decisor y necesidad inmediata.,"https://www.google.com/maps/search/?api=1&query=-32.420000,-63.209000",pilt.com.ar,,Registro curado en documento de dirección PRESOL 2026-09.,Alta,Base curada PDF dirección,,,,,plataforma | hidrogrúa | percha para pallets,otro rubro factible,,Alta,
PRESOL-107,Pendiente,Villa María / RP6,Villa María,Villa María,B,75,Ghio Construcciones,Constructora / desarrollos,Obra / constructora,0353 4016390,OK,tel:+543534016390,tel:+543534016390,jefe de obra / logística,"Traslado de áridos/materiales, maquinaria, módulos de obrador, estructuras y cargas pesadas entre frentes.",Transporte de áridos/materiales y cargas de obra + hidrogrúa/barquilla/percha pallets según necesidad.,Solicitar próximo traslado de obra.,Visita o llamada de validación; pedir próximo traslado concreto.,Validar contacto decisor y necesidad inmediata.,"https://www.google.com/maps/search/?api=1&query=-32.415019,-63.237719",Instagram Ghio Construcciones,,Registro curado en documento de dirección PRESOL 2026-09.,Alta,Base curada PDF dirección,,,,,plataforma | hidrogrúa | percha para pallets,otro rubro factible,,Alta,
PRESOL-108,Pendiente,Villa María / RP6,PILT / administración parque,Villa María,B,60,PILT Villa María — Administración,Puerta institucional / parque industrial,Puerta institucional,0353 4618698 / 0353 4608191,VER,tel:+543534618698,tel:+543534618698 | tel:+543534608191,administración / listado empresas,"Movimientos especiales de mantenimiento, repuestos pesados y mudanzas internas de equipos.","Traslados especiales con plataforma, hidrogrúa, percha para pallets y trazabilidad GPS.",Puerta para pedir padrón actualizado de empresas y obras de infraestructura dentro del parque.,"Validar teléfono/contacto; si responde, pedir un caso concreto de traslado o próximo movimiento.",Confirmar decisor y vigencia del dato antes de incluir en salida prioritaria.,https://www.google.com/maps/search/?api=1&query=PILT+Villa+Mar%C3%ADa+%E2%80%94+Administraci%C3%B3n+Villa+Mar%C3%ADa+C%C3%B3rdoba+Argentina,PILT / X público / web PILT,https://pilt.com.ar,PILT publica datos de contacto en búsquedas y concentra 224 lotes; sirve como puerta institucional.,Media,Nuevo enriquecimiento 2026-09-02,,,,,plataforma | hidrogrúa | percha para pallets,otro rubro factible,,Media,
PRESOL-109,Pendiente,Villa María / RP6,Villa María,Villa María,B,75,S.A. Molinos Fénix,Molino / alimentos,Industria / mantenimiento,0353 4533573,OK,tel:+543534533573,tel:+543534533573,mantenimiento / compras,"Movimientos especiales de mantenimiento, repuestos pesados y mudanzas internas de equipos.","Traslados especiales con plataforma, hidrogrúa, percha para pallets y trazabilidad GPS.",Preguntar por movimientos de maquinaria/planta.,Visita o llamada de validación; pedir próximo traslado concreto.,Validar contacto decisor y necesidad inmediata.,"https://www.google.com/maps/search/?api=1&query=-32.410000,-63.246000",molinosfenix.com.ar,,Registro curado en documento de dirección PRESOL 2026-09.,Alta,Base curada PDF dirección,,,,,plataforma | hidrogrúa | percha para pallets,planta agroindustrial,,Alta,"Percha para pallets: útil para insumos, bolsones, repuestos y materiales palletizados."
PRESOL-110,Pendiente,Villa María / RP6,Villa María,Villa María,B,75,Sarmiento Materiales,Corralón / materiales,Hormigón / áridos / premoldeados,0353 4610259 / 0353 4112139,OK,tel:+543534610259,tel:+543534610259 | tel:+543534112139,despacho / producción,"Movimiento de áridos, premoldeados, equipos de planta/cantera, moldes, bolsones y materiales de obra.","Transporte de áridos/materiales, premoldeados y equipos; hidrogrúa para carga/descarga y percha para pallets.",Cotizar reparto pesado fuera de zona o picos.,Visita o llamada de validación; pedir próximo traslado concreto.,Validar contacto decisor y necesidad inmediata.,"https://www.google.com/maps/search/?api=1&query=-32.411372,-63.226831",sarmientomateriales / directorio,,Registro curado en documento de dirección PRESOL 2026-09.,Alta,Base curada PDF dirección,,,,,transporte de áridos/materiales | hidrogrúa para carga/descarga | percha para pallets/bolsones,áridos/construcción/premoldeados,,Alta,"Para áridos, validar modalidad de carga/descarga y tipo de unidad requerida antes de cotizar."
PRESOL-111,Pendiente,Villa María / RP6,Villa María,Villa María,B,75,Stainless Steel Manufacturers S.R.L.,Acero inoxidable / fabricación,Industria / mantenimiento,0353 4792885,OK,tel:+543534792885,tel:+543534792885,despacho / producción,"Movimientos especiales de mantenimiento, repuestos pesados y mudanzas internas de equipos.","Traslados especiales con plataforma, hidrogrúa, percha para pallets y trazabilidad GPS.",Posicionar transporte seguro para piezas terminadas.,Visita o llamada de validación; pedir próximo traslado concreto.,Validar contacto decisor y necesidad inmediata.,"https://www.google.com/maps/search/?api=1&query=-32.425000,-63.207000",pilt.com.ar,,Registro curado en documento de dirección PRESOL 2026-09.,Alta,Base curada PDF dirección,,,,,plataforma | hidrogrúa | percha para pallets,otro rubro factible,,Alta,
PRESOL-112,Pendiente,Villa María / RP6,Villa María,Villa María,B,75,Villa María Cereales,Acopio / agroinsumos,Agro / acopio / planta,03535 656802,OK,tel:+543535656802,tel:+543535656802,responsable de acopio / mantenimiento,"Traslado de insumos, pallets, fertilizantes, repuestos pesados, silos/equipos y apoyo de mantenimiento en planta.","Plataforma + percha pallets + hidrogrúa/barquilla para insumos, repuestos, silos/equipos y mantenimiento.",RN 9 km 553; consultar próximos movimientos.,Visita o llamada de validación; pedir próximo traslado concreto.,Validar contacto decisor y necesidad inmediata.,"https://www.google.com/maps/search/?api=1&query=-32.386500,-63.260000",Facebook Villa María Cereales,,Registro curado en documento de dirección PRESOL 2026-09.,Alta,Base curada PDF dirección,,,,,percha para pallets de insumos | hidrogrúa para equipos/mantenimiento | barquilla para trabajos en altura,cooperativa/acopio,,Alta,"Si se ofrece barquilla, validar condiciones de seguridad, seguro y habilitación de maniobra. Percha para pallets: útil para insumos, bolsones, repuestos y materiales palletizados."
PRESOL-115,Pendiente,Villa María / RP6,Villa María,Villa María,C,30,Contemar,Contenedores y obradores,Módulos / containers,A relevar,A relevar,,,operaciones / entregas,"Entrega, descarga y posicionamiento de módulos/containers en obra o cliente final.","Plataforma + malacate + hidrogrúa para retiro, traslado, descarga y posicionamiento.",Validar si opera contenedores/obradores y si terceriza logística.,"Validar teléfono/contacto; si responde, pedir un caso concreto de traslado o próximo movimiento.",Confirmar decisor y vigencia del dato antes de incluir en salida prioritaria.,https://www.google.com/maps/search/?api=1&query=Contemar+Villa+Mar%C3%ADa+C%C3%B3rdoba+Argentina,Buscador5900 / resultado de búsqueda,https://www.buscador5900.com.ar/construccion/contenedores-y-obradores,Directorio local menciona Contemar en construcción/contenedores; datos incompletos.,Media,Nuevo enriquecimiento 2026-09-02,,,,,plataforma | hidrogrúa | percha para pallets,otro rubro factible,,Baja / visitar solo por cercanía,
PRESOL-116,Pendiente,Villa María / RP6,Villa María,Villa María,C,40,Hans Aberturas SRL,Metalmecánica / aberturas,Metalmecánica / despacho,+54 353 4446515,VER,tel:+543534446515,tel:+543534446515,producción / despacho,"Despacho de implementos, agropartes, tolvas, estructuras, piezas industriales y maquinaria sobre plataforma.","Plataforma 20 tn + hidrogrúa + percha para pallets para implementos, agropartes y piezas industriales.",Taller metalúrgico local; visitar solo si queda dentro de recorrido PILT/Villa María.,"Validar teléfono/contacto; si responde, pedir un caso concreto de traslado o próximo movimiento.",Confirmar decisor y vigencia del dato antes de incluir en salida prioritaria.,https://www.google.com/maps/search/?api=1&query=Hans+Aberturas+SRL+Villa+Mar%C3%ADa+C%C3%B3rdoba+Argentina,Metalmecánica.com / resultado de búsqueda,https://www.metalmecanica.com/villa-mar%C3%ADa/fabricantes,Resultado público lo lista como taller metalúrgico en Villa María con teléfono.,Media,Nuevo enriquecimiento 2026-09-02,,,,,plataforma 20 tn para maquinaria/piezas | hidrogrúa para maniobras | percha para pallets,otro rubro factible,,Baja / visitar solo por cercanía,
PRESOL-117,Pendiente,Villa María / RP6,Villa María,Villa María,C,55,San Borg Internacional / Laboratorios Weende,Laboratorio alimentos/agro,Agro / acopio / planta,0353 4531453,OK,tel:+543534531453,tel:+543534531453,responsable de acopio / mantenimiento,"Traslado de insumos, pallets, fertilizantes, repuestos pesados, silos/equipos y apoyo de mantenimiento en planta.","Plataforma + percha pallets + hidrogrúa/barquilla para insumos, repuestos, silos/equipos y mantenimiento.",Visita solo si queda en ruta PILT.,Visita o llamada de validación; pedir próximo traslado concreto.,Validar contacto decisor y necesidad inmediata.,"https://www.google.com/maps/search/?api=1&query=-32.412500,-63.247000",sanborginternacional.com.ar,,Registro curado en documento de dirección PRESOL 2026-09.,Alta,Base curada PDF dirección,,,,,plataforma | hidrogrúa | percha para pallets,planta agroindustrial,,Baja / visitar solo por cercanía,"Percha para pallets: útil para insumos, bolsones, repuestos y materiales palletizados."
