ID,Estado de contacto,Corredor,Microzona,Ciudad,Clase,Puntaje operativo,Empresa,Sector,Segmento comercial,Teléfonos,Calidad del teléfono,Teléfono principal (tel:),Links telefónicos,Preguntar por,Necesidad probable,Oferta PRESOL,Gancho comercial,Acción sugerida,Dato pendiente,Google Maps,Fuente,URL fuente,Evidencia,Calidad del dato,Origen del registro,Resultado,Fecha de visita,Próximo paso,Notas de campo,Servicios PRESOL a ofrecer,Rubro foco enriquecimiento,Ciudad foco solicitada,Prioridad visita sugerida,Observación servicio nuevo,Fuente unificación,Notas de unificación
RT-001,Pendiente,Base Río Tercero,Río Tercero,Río Tercero,A,100,Hormicor,Hormigón elaborado,Hormigón / áridos / premoldeados,03571 500888 / 03571 510066,OK,tel:+543571500888,tel:+543571500888 | tel:+543571510066,planta / mantenimiento,"Movimiento de premoldeados, equipos de planta/cantera, bombas, moldes y cargas pesadas.",Movimiento de equipos de cantera/planta; transporte de material suelto sujeto a confirmar unidad o esquema operativo.,Ofrecer respaldo para picos de obra y traslados de equipos.,Visita o llamada de validación; pedir próximo traslado concreto.,Validar contacto decisor y necesidad inmediata.,"https://www.google.com/maps/search/?api=1&query=-32.178000,-64.111000",hormigonelaborado.com / Hormicor,,Registro curado en documento de dirección PRESOL 2026-09.,Alta,Base curada PDF dirección,,,,,transporte de áridos/materiales | hidrogrúa para carga/descarga | percha para pallets/bolsones,áridos/construcción/premoldeados,Sí,Muy alta,Áridos/materiales: confirmar modalidad de carga/descarga y tipo de unidad requerida antes de cotizar.,GPT adjunto + Hermes,Fusionado con base Hermes para completar teléfonos/fuentes/servicios.
RT-002,Pendiente,Base Río Tercero,Río Tercero / zona industrial,Río Tercero,A,100,Metalúrgica Monticelli,Fabricación de implementos agrícolas,Industria / mantenimiento,+54 3571 613058 / +54 3571 613060,OK,tel:+543571613058,tel:+543571613058 | tel:+543571613060,logística / despacho / postventa,"Traslado de maquinaria, implementos, equipos terminados y componentes de gran porte entre planta, cliente, obra o feria.",Plataforma 20 tn + malacate/hidrogrúa según maniobra + seguro de carga + trazabilidad GPS.,"Fabricante con más de 30 años, ubicado en RP6 km 3,5; produce rastras, rolos, terraceadoras y otros implementos.","Llamada prioritaria; pedir próximo traslado concreto y, si hay encaje, coordinar visita.","Confirmar decisor, frecuencia de movimientos y vigencia del contacto antes de cotizar.",https://www.google.com/maps/search/?api=1&query=Metal%C3%BArgica+Monticelli+R%C3%ADo+Tercero+C%C3%B3rdoba+Argentina,Web propia Metalúrgica Monticelli,https://www.metalmonticelli.site/,"Fabricante con más de 30 años, ubicado en RP6 km 3,5; produce rastras, rolos, terraceadoras y otros implementos.",Alta,Enriquecimiento web 2026-09-07,,,,,transporte de áridos/materiales | hidrogrúa para carga/descarga | percha para pallets/bolsones | plataforma 20 tn para maquinaria/piezas | hidrogrúa para maniobras | percha para pallets,fabricante/servicio maquinaria agrícola,Sí,Muy alta,,GPT adjunto,
RT-003,Pendiente,Base Río Tercero,Río Tercero,Río Tercero,A,100,Metalúrgica Novaretti,Recipientes y equipos metalmecánicos,Metalmecánica / despacho,03571 414282 / 03571 606930,OK,tel:+543571414282,tel:+543571414282 | tel:+543571606930,despacho / producción,"Despacho seguro de estructuras, carrozados, tanques, piezas industriales y equipos sobre plataforma.","Despacho de estructuras, tanques, transformadores, piezas de ingeniería y equipos sobre plataforma 20 tn.",Cotizar despacho recurrente a plantas/obras.,Visita o llamada de validación; pedir próximo traslado concreto.,Validar contacto decisor y necesidad inmediata.,"https://www.google.com/maps/search/?api=1&query=-32.169000,-64.117000",novaretti.com.ar,,Registro curado en documento de dirección PRESOL 2026-09.,Alta,Base curada PDF dirección,,,,,plataforma 20 tn para maquinaria/piezas | hidrogrúa para maniobras | percha para pallets,otro rubro factible,Sí,Muy alta,,GPT adjunto + Hermes,Fusionado con base Hermes para completar teléfonos/fuentes/servicios.
RT-004,Pendiente,Base Río Tercero,Parque Industrial Leonardo Da Vinci,Río Tercero,A,100,Metalúrgica Río Tercero S.A.,"Equipamiento minero, vial y agroindustrial / fundición",Agro / acopio / planta,03571 430558,OK,tel:+543571430558,tel:+543571430558,despacho / producción,"Traslado de equipos de planta, silos, repuestos pesados, balanzas, implementos y cargas especiales.",Transporte de repuestos/equipos/silos/implementos + coordinación de retiro y descarga.,"Produce equipamiento e insumos para minería, vial y agroindustria; encaje directo con cargas pesadas.","Validar teléfono/contacto; si responde, pedir un caso concreto de traslado o próximo movimiento.",Confirmar decisor y vigencia del dato antes de incluir en salida prioritaria.,https://www.google.com/maps/search/?api=1&query=Metal%C3%BArgica+R%C3%ADo+Tercero+S.A.+R%C3%ADo+Tercero+C%C3%B3rdoba+Argentina,Maquinac / Parque Industrial Río Tercero,https://maquinac.com/empresas/metalurgica-rio-tercero,"Maquinac informa dirección en Parque Industrial, teléfono y rubro minero/vial/agroindustrial.",Alta,Nuevo enriquecimiento 2026-09-02,,,,,plataforma 20 tn para maquinaria/piezas | hidrogrúa para maniobras | percha para pallets,otro rubro factible,Sí,Muy alta,"Percha pallets: útil para insumos, bolsones, repuestos y materiales palletizados.",GPT adjunto + Hermes,Fusionado con base Hermes para completar teléfonos/fuentes/servicios.
RT-005,Pendiente,Base Río Tercero,Río Tercero / Av. Savio,Río Tercero,A,100,NT Construcciones,Obras civiles industriales / montaje,Obra / constructora,+54 9 3571 597645,OK,tel:+5493571597645,tel:+5493571597645,operaciones / jefe de obra,"Traslado de maquinaria, módulos de obrador, estructuras, equipos y cargas pesadas entre frentes.",Transporte especial de equipos/obrador + apoyo de hidrogrúa según maniobra + seguro/GPS.,"Obras civiles industriales, montaje de naves y mantenimiento en complejos fabriles; clientes industriales regionales.","Validar teléfono/contacto; si responde, pedir un caso concreto de traslado o próximo movimiento.",Confirmar decisor y vigencia del dato antes de incluir en salida prioritaria.,https://www.google.com/maps/search/?api=1&query=NT+Construcciones+R%C3%ADo+Tercero+C%C3%B3rdoba+Argentina,Web propia NT Construcciones,https://ntconstrucciones.com,"Servicios: obras civiles industriales, estructuras de hormigón, montaje de naves; teléfono y oficina publicados.",Alta,Nuevo enriquecimiento 2026-09-02,,,,,transporte de áridos/materiales | hidrogrúa para carga/descarga | percha para pallets/bolsones,otro rubro factible,Sí,Muy alta,,GPT adjunto + Hermes,Fusionado con base Hermes para completar teléfonos/fuentes/servicios.
RT-006,Pendiente,Base Río Tercero,Río Tercero / zona industrial,Río Tercero,A,100,Sinfix SAS,Sinfines para agro e industria,Metalmecánica / despacho,+54 9 3571 405077,OK,tel:+5493571405077,tel:+5493571405077,despacho / producción,"Despacho de estructuras, piezas, equipos y conjuntos metalmecánicos de gran porte hacia obras o clientes.",Plataforma 20 tn para piezas/estructuras + seguro de carga + trazabilidad GPS + apoyo de hidrogrúa según maniobra.,"Fabrica sinfines para sectores agrícola, ganadero, minero y alimenticio; despacho nacional de piezas y conjuntos.","Llamada prioritaria; pedir próximo traslado concreto y, si hay encaje, coordinar visita.","Confirmar decisor, frecuencia de movimientos y vigencia del contacto antes de cotizar.",https://www.google.com/maps/search/?api=1&query=Sinfix+SAS+R%C3%ADo+Tercero+C%C3%B3rdoba+Argentina,Web propia SINFIX,https://sinfix.com.ar/,"Fabrica sinfines para sectores agrícola, ganadero, minero y alimenticio; despacho nacional de piezas y conjuntos.",Alta,Enriquecimiento web 2026-09-07,,,,,transporte de áridos/materiales | hidrogrúa para carga/descarga | percha para pallets/bolsones | plataforma 20 tn para maquinaria/piezas | hidrogrúa para maniobras | percha para pallets,otro rubro factible,Sí,Muy alta,"Percha pallets: útil para insumos, bolsones, repuestos y materiales palletizados.",GPT adjunto,
RT-007,Pendiente,Base Río Tercero,Río Tercero / zona industrial,Río Tercero,A,100,Suragro - Implementos Agrícolas,Fabricación de maquinaria agrícola,Industria / mantenimiento,03571 424574,OK,tel:+543571424574,tel:+543571424574,logística / despacho / postventa,"Traslado de maquinaria, implementos, equipos terminados y componentes de gran porte entre planta, cliente, obra o feria.",Plataforma 20 tn + malacate/hidrogrúa según maniobra + seguro de carga + trazabilidad GPS.,Fabricante local de maquinaria agrícola; alto potencial de despachos de equipos terminados.,"Llamada prioritaria; pedir próximo traslado concreto y, si hay encaje, coordinar visita.","Confirmar decisor, frecuencia de movimientos y vigencia del contacto antes de cotizar.",https://www.google.com/maps/search/?api=1&query=Suragro+-+Implementos+Agr%C3%ADcolas+R%C3%ADo+Tercero+C%C3%B3rdoba+Argentina,Google Maps / ficha pública,https://www.google.com/maps/search/?api=1&query=Suragro+Implementos+Agr%C3%ADcolas+R%C3%ADo+Tercero+C%C3%B3rdoba+Argentina,Fabricante local de maquinaria agrícola; alto potencial de despachos de equipos terminados.,Alta,Enriquecimiento web 2026-09-07,,,,,transporte de áridos/materiales | hidrogrúa para carga/descarga | percha para pallets/bolsones | plataforma 20 tn para maquinaria/piezas | hidrogrúa para maniobras | percha para pallets,fabricante/servicio maquinaria agrícola,Sí,Muy alta,,GPT adjunto,
RT-008,Pendiente,Base Río Tercero,Río Tercero,Río Tercero,A,100,Tres Eme S.A.,Silos y mecanización,Agro / acopio / planta,03571 432190 / 03571 637720,OK,tel:+543571432190,tel:+543571432190 | tel:+543571637720,responsable de acopio / mantenimiento,"Traslado de equipos de planta, silos, repuestos pesados, balanzas, implementos y cargas especiales.","Movimiento de equipos de planta, silos, balanzas, repuestos y cargas especiales para acopios/agroindustria.",Ofrecer flete + descarga/posicionamiento en obra rural.,Visita o llamada de validación; pedir próximo traslado concreto.,Validar contacto decisor y necesidad inmediata.,"https://www.google.com/maps/search/?api=1&query=-32.181000,-64.103000",parqueindustrial.riotercero.gob.ar/empresa/Tres-Eme-S.A.,,Registro curado en documento de dirección PRESOL 2026-09.,Alta,Base curada PDF dirección,,,,,plataforma 20 tn para maquinaria/piezas | hidrogrúa para maniobras | percha para pallets | percha para pallets de insumos | hidrogrúa para equipos/mantenimiento | barquilla para trabajos en altura,otro rubro factible,Sí,Muy alta,,GPT adjunto + Hermes,Fusionado con base Hermes para completar teléfonos/fuentes/servicios.
RT-009,Pendiente,Base Río Tercero,Río Tercero,Río Tercero,A,100,Vial del Centro,Obras de infraestructura vial,Obra / constructora,0351 6411413,OK,tel:+543516411413,tel:+543516411413,operaciones / entregas,"Traslado de maquinaria, módulos de obrador, estructuras, equipos y cargas pesadas entre frentes.","Entrega y descarga de módulos/containers con plataforma, malacate e hidrogrúa según maniobra.",Pedir próximo movimiento de maquinaria entre frentes.,Visita o llamada de validación; pedir próximo traslado concreto.,Validar contacto decisor y necesidad inmediata.,"https://www.google.com/maps/search/?api=1&query=-32.183000,-64.101000",Parque Industrial Río Tercero,,Registro curado en documento de dirección PRESOL 2026-09.,Alta,Base curada PDF dirección,,,,,transporte de áridos/materiales | hidrogrúa para carga/descarga | percha para pallets/bolsones,otro rubro factible,Sí,Muy alta,,GPT adjunto + Hermes,Fusionado con base Hermes para completar teléfonos/fuentes/servicios.
RT-010,Pendiente,Base Río Tercero,Río Tercero / zona industrial,Río Tercero,A,96,HORMIWORK S.A.,Premoldeados de hormigón pulido,Hormigón / áridos / premoldeados,03571 565662 (portería parque),VER,tel:+543571565662,tel:+543571565662,planta / despacho,"Movimiento de premoldeados, moldes, equipos de planta y cargas pesadas asociadas a obra.",Transporte de premoldeados/equipos en plataforma + coordinación de descarga/posicionamiento con hidrogrúa cuando aplique.,Empresa radicada para fabricar premoldeados de hormigón pulido; contacto por correo/parque.,"Llamada prioritaria; pedir próximo traslado concreto y, si hay encaje, coordinar visita.","Confirmar decisor, frecuencia de movimientos y vigencia del contacto antes de cotizar.",https://www.google.com/maps/search/?api=1&query=HORMIWORK+S.A.+R%C3%ADo+Tercero+C%C3%B3rdoba+Argentina,Parque Industrial Río Tercero,https://parqueindustrial.riotercero.gob.ar/empresa/HORMIWORK-S.A.,Empresa radicada para fabricar premoldeados de hormigón pulido; contacto por correo/parque. | Ficha del parque: fabricación de premoldeados de hormigón pulido; dirección E. del Campo 1271; contacto hormiwork@gmail.com.,Media,Enriquecimiento web 2026-09-07,,,,,transporte de áridos/materiales | hidrogrúa para carga/descarga | percha para pallets/bolsones,áridos/construcción/premoldeados,Sí,Alta,Áridos/materiales: confirmar modalidad de carga/descarga y tipo de unidad requerida antes de cotizar.,GPT adjunto + Hermes,Fusionado con base Hermes para completar teléfonos/fuentes/servicios. | ID fuente: RT-016
RT-011,Pendiente,Base Río Tercero,Río Tercero / zona industrial,Río Tercero,A,85,Alpha Construcciones Industriales S.A.,Construcción industrial / estructuras,Obra / constructora,A relevar,A relevar,,,jefe de obra / operaciones,"Traslado de maquinaria, módulos de obrador, estructuras y equipos entre depósitos y frentes de obra.",Transporte especial de equipos/obrador + plataforma 20 tn + apoyo de hidrogrúa según maniobra + seguro/GPS.,Ficha pública ubica fábrica/constructora industrial sobre Av. Savio en Río Tercero.,"Llamada prioritaria; pedir próximo traslado concreto y, si hay encaje, coordinar visita.","Confirmar decisor, frecuencia de movimientos y vigencia del contacto antes de cotizar.",https://www.google.com/maps/search/?api=1&query=Alpha+Construcciones+Industriales+S.A.+R%C3%ADo+Tercero+C%C3%B3rdoba+Argentina,Google Maps / ficha pública,https://www.google.com/maps/search/?api=1&query=Alpha+Construcciones+Industriales+SA+R%C3%ADo+Tercero+C%C3%B3rdoba+Argentina,Ficha pública ubica fábrica/constructora industrial sobre Av. Savio en Río Tercero.,Media,Enriquecimiento web 2026-09-07,,,,,transporte de áridos/materiales | hidrogrúa para carga/descarga | percha para pallets/bolsones,áridos/construcción/premoldeados,Sí,Alta,,GPT adjunto,ID fuente: RT-010
RT-012,Pendiente,Base Río Tercero,Río Tercero / zona industrial,Río Tercero,A,85,Caon - Concesionario Oficial CASE IH,Maquinaria agrícola / servicio técnico,Industria / mantenimiento,03571 682141,OK,tel:+543571682141,tel:+543571682141,logística / entregas / postventa,"Traslado de maquinaria agrícola o vial entre sucursal, cliente, taller, campo y eventos.","Traslado de maquinaria en plataforma 20 tn, coordinación de retiro/entrega y apoyo de hidrogrúa si corresponde.","Concesionario CASE IH en Río Tercero; posible traslado de maquinaria a clientes, ferias o servicio.","Llamada prioritaria; pedir próximo traslado concreto y, si hay encaje, coordinar visita.","Confirmar decisor, frecuencia de movimientos y vigencia del contacto antes de cotizar.",https://www.google.com/maps/search/?api=1&query=Caon+-+Concesionario+Oficial+CASE+IH+R%C3%ADo+Tercero+C%C3%B3rdoba+Argentina,Google Maps / ficha pública,https://www.google.com/maps/search/?api=1&query=Caon+CASE+IH+R%C3%ADo+Tercero+C%C3%B3rdoba+Argentina,"Concesionario CASE IH en Río Tercero; posible traslado de maquinaria a clientes, ferias o servicio.",Alta,Enriquecimiento web 2026-09-07,,,,,plataforma 20 tn para maquinaria/piezas | hidrogrúa para maniobras | percha para pallets,fabricante/servicio maquinaria agrícola,Sí,Muy alta,,GPT adjunto,ID fuente: RT-011
RT-013,Pendiente,Base Río Tercero,Río Tercero / zona industrial,Río Tercero,A,85,Cimat SRL,Equipos y maquinaria agrícola,Industria / mantenimiento,03571 422153,OK,tel:+543571422153,tel:+543571422153,logística / entregas / postventa,"Traslado de maquinaria agrícola o vial entre sucursal, cliente, taller, campo y eventos.","Traslado de maquinaria en plataforma 20 tn, coordinación de retiro/entrega y apoyo de hidrogrúa si corresponde.","Ficha pública en Río Tercero: proveedor de equipos agrícolas, con teléfono y local comercial.","Llamada prioritaria; pedir próximo traslado concreto y, si hay encaje, coordinar visita.","Confirmar decisor, frecuencia de movimientos y vigencia del contacto antes de cotizar.",https://www.google.com/maps/search/?api=1&query=Cimat+SRL+R%C3%ADo+Tercero+C%C3%B3rdoba+Argentina,Google Maps / ficha pública,https://www.google.com/maps/search/?api=1&query=Cimat+SRL+R%C3%ADo+Tercero+C%C3%B3rdoba+Argentina,"Ficha pública en Río Tercero: proveedor de equipos agrícolas, con teléfono y local comercial.",Alta,Enriquecimiento web 2026-09-07,,,,,plataforma 20 tn para maquinaria/piezas | hidrogrúa para maniobras | percha para pallets,fabricante/servicio maquinaria agrícola,Sí,Muy alta,,GPT adjunto,ID fuente: RT-012
RT-014,Pendiente,Base Río Tercero,Río Tercero / zona industrial,Río Tercero,A,85,D & M ESTRUCTURAS,Estructuras metálicas,Metalmecánica / despacho,A relevar,A relevar,,,despacho / producción,"Despacho de estructuras, piezas, equipos y conjuntos metalmecánicos de gran porte hacia obras o clientes.",Plataforma 20 tn para piezas/estructuras + seguro de carga + trazabilidad GPS + apoyo de hidrogrúa según maniobra.,Ficha pública local identifica empresa de construcciones metálicas.,"Llamada prioritaria; pedir próximo traslado concreto y, si hay encaje, coordinar visita.","Confirmar decisor, frecuencia de movimientos y vigencia del contacto antes de cotizar.",https://www.google.com/maps/search/?api=1&query=D+%26+M+ESTRUCTURAS+R%C3%ADo+Tercero+C%C3%B3rdoba+Argentina,Google Maps / ficha pública,https://www.google.com/maps/search/?api=1&query=D+%26+M+ESTRUCTURAS+R%C3%ADo+Tercero+C%C3%B3rdoba+Argentina,Ficha pública local identifica empresa de construcciones metálicas.,Media,Enriquecimiento web 2026-09-07,,,,,transporte de áridos/materiales | hidrogrúa para carga/descarga | percha para pallets/bolsones | plataforma 20 tn para maquinaria/piezas | hidrogrúa para maniobras | percha para pallets,otro rubro factible,Sí,Alta,,GPT adjunto,ID fuente: RT-013
RT-015,Pendiente,Base Río Tercero,Río Tercero / zona industrial,Río Tercero,A,85,Duter S.A.,Fabricación de repuestos agrícolas,Industria / mantenimiento,03571 565177,OK,tel:+543571565177,tel:+543571565177,logística / despacho / postventa,"Traslado de maquinaria, implementos, equipos terminados y componentes de gran porte entre planta, cliente, obra o feria.",Plataforma 20 tn + malacate/hidrogrúa según maniobra + seguro de carga + trazabilidad GPS.,Empresa radicada en el Parque Industrial para fabricación de repuestos agrícolas; teléfono público local.,"Llamada prioritaria; pedir próximo traslado concreto y, si hay encaje, coordinar visita.","Confirmar decisor, frecuencia de movimientos y vigencia del contacto antes de cotizar.",https://www.google.com/maps/search/?api=1&query=Duter+S.A.+R%C3%ADo+Tercero+C%C3%B3rdoba+Argentina,Parque Industrial Río Tercero / ficha pública,https://parqueindustrial.riotercero.gob.ar/empresas,Empresa radicada en el Parque Industrial para fabricación de repuestos agrícolas; teléfono público local.,Alta,Enriquecimiento web 2026-09-07,,,,,transporte de áridos/materiales | hidrogrúa para carga/descarga | percha para pallets/bolsones | plataforma 20 tn para maquinaria/piezas | hidrogrúa para maniobras | percha para pallets,otro rubro factible,Sí,Muy alta,"Percha pallets: útil para insumos, bolsones, repuestos y materiales palletizados.",GPT adjunto,ID fuente: RT-014
RT-016,Pendiente,Base Río Tercero,Río Tercero,Río Tercero,A,85,ESISA,Viviendas/módulos industrializados,Módulos / containers,Portería parque: 03571 565662; mail esisaservicios@gmail.com,VER,tel:+543571565662,tel:+543571565662,operaciones / entregas,"Entrega, descarga y posicionamiento de módulos/containers en obra o cliente final.","Entrega y descarga de módulos/containers con plataforma, malacate e hidrogrúa según maniobra.",Socio natural para entregas de módulos a obra.,Visita o llamada de validación; pedir próximo traslado concreto.,Validar contacto decisor y necesidad inmediata.,"https://www.google.com/maps/search/?api=1&query=-32.182000,-64.107000",Parque Industrial Río Tercero,,Registro curado en documento de dirección PRESOL 2026-09.,Media,Base curada PDF dirección,,,,,transporte de áridos/materiales | hidrogrúa para carga/descarga | percha para pallets/bolsones,otro rubro factible,Sí,Muy alta,,GPT adjunto + Hermes,Fusionado con base Hermes para completar teléfonos/fuentes/servicios. | ID fuente: RT-015
RT-017,Pendiente,Base Río Tercero,Río Tercero / zona industrial,Río Tercero,A,85,ISECO Construcción,Construcción industrial,Obra / constructora,+54 9 3571 551917,OK,tel:+5493571551917,tel:+5493571551917,jefe de obra / operaciones,"Traslado de maquinaria, módulos de obrador, estructuras y equipos entre depósitos y frentes de obra.",Transporte especial de equipos/obrador + plataforma 20 tn + apoyo de hidrogrúa según maniobra + seguro/GPS.,"Constructora localizada en el Parque Industrial; posible movimiento de estructuras, equipos y obradores.","Llamada prioritaria; pedir próximo traslado concreto y, si hay encaje, coordinar visita.","Confirmar decisor, frecuencia de movimientos y vigencia del contacto antes de cotizar.",https://www.google.com/maps/search/?api=1&query=ISECO+Construcci%C3%B3n+R%C3%ADo+Tercero+C%C3%B3rdoba+Argentina,Google Maps / ficha pública,https://www.google.com/maps/search/?api=1&query=ISECO+Construcci%C3%B3n+R%C3%ADo+Tercero+C%C3%B3rdoba+Argentina,"Constructora localizada en el Parque Industrial; posible movimiento de estructuras, equipos y obradores.",Alta,Enriquecimiento web 2026-09-07,,,,,transporte de áridos/materiales | hidrogrúa para carga/descarga | percha para pallets/bolsones,áridos/construcción/premoldeados,Sí,Muy alta,,GPT adjunto,
RT-018,Pendiente,Base Río Tercero,Río Tercero / zona industrial,Río Tercero,A,85,Luzenti Hnos S.A.,Montaje industrial / construcciones metálicas,Obra / constructora,03584 860532,VER,tel:+543584860532,tel:+543584860532,jefe de obra / operaciones,"Traslado de maquinaria, módulos de obrador, estructuras y equipos entre depósitos y frentes de obra.",Transporte especial de equipos/obrador + plataforma 20 tn + apoyo de hidrogrúa según maniobra + seguro/GPS.,Empresa de construcciones metálicas y montaje industrial radicada en Río Tercero.,"Llamada prioritaria; pedir próximo traslado concreto y, si hay encaje, coordinar visita.","Confirmar decisor, frecuencia de movimientos y vigencia del contacto antes de cotizar.",https://www.google.com/maps/search/?api=1&query=Luzenti+Hnos+S.A.+R%C3%ADo+Tercero+C%C3%B3rdoba+Argentina,Google Maps / Parque Industrial,https://www.google.com/maps/search/?api=1&query=Luzenti+Hnos+SA+R%C3%ADo+Tercero+C%C3%B3rdoba+Argentina,Empresa de construcciones metálicas y montaje industrial radicada en Río Tercero.,Media,Enriquecimiento web 2026-09-07,,,,,transporte de áridos/materiales | hidrogrúa para carga/descarga | percha para pallets/bolsones | plataforma 20 tn para maquinaria/piezas | hidrogrúa para maniobras | percha para pallets,áridos/construcción/premoldeados,Sí,Muy alta,,GPT adjunto,
RT-019,Pendiente,Base Río Tercero,Río Tercero / zona industrial,Río Tercero,A,85,NEMETAL S.A.S,Fabricación metalúrgica / reparación de maquinaria agrícola,Metalmecánica / despacho,03571 550608,OK,tel:+543571550608,tel:+543571550608,despacho / producción,"Despacho de estructuras, piezas, equipos y conjuntos metalmecánicos de gran porte hacia obras o clientes.",Plataforma 20 tn para piezas/estructuras + seguro de carga + trazabilidad GPS + apoyo de hidrogrúa según maniobra.,Ficha pública en zona industrial; el listado del parque identifica NE Metalúrgica vinculada a reparación de maquinaria agrícola.,"Llamada prioritaria; pedir próximo traslado concreto y, si hay encaje, coordinar visita.","Confirmar decisor, frecuencia de movimientos y vigencia del contacto antes de cotizar.",https://www.google.com/maps/search/?api=1&query=NEMETAL+S.A.S+R%C3%ADo+Tercero+C%C3%B3rdoba+Argentina,Google Maps / Parque Industrial Río Tercero,https://www.google.com/maps/search/?api=1&query=NEMETAL+SAS+R%C3%ADo+Tercero+C%C3%B3rdoba+Argentina,Ficha pública en zona industrial; el listado del parque identifica NE Metalúrgica vinculada a reparación de maquinaria agrícola.,Alta,Enriquecimiento web 2026-09-07,,,,,transporte de áridos/materiales | hidrogrúa para carga/descarga | percha para pallets/bolsones | plataforma 20 tn para maquinaria/piezas | hidrogrúa para maniobras | percha para pallets,fabricante/servicio maquinaria agrícola,Sí,Muy alta,,GPT adjunto,
RT-020,Pendiente,Base Río Tercero,Río Tercero / zona industrial,Río Tercero,A,85,Sclauzero Metalúrgica,Fabricación y provisión de máquinas / metalurgia,Metalmecánica / despacho,03571 414014,OK,tel:+543571414014,tel:+543571414014,despacho / producción,"Despacho de estructuras, piezas, equipos y conjuntos metalmecánicos de gran porte hacia obras o clientes.",Plataforma 20 tn para piezas/estructuras + seguro de carga + trazabilidad GPS + apoyo de hidrogrúa según maniobra.,"Ficha pública local: proveedor de máquinas de metal, con teléfono.","Llamada prioritaria; pedir próximo traslado concreto y, si hay encaje, coordinar visita.","Confirmar decisor, frecuencia de movimientos y vigencia del contacto antes de cotizar.",https://www.google.com/maps/search/?api=1&query=Sclauzero+Metal%C3%BArgica+R%C3%ADo+Tercero+C%C3%B3rdoba+Argentina,Google Maps / ficha pública,https://www.google.com/maps/search/?api=1&query=Sclauzero+Metal%C3%BArgica+R%C3%ADo+Tercero+C%C3%B3rdoba+Argentina,"Ficha pública local: proveedor de máquinas de metal, con teléfono.",Alta,Enriquecimiento web 2026-09-07,,,,,transporte de áridos/materiales | hidrogrúa para carga/descarga | percha para pallets/bolsones | plataforma 20 tn para maquinaria/piezas | hidrogrúa para maniobras | percha para pallets,otro rubro factible,Sí,Muy alta,,GPT adjunto,
RT-021,Pendiente,Base Río Tercero,Río Tercero,Río Tercero,A,75,IMBAL S.A.,Estructuras metálicas / montaje,Metalmecánica / despacho,A relevar en terreno,A relevar,,,despacho / producción,"Despacho seguro de estructuras, carrozados, tanques, piezas industriales y equipos sobre plataforma.","Despacho de estructuras, tanques, transformadores, piezas de ingeniería y equipos sobre plataforma 20 tn.",Fabrican y montan; pedir responsable de despacho/montaje.,Visita o llamada de validación; pedir próximo traslado concreto.,Validar contacto decisor y necesidad inmediata.,"https://www.google.com/maps/search/?api=1&query=-32.180000,-64.106000",Parque Industrial Río Tercero / LinkedIn comercial,,Registro curado en documento de dirección PRESOL 2026-09.,Media,Base curada PDF dirección,,,,,plataforma 20 tn para maquinaria/piezas | hidrogrúa para maniobras | percha para pallets,otro rubro factible,Sí,Alta,,GPT adjunto + Hermes,Fusionado con base Hermes para completar teléfonos/fuentes/servicios.
RT-022,Pendiente,Base Río Tercero,Parque Industrial / PRFV,Río Tercero,B,85,J.A.F. Plásticos Reforzados,Plástico reforzado con fibra de vidrio / PRFV / piezas industriales y piletas,Piletas / PRFV / plástico reforzado,3571 533624 / 3571 579801 / portería parque 03571 565662,OK,tel:+543571533624,tel:+543571533624 | tel:+543571579801 | tel:+543571565662,producción / logística,"Retiro, traslado y descarga de piletas/fibra o piezas voluminosas livianas, con cuidado de maniobra.",Plataforma + hidrogrúa para trasladar y descargar piletas/piezas PRFV; coordinar maniobra sin golpes.,"PRFV con aplicaciones industriales, tanques, piletones y piletas; piezas voluminosas de bajo peso con necesidad de cuidado en maniobra.",Pedir por producción/logística y consultar si tercerizan traslados de piezas PRFV o entregas especiales.,Confirmar punto operativo: ficha del parque Río Tercero y web con domicilio en Almafuerte.,https://www.google.com/maps/search/?api=1&query=J.A.F.+Pl%C3%A1sticos+Reforzados+R%C3%ADo+Tercero+C%C3%B3rdoba+Argentina,Web propia + Parque Industrial Río Tercero,https://jafplasticosreforzados.com,"Web informa PRFV, piletas/piezas, transporte/logística propia y teléfonos 3571 533624 / 3571 579801; ficha parque lista J.A.F. Plásticos Reforzados.",Alta,Nuevo enriquecimiento zonas priorizadas 2026-09,,,,,plataforma para piletas/fibra | hidrogrúa para descarga/posicionamiento,piletas/plástico/PRFV,Sí,Alta,,Hermes único,Alta única desde base Hermes; no estaba en el Excel GPT adjunto. | ID fuente: PRESOL-120
RT-023,Pendiente,Base Río Tercero,Río Tercero / piletas y PRFV,Río Tercero,B,85,Tecnipiscinas,Piletas de fibra / piscinas / accesorios,Piletas / PRFV / plástico reforzado,+54 3571 412563,OK,tel:+543571412563,tel:+543571412563,ventas / logística / dueño,"Retiro, traslado y descarga de piletas/fibra o piezas voluminosas livianas, con cuidado de maniobra.",Plataforma + hidrogrúa para trasladar y descargar piletas/piezas PRFV; coordinar maniobra sin golpes.,Piletas de fibra y equipamiento; traslado y descarga de cascos/piezas voluminosas puede tercerizarse por temporada.,Llamar y preguntar por entregas fuera de Río Tercero y si tercerizan traslado/descarga de cascos.,Confirmar si fabrica localmente o actúa como punto de venta y volumen mensual de entregas.,https://www.google.com/maps/search/?api=1&query=Tecnipiscinas+R%C3%ADo+Tercero+C%C3%B3rdoba+Argentina,Web propia / Moldear,https://www.tecnipiscinas.com.ar,"Contacto publicado: Av. Pío X 485, Río Tercero; teléfono +54 3571 412563; rubro piscinas.",Alta,Nuevo enriquecimiento zonas priorizadas 2026-09,,,,,plataforma para piletas/fibra | hidrogrúa para descarga/posicionamiento,piletas/plástico/PRFV,Sí,Alta,,Hermes único,Alta única desde base Hermes; no estaba en el Excel GPT adjunto. | ID fuente: PRESOL-118
RT-024,Pendiente,Base Río Tercero,Río Tercero / piletas y PRFV,Río Tercero,B,81,Indusplast Río Tercero,Piletas de fibra / plástico reforzado,Piletas / PRFV / plástico reforzado,+54 3571 57-5556,VER,tel:+543571575556,tel:+543571575556,ventas / dueño,"Retiro, traslado y descarga de piletas/fibra o piezas voluminosas livianas, con cuidado de maniobra.",Plataforma + hidrogrúa para trasladar y descargar piletas/piezas PRFV; coordinar maniobra sin golpes.,Fabricación/venta de piscinas de fibra; encaje para plataforma e hidrogrúa en temporada.,Verificar teléfono por llamado corto y preguntar por entregas a clientes finales.,Confirmar dirección operativa y si mueve cascos completos.,https://www.google.com/maps/search/?api=1&query=Indusplast+R%C3%ADo+Tercero+R%C3%ADo+Tercero+C%C3%B3rdoba+Argentina,Facebook público / resultado de búsqueda,https://www.facebook.com/indusplastrio3?locale=es_LA,Resultado público informa Indusplast Río Tercero y contacto +54 3571 57-5556; rubro piscinas de fibra.,Media,Nuevo enriquecimiento zonas priorizadas 2026-09,,,,,plataforma para piletas/fibra | hidrogrúa para descarga/posicionamiento,piletas/plástico/PRFV,Sí,Alta,,Hermes único,Alta única desde base Hermes; no estaba en el Excel GPT adjunto. | ID fuente: PRESOL-119
RT-025,Pendiente,Base Río Tercero,Río Tercero / zona industrial,Río Tercero,B,75,AGROTRAZIONE S.A.S,Maquinaria e implementos agrícolas,Industria / mantenimiento,03571 528350,OK,tel:+543571528350,tel:+543571528350,logística / entregas / postventa,"Traslado de maquinaria agrícola o vial entre sucursal, cliente, taller, campo y eventos.","Traslado de maquinaria en plataforma 20 tn, coordinación de retiro/entrega y apoyo de hidrogrúa si corresponde.","Listado de servicios del sector agrícola ubica AGROTRAZIONE en 2 de Abril 1638, Río Tercero, con teléfono.",Llamar para validar necesidad y frecuencia; visitar si confirma movimientos de equipos/cargas.,"Confirmar decisor, frecuencia de movimientos y vigencia del contacto antes de cotizar.",https://www.google.com/maps/search/?api=1&query=AGROTRAZIONE+S.A.S+R%C3%ADo+Tercero+C%C3%B3rdoba+Argentina,Red de servicios Piersanti,https://piersanti.com.ar/en/en_services/,"Listado de servicios del sector agrícola ubica AGROTRAZIONE en 2 de Abril 1638, Río Tercero, con teléfono.",Alta,Enriquecimiento web 2026-09-07,,,,,plataforma 20 tn para maquinaria/piezas | hidrogrúa para maniobras | percha para pallets,fabricante/servicio maquinaria agrícola,Sí,Alta,,GPT adjunto,ID fuente: RT-022
RT-026,Pendiente,Base Río Tercero,Río Tercero / zona industrial,Río Tercero,B,75,Cementados Juan Nadalin e Hijos S.A.,Cementados / reparación de piezas agroindustriales,Industria / mantenimiento,03571 420931,OK,tel:+543571420931,tel:+543571420931,logística / despacho / postventa,"Traslado de maquinaria, implementos, equipos terminados y componentes de gran porte entre planta, cliente, obra o feria.",Plataforma 20 tn + malacate/hidrogrúa según maniobra + seguro de carga + trazabilidad GPS.,Planta industrial local con actividad de cementados; teléfono público.,Llamar para validar necesidad y frecuencia; visitar si confirma movimientos de equipos/cargas.,"Confirmar decisor, frecuencia de movimientos y vigencia del contacto antes de cotizar.",https://www.google.com/maps/search/?api=1&query=Cementados+Juan+Nadalin+e+Hijos+S.A.+R%C3%ADo+Tercero+C%C3%B3rdoba+Argentina,Google Maps / Parque Industrial,https://www.google.com/maps/search/?api=1&query=Cementados+Juan+Nadalin+e+Hijos+R%C3%ADo+Tercero+C%C3%B3rdoba+Argentina,Planta industrial local con actividad de cementados; teléfono público.,Alta,Enriquecimiento web 2026-09-07,,,,,transporte de áridos/materiales | hidrogrúa para carga/descarga | percha para pallets/bolsones | plataforma 20 tn para maquinaria/piezas | hidrogrúa para maniobras | percha para pallets,otro rubro factible,Sí,Alta,"Percha pallets: útil para insumos, bolsones, repuestos y materiales palletizados.",GPT adjunto,ID fuente: RT-023
RT-027,Pendiente,Base Río Tercero,Río Tercero / zona industrial,Río Tercero,B,75,Cementados Río Tercero,Cementado agroindustrial,Industria / mantenimiento,03571 319490,OK,tel:+543571319490,tel:+543571319490,logística / despacho / postventa,"Traslado de maquinaria, implementos, equipos terminados y componentes de gran porte entre planta, cliente, obra o feria.",Plataforma 20 tn + malacate/hidrogrúa según maniobra + seguro de carga + trazabilidad GPS.,"Empresa local de cementados vinculados al agro; potencial traslado de piezas, sinfines e implementos.",Llamar para validar necesidad y frecuencia; visitar si confirma movimientos de equipos/cargas.,"Confirmar decisor, frecuencia de movimientos y vigencia del contacto antes de cotizar.",https://www.google.com/maps/search/?api=1&query=Cementados+R%C3%ADo+Tercero+R%C3%ADo+Tercero+C%C3%B3rdoba+Argentina,Parque Industrial / Google Maps,https://parqueindustrial.riotercero.gob.ar/empresas,"Empresa local de cementados vinculados al agro; potencial traslado de piezas, sinfines e implementos.",Alta,Enriquecimiento web 2026-09-07,,,,,transporte de áridos/materiales | hidrogrúa para carga/descarga | percha para pallets/bolsones | plataforma 20 tn para maquinaria/piezas | hidrogrúa para maniobras | percha para pallets,otro rubro factible,Sí,Alta,"Percha pallets: útil para insumos, bolsones, repuestos y materiales palletizados.",GPT adjunto,ID fuente: RT-024
RT-028,Pendiente,Base Río Tercero,Río Tercero,Río Tercero,B,75,Hidrobull,Accesorios para minicargadoras,Industria / mantenimiento,03571 549612,OK,tel:+543571549612,tel:+543571549612,responsable de logística/compras,"Movimientos especiales de mantenimiento, repuestos pesados y mudanzas internas de equipos.",Detectar el próximo movimiento pesado y convertirlo en cotización concreta.,Preguntar si entregan accesorios con terceros.,Visita o llamada de validación; pedir próximo traslado concreto.,Validar contacto decisor y necesidad inmediata.,"https://www.google.com/maps/search/?api=1&query=-32.171500,-64.116500",Facebook Hidrobull,,Registro curado en documento de dirección PRESOL 2026-09.,Alta,Base curada PDF dirección,,,,,plataforma 20 tn para maquinaria/piezas | hidrogrúa para maniobras | percha para pallets,otro rubro factible,Sí,Alta,,GPT adjunto + Hermes,Fusionado con base Hermes para completar teléfonos/fuentes/servicios. | ID fuente: RT-025
RT-029,Pendiente,Base Río Tercero,Río Tercero,Río Tercero,B,75,MetalMec S.R.L.,Implementos y accesorios,Industria / mantenimiento,03571 681577 / 03571 506656,OK,tel:+543571681577,tel:+543571681577 | tel:+543571506656,despacho / producción,"Movimientos especiales de mantenimiento, repuestos pesados y mudanzas internas de equipos.","Despacho de estructuras, tanques, transformadores, piezas de ingeniería y equipos sobre plataforma 20 tn.",Ofrecer retiro/entrega con monitoreo GPS.,Visita o llamada de validación; pedir próximo traslado concreto.,Validar contacto decisor y necesidad inmediata.,"https://www.google.com/maps/search/?api=1&query=-32.170500,-64.118500",Facebook MetalMec,,Registro curado en documento de dirección PRESOL 2026-09.,Alta,Base curada PDF dirección,,,,,plataforma 20 tn para maquinaria/piezas | hidrogrúa para maniobras | percha para pallets,fabricante/servicio maquinaria agrícola,Sí,Alta,,GPT adjunto + Hermes,Fusionado con base Hermes para completar teléfonos/fuentes/servicios. | ID fuente: RT-026
RT-030,Pendiente,Base Río Tercero,Río Tercero,Río Tercero,B,75,Oleos San José S.R.L.,Extrusado/aceite de soja,Industria / mantenimiento,03571 692471 / 03571 640630,OK,tel:+543571692471,tel:+543571692471 | tel:+543571640630,responsable de acopio / mantenimiento,"Movimientos especiales de mantenimiento, repuestos pesados y mudanzas internas de equipos.","Movimiento de equipos de planta, silos, balanzas, repuestos y cargas especiales para acopios/agroindustria.",Entrar por mantenimiento/planta.,Visita o llamada de validación; pedir próximo traslado concreto.,Validar contacto decisor y necesidad inmediata.,"https://www.google.com/maps/search/?api=1&query=-32.182600,-64.102500",Parque Industrial Río Tercero,,Registro curado en documento de dirección PRESOL 2026-09.,Alta,Base curada PDF dirección,,,,,plataforma 20 tn para maquinaria/piezas | hidrogrúa para maniobras | percha para pallets | percha para pallets de insumos | hidrogrúa para equipos/mantenimiento | barquilla para trabajos en altura,otro rubro factible,Sí,Alta,,GPT adjunto + Hermes,Fusionado con base Hermes para completar teléfonos/fuentes/servicios. | ID fuente: RT-027
RT-031,Pendiente,Base Río Tercero,Río Tercero / zona industrial,Río Tercero,B,75,Premolfran Premoldeados by d'Eco,Premoldeados de hormigón,Hormigón / áridos / premoldeados,03571 327594,OK,tel:+543571327594,tel:+543571327594,planta / despacho,"Movimiento de premoldeados, moldes, equipos de planta y cargas pesadas asociadas a obra.",Transporte de premoldeados/equipos en plataforma + coordinación de descarga/posicionamiento con hidrogrúa cuando aplique.,Ficha pública local identifica actividad de premoldeados y teléfono.,Llamar para validar necesidad y frecuencia; visitar si confirma movimientos de equipos/cargas.,"Confirmar decisor, frecuencia de movimientos y vigencia del contacto antes de cotizar.",https://www.google.com/maps/search/?api=1&query=Premolfran+Premoldeados+by+d%27Eco+R%C3%ADo+Tercero+C%C3%B3rdoba+Argentina,Google Maps / ficha pública,https://www.google.com/maps/search/?api=1&query=Premolfran+Premoldeados+by+d%27Eco+R%C3%ADo+Tercero+C%C3%B3rdoba+Argentina,Ficha pública local identifica actividad de premoldeados y teléfono.,Alta,Enriquecimiento web 2026-09-07,,,,,transporte de áridos/materiales | hidrogrúa para carga/descarga | percha para pallets/bolsones,áridos/construcción/premoldeados,Sí,Alta,Áridos/materiales: confirmar modalidad de carga/descarga y tipo de unidad requerida antes de cotizar.,GPT adjunto,ID fuente: RT-028
RT-032,Pendiente,Base Río Tercero,Parque Industrial Leonardo Da Vinci,Río Tercero,B,75,Río Metal,Estructuras metálicas,Metalmecánica / despacho,+54 9 3571 52-9444,OK,tel:+5493571529444,tel:+5493571529444,despacho / producción,"Despacho seguro de estructuras, carrozados, tanques, piezas industriales y equipos sobre plataforma.",Plataforma 20 tn para piezas/estructuras + seguro de carga + trazabilidad GPS.,Fabricación de estructuras metálicas: posible salida de piezas a obra.,"Validar teléfono/contacto; si responde, pedir un caso concreto de traslado o próximo movimiento.",Confirmar decisor y vigencia del dato antes de incluir en salida prioritaria.,https://www.google.com/maps/search/?api=1&query=R%C3%ADo+Metal+R%C3%ADo+Tercero+C%C3%B3rdoba+Argentina,Parque Industrial Río Tercero / Facebook público,https://parqueindustrial.riotercero.gob.ar/empresas,Listado del parque + ficha social pública con teléfono informado.,Alta,Nuevo enriquecimiento 2026-09-02,,,,,plataforma 20 tn para maquinaria/piezas | hidrogrúa para maniobras | percha para pallets,otro rubro factible,Sí,Alta,,GPT adjunto + Hermes,Fusionado con base Hermes para completar teléfonos/fuentes/servicios. | ID fuente: RT-029
RT-033,Pendiente,Base Río Tercero,Río Tercero / zona industrial,Río Tercero,B,75,SILMAR Industrial,Fabricación industrial,Industria / mantenimiento,03571 411073,OK,tel:+543571411073,tel:+543571411073,mantenimiento / despacho,"Movimientos especiales de mantenimiento, repuestos pesados, equipos y mudanzas internas o entre plantas.","Traslados especiales de equipos y repuestos con plataforma 20 tn, seguro/GPS y apoyo de hidrogrúa.",Fábrica local con teléfono público; validar tipo de piezas/equipos y frecuencia de despachos.,Llamar para validar necesidad y frecuencia; visitar si confirma movimientos de equipos/cargas.,"Confirmar decisor, frecuencia de movimientos y vigencia del contacto antes de cotizar.",https://www.google.com/maps/search/?api=1&query=SILMAR+Industrial+R%C3%ADo+Tercero+C%C3%B3rdoba+Argentina,Google Maps / ficha pública,https://www.google.com/maps/search/?api=1&query=SILMAR+Industrial+R%C3%ADo+Tercero+C%C3%B3rdoba+Argentina,Fábrica local con teléfono público; validar tipo de piezas/equipos y frecuencia de despachos.,Alta,Enriquecimiento web 2026-09-07,,,,,plataforma 20 tn para maquinaria/piezas | hidrogrúa para maniobras | percha para pallets,otro rubro factible,Sí,Alta,,GPT adjunto,ID fuente: RT-030
RT-034,Pendiente,Base Río Tercero,Río Tercero / zona industrial,Río Tercero,B,75,TALFUND S.A.,"Tornería, matricería y fundición de aluminio",Metalmecánica / despacho,03571 690418 / 03571 642555,OK,tel:+543571690418,tel:+543571690418 | tel:+543571642555,despacho / producción,"Despacho de estructuras, piezas, equipos y conjuntos metalmecánicos de gran porte hacia obras o clientes.",Plataforma 20 tn para piezas/estructuras + seguro de carga + trazabilidad GPS + apoyo de hidrogrúa según maniobra.,Produce componentes metálicos para agroindustria y exportación; teléfonos publicados por el parque.,Llamar para validar necesidad y frecuencia; visitar si confirma movimientos de equipos/cargas.,"Confirmar decisor, frecuencia de movimientos y vigencia del contacto antes de cotizar.",https://www.google.com/maps/search/?api=1&query=TALFUND+S.A.+R%C3%ADo+Tercero+C%C3%B3rdoba+Argentina,Parque Industrial Río Tercero,https://parqueindustrial.riotercero.gob.ar/empresa/TALFUND-S.A.,Produce componentes metálicos para agroindustria y exportación; teléfonos publicados por el parque.,Alta,Enriquecimiento web 2026-09-07,,,,,transporte de áridos/materiales | hidrogrúa para carga/descarga | percha para pallets/bolsones | plataforma 20 tn para maquinaria/piezas | hidrogrúa para maniobras | percha para pallets,otro rubro factible,Sí,Alta,,GPT adjunto,ID fuente: RT-031
RT-035,Pendiente,Base Río Tercero,Río Tercero / zona industrial,Río Tercero,B,75,Tello SRL Premoldeados de Hormigón,Premoldeados de hormigón,Hormigón / áridos / premoldeados,0351 4576859,OK,tel:+543514576859,tel:+543514576859,planta / despacho,"Movimiento de premoldeados, moldes, equipos de planta y cargas pesadas asociadas a obra.",Transporte de premoldeados/equipos en plataforma + coordinación de descarga/posicionamiento con hidrogrúa cuando aplique.,"Ficha pública ubica proveedor/contratista de premoldeados en Av. Savio, Río Tercero.",Llamar para validar necesidad y frecuencia; visitar si confirma movimientos de equipos/cargas.,"Confirmar decisor, frecuencia de movimientos y vigencia del contacto antes de cotizar.",https://www.google.com/maps/search/?api=1&query=Tello+SRL+Premoldeados+de+Hormig%C3%B3n+R%C3%ADo+Tercero+C%C3%B3rdoba+Argentina,Google Maps / ficha pública,https://www.google.com/maps/search/?api=1&query=Tello+SRL+Premoldeados+de+Hormig%C3%B3n+R%C3%ADo+Tercero+C%C3%B3rdoba+Argentina,"Ficha pública ubica proveedor/contratista de premoldeados en Av. Savio, Río Tercero.",Alta,Enriquecimiento web 2026-09-07,,,,,transporte de áridos/materiales | hidrogrúa para carga/descarga | percha para pallets/bolsones,áridos/construcción/premoldeados,Sí,Alta,Áridos/materiales: confirmar modalidad de carga/descarga y tipo de unidad requerida antes de cotizar.,GPT adjunto,ID fuente: RT-032
RT-036,Pendiente,Base Río Tercero,Río Tercero,Río Tercero,B,60,Baudino Hnos.,Estructuras metálicas,Metalmecánica / despacho,03571 15600693 / 3571 457279 / 3571 458732,VER,tel:+5493571600693,tel:+5493571600693 | tel:+543571457279 | tel:+543571458732,despacho / producción,"Despacho seguro de estructuras, carrozados, tanques, piezas industriales y equipos sobre plataforma.",Plataforma 20 tn para piezas/estructuras + seguro de carga + trazabilidad GPS.,Estructuras metálicas locales; buen encaje para transporte de piezas y montaje.,"Validar teléfono/contacto; si responde, pedir un caso concreto de traslado o próximo movimiento.",Confirmar decisor y vigencia del dato antes de incluir en salida prioritaria.,https://www.google.com/maps/search/?api=1&query=Baudino+Hnos.+R%C3%ADo+Tercero+C%C3%B3rdoba+Argentina,Web pública Baudino Hnos. / resultado de búsqueda,https://baudinohnos.wixsite.com/baudinohnos,Resultado público indica dirección y teléfonos; verificar vigencia antes de visita.,Media,Nuevo enriquecimiento 2026-09-02,,,,,plataforma 20 tn para maquinaria/piezas | hidrogrúa para maniobras | percha para pallets,otro rubro factible,Sí,Media,,GPT adjunto + Hermes,Fusionado con base Hermes para completar teléfonos/fuentes/servicios. | ID fuente: RT-033
RT-037,Pendiente,Base Río Tercero,Río Tercero,Río Tercero,B,60,Charrúa Implementos Agrícolas,Implementos agrícolas,Industria / mantenimiento,03571 619149 / 03571 503663 (a confirmar) / +54 9 3571 61 9149 / +54 9 3571 31 0086,OK,tel:+543571619149,tel:+543571619149 | tel:+543571503663 | tel:+5493571619149 | tel:+5493571310086,responsable de acopio / mantenimiento,"Movimientos especiales de mantenimiento, repuestos pesados y mudanzas internas de equipos.","Movimiento de equipos de planta, silos, balanzas, repuestos y cargas especiales para acopios/agroindustria.",Pedir frecuencia de entregas a concesionarios/campos.,Visita o llamada de validación; pedir próximo traslado concreto.,Validar contacto decisor y necesidad inmediata.,"https://www.google.com/maps/search/?api=1&query=-32.168609,-64.118792",Web/Facebook Charrúa | Web propia Charrúa Implementos Agrícolas,https://charruaimplementosagricolas.com.ar,"Registro curado en documento de dirección PRESOL 2026-09. | Sitio propio: Catamarca 2167, Parque Industrial Río Tercero; teléfonos +54 9 3571 61-9149 / 31-0086; implementos agrícolas.",Media,Base curada PDF dirección,,,,,plataforma 20 tn para maquinaria/piezas | hidrogrúa para maniobras | percha para pallets | percha para pallets de insumos | hidrogrúa para equipos/mantenimiento | barquilla para trabajos en altura,fabricante/servicio maquinaria agrícola,Sí,Media,,GPT adjunto + Hermes,Fusionado con base Hermes para completar teléfonos/fuentes/servicios. | ID fuente: RT-034
RT-038,Pendiente,Base Río Tercero,Río Tercero,Río Tercero,B,60,HIDROSERVIS,Cilindros hidráulicos,Industria / mantenimiento,Portería parque: 03571 565662,VER,tel:+543571565662,tel:+543571565662,responsable de logística/compras,"Movimientos especiales de mantenimiento, repuestos pesados y mudanzas internas de equipos.",Detectar el próximo movimiento pesado y convertirlo en cotización concreta.,Ofrecer servicio de retiro/entrega de equipos pesados.,Visita o llamada de validación; pedir próximo traslado concreto.,Validar contacto decisor y necesidad inmediata.,"https://www.google.com/maps/search/?api=1&query=-32.181800,-64.104800",Parque Industrial Río Tercero,,Registro curado en documento de dirección PRESOL 2026-09.,Media,Base curada PDF dirección,,,,,plataforma 20 tn para maquinaria/piezas | hidrogrúa para maniobras | percha para pallets,otro rubro factible,Sí,Media,,GPT adjunto + Hermes,Fusionado con base Hermes para completar teléfonos/fuentes/servicios. | ID fuente: RT-035
RT-039,Pendiente,Base Río Tercero,Río Tercero,Río Tercero,B,60,Hormilas S.A.,Hormigón elaborado,Hormigón / áridos / premoldeados,03571 573231 (a confirmar),VER,tel:+543571573231,tel:+543571573231,operaciones / planta,"Movimiento de premoldeados, equipos de planta/cantera, bombas, moldes y cargas pesadas.","Traslado de equipos de planta, bombas, premoldeados y apoyo a picos de obra.",Visita breve: detectar si tercerizan fletes de planta.,Visita o llamada de validación; pedir próximo traslado concreto.,Validar contacto decisor y necesidad inmediata.,"https://www.google.com/maps/search/?api=1&query=-32.163876,-64.106999",Parque Industrial Río Tercero / búsqueda web,,Registro curado en documento de dirección PRESOL 2026-09.,Media,Base curada PDF dirección,,,,,transporte de áridos/materiales | hidrogrúa para carga/descarga | percha para pallets/bolsones,áridos/construcción/premoldeados,Sí,Media,Áridos/materiales: confirmar modalidad de carga/descarga y tipo de unidad requerida antes de cotizar.,GPT adjunto + Hermes,Fusionado con base Hermes para completar teléfonos/fuentes/servicios. | ID fuente: RT-036
RT-040,Pendiente,Base Río Tercero,Río Tercero / zona industrial,Río Tercero,B,60,MoliCor,Accesorios para industrias molineras,Metalmecánica / despacho,A relevar vía parque,A relevar,,,despacho / producción,"Despacho de estructuras, piezas, equipos y conjuntos metalmecánicos de gran porte hacia obras o clientes.",Plataforma 20 tn para piezas/estructuras + seguro de carga + trazabilidad GPS + apoyo de hidrogrúa según maniobra.,Listado oficial del parque: accesorios para industrias molineras; contacto directo pendiente.,Llamar para validar necesidad y frecuencia; visitar si confirma movimientos de equipos/cargas.,"Confirmar decisor, frecuencia de movimientos y vigencia del contacto antes de cotizar.",https://www.google.com/maps/search/?api=1&query=MoliCor+R%C3%ADo+Tercero+C%C3%B3rdoba+Argentina,Parque Industrial Río Tercero,https://parqueindustrial.riotercero.gob.ar/empresas,Listado oficial del parque: accesorios para industrias molineras; contacto directo pendiente.,Media,Enriquecimiento web 2026-09-07,,,,,transporte de áridos/materiales | hidrogrúa para carga/descarga | percha para pallets/bolsones | plataforma 20 tn para maquinaria/piezas | hidrogrúa para maniobras | percha para pallets,otro rubro factible,Sí,Media,,GPT adjunto,ID fuente: RT-037
RT-041,Pendiente,Base Río Tercero,Río Tercero / zona industrial,Río Tercero,B,60,Taller RS S.A.,Mantenimiento y calibración de válvulas industriales,Industria / mantenimiento,03571 422065,OK,tel:+543571422065,tel:+543571422065,mantenimiento / despacho,"Movimientos especiales de mantenimiento, repuestos pesados, equipos y mudanzas internas o entre plantas.","Traslados especiales de equipos y repuestos con plataforma 20 tn, seguro/GPS y apoyo de hidrogrúa.",Empresa del parque dedicada a válvulas industriales; potencial de movimientos de equipos y repuestos.,Llamar para validar necesidad y frecuencia; visitar si confirma movimientos de equipos/cargas.,"Confirmar decisor, frecuencia de movimientos y vigencia del contacto antes de cotizar.",https://www.google.com/maps/search/?api=1&query=Taller+RS+S.A.+R%C3%ADo+Tercero+C%C3%B3rdoba+Argentina,Parque Industrial / Google Maps,https://parqueindustrial.riotercero.gob.ar/empresas,Empresa del parque dedicada a válvulas industriales; potencial de movimientos de equipos y repuestos.,Alta,Enriquecimiento web 2026-09-07,,,,,plataforma 20 tn para maquinaria/piezas | hidrogrúa para maniobras | percha para pallets,otro rubro factible,Sí,Alta,,GPT adjunto,ID fuente: RT-038
RT-042,Pendiente,Base Río Tercero,Río Tercero,Río Tercero,B,50,Atanor / Albaugh,Química / agroquímicos,Agro / acopio / planta,A relevar,A relevar,,,responsable de acopio / mantenimiento,"Traslado de equipos de planta, silos, repuestos pesados, balanzas, implementos y cargas especiales.","Movimiento de equipos de planta, silos, balanzas, repuestos y cargas especiales para acopios/agroindustria.",No vender por puerta fría baja; pedir compras/mantenimiento.,Visita o llamada de validación; pedir próximo traslado concreto.,Validar contacto decisor y necesidad inmediata.,"https://www.google.com/maps/search/?api=1&query=-32.173000,-64.110000",Albaugh / noticias sectoriales,,Registro curado en documento de dirección PRESOL 2026-09.,Media,Base curada PDF dirección,,,,,plataforma 20 tn para maquinaria/piezas | hidrogrúa para maniobras | percha para pallets | percha para pallets de insumos | hidrogrúa para equipos/mantenimiento | barquilla para trabajos en altura,otro rubro factible,Sí,Media,"Percha pallets: útil para insumos, bolsones, repuestos y materiales palletizados.",GPT adjunto + Hermes,Fusionado con base Hermes para completar teléfonos/fuentes/servicios. | ID fuente: RT-039
RT-043,Pendiente,Base Río Tercero,Parque Industrial Leonardo Da Vinci,Río Tercero,B,50,Bravo Gustavo y Guillermo,Premoldeados,Hormigón / áridos / premoldeados,A relevar vía parque,A relevar,,,planta / despacho,"Movimiento de premoldeados, equipos de planta/cantera, bombas, moldes y cargas pesadas.",Transporte de premoldeados/equipos; áridos sueltos solo sujeto a validar caja volcadora o tercerización.,Premoldeados locales: potencial de transporte de piezas y reparto pesado regional.,"Validar teléfono/contacto; si responde, pedir un caso concreto de traslado o próximo movimiento.",Confirmar decisor y vigencia del dato antes de incluir en salida prioritaria.,https://www.google.com/maps/search/?api=1&query=Bravo+Gustavo+y+Guillermo+R%C3%ADo+Tercero+C%C3%B3rdoba+Argentina,Parque Industrial Río Tercero,https://parqueindustrial.riotercero.gob.ar/empresas,Listado del parque indica fabricación de premoldeados.,Media,Nuevo enriquecimiento 2026-09-02,,,,,transporte de áridos/materiales | hidrogrúa para carga/descarga | percha para pallets/bolsones,áridos/construcción/premoldeados,Sí,Media,,GPT adjunto + Hermes,Fusionado con base Hermes para completar teléfonos/fuentes/servicios. | ID fuente: RT-040
RT-044,Pendiente,Base Río Tercero,Parque Industrial Leonardo Da Vinci,Río Tercero,B,50,Construcciones Sermanter S.R.L.,"Construcción, montaje y mantenimiento",Metalmecánica / despacho,A relevar vía parque,A relevar,,,jefe de obra / mantenimiento,"Despacho seguro de estructuras, carrozados, tanques, piezas industriales y equipos sobre plataforma.",Plataforma 20 tn para piezas/estructuras + seguro de carga + trazabilidad GPS.,"Constructor/montajista local: puede demandar traslado de equipos, estructuras y materiales pesados.","Validar teléfono/contacto; si responde, pedir un caso concreto de traslado o próximo movimiento.",Confirmar decisor y vigencia del dato antes de incluir en salida prioritaria.,https://www.google.com/maps/search/?api=1&query=Construcciones+Sermanter+S.R.L.+R%C3%ADo+Tercero+C%C3%B3rdoba+Argentina,Parque Industrial Río Tercero,https://parqueindustrial.riotercero.gob.ar/empresas,"Empresa listada en Parque Industrial como construcción, montaje y mantenimiento.",Media,Nuevo enriquecimiento 2026-09-02,,,,,transporte de áridos/materiales | hidrogrúa para carga/descarga | percha para pallets/bolsones,áridos/construcción/premoldeados,Sí,Media,,GPT adjunto + Hermes,Fusionado con base Hermes para completar teléfonos/fuentes/servicios. | ID fuente: RT-041
RT-045,Pendiente,Base Río Tercero,Parque Industrial Leonardo Da Vinci,Río Tercero,B,50,Fabri-Mec,Tornería / hoyadoras hidráulicas para grúas y minicargadoras,Industria / mantenimiento,03571 412302 / 03571 579685,OK,tel:+543571412302,tel:+543571412302 | tel:+543571579685,despacho / producción,"Movimientos especiales de mantenimiento, repuestos pesados y mudanzas internas de equipos.","Traslados especiales de mantenimiento, equipos y repuestos con seguro/GPS.",Fabrica implementos hidráulicos vinculados a grúas/minicargadoras; probable movimiento de piezas/equipos.,"Validar teléfono/contacto; si responde, pedir un caso concreto de traslado o próximo movimiento.",Confirmar decisor y vigencia del dato antes de incluir en salida prioritaria.,https://www.google.com/maps/search/?api=1&query=Fabri-Mec+R%C3%ADo+Tercero+C%C3%B3rdoba+Argentina,Parque Industrial Río Tercero,https://parqueindustrial.riotercero.gob.ar/empresas | https://parqueindustrial.riotercero.gob.ar/empresa/Fabri-Mec,"Listado del parque describe hoyadoras hidráulicas adaptables a grúas/minicargadoras. | Ficha del parque: hoyadoras hidráulicas adaptables a grúas, minicargadoras y tractores; teléfonos 03571412302 / 03571579685.",Media,Nuevo enriquecimiento 2026-09-02,,,,,plataforma 20 tn para maquinaria/piezas | hidrogrúa para maniobras | percha para pallets,fabricante/servicio maquinaria agrícola,Sí,Media,,GPT adjunto + Hermes,Fusionado con base Hermes para completar teléfonos/fuentes/servicios. | ID fuente: RT-042
RT-046,Pendiente,Base Río Tercero,Río Tercero,Río Tercero,B,50,Fábrica Militar Río Tercero,Industria estatal / metalmecánica pesada,Metalmecánica / despacho,A relevar,A relevar,,,despacho / producción,"Despacho seguro de estructuras, carrozados, tanques, piezas industriales y equipos sobre plataforma.","Despacho de estructuras, tanques, transformadores, piezas de ingeniería y equipos sobre plataforma 20 tn.",Entrar por proveedores/subcontratistas antes que compra directa estatal.,Visita o llamada de validación; pedir próximo traslado concreto.,Validar contacto decisor y necesidad inmediata.,"https://www.google.com/maps/search/?api=1&query=-32.181966,-64.113216",Fabricaciones Militares / informes previos,,Registro curado en documento de dirección PRESOL 2026-09.,Media,Base curada PDF dirección,,,,,plataforma 20 tn para maquinaria/piezas | hidrogrúa para maniobras | percha para pallets,otro rubro factible,Sí,Media,,GPT adjunto + Hermes,Fusionado con base Hermes para completar teléfonos/fuentes/servicios. | ID fuente: RT-043
RT-047,Pendiente,Base Río Tercero,Parque Industrial Leonardo Da Vinci,Río Tercero,B,50,LiftingMach S.A.,Autoelevadores / maquinaria industrial,Industria / mantenimiento,A relevar vía parque,A relevar,,,despacho / producción,"Movimientos especiales de mantenimiento, repuestos pesados y mudanzas internas de equipos.","Traslados especiales de mantenimiento, equipos y repuestos con seguro/GPS.",Fabricación de autoelevadores vinculada a Metalúrgica Río Tercero / LiuGong; posible movimiento de equipos.,"Validar teléfono/contacto; si responde, pedir un caso concreto de traslado o próximo movimiento.",Confirmar decisor y vigencia del dato antes de incluir en salida prioritaria.,https://www.google.com/maps/search/?api=1&query=LiftingMach+S.A.+R%C3%ADo+Tercero+C%C3%B3rdoba+Argentina,Parque Industrial Río Tercero / Maquinac,https://parqueindustrial.riotercero.gob.ar/empresas,Listado de empresas del Parque Industrial; Maquinac menciona conformación LiftingMach para autoelevadores.,Media,Nuevo enriquecimiento 2026-09-02,,,,,plataforma 20 tn para maquinaria/piezas | hidrogrúa para maniobras | percha para pallets,otro rubro factible,Sí,Media,,GPT adjunto + Hermes,Fusionado con base Hermes para completar teléfonos/fuentes/servicios. | ID fuente: RT-044
RT-048,Pendiente,Base Río Tercero,Parque Industrial Leonardo Da Vinci,Río Tercero,B,50,PROMETVA S.R.L.,Ingeniería / fabricación industrial,Industria / mantenimiento,A relevar vía parque,A relevar,,,despacho / producción,"Movimientos especiales de mantenimiento, repuestos pesados y mudanzas internas de equipos.","Traslados especiales de mantenimiento, equipos y repuestos con seguro/GPS.","Ingeniería y fabricación: potencial despacho de piezas, estructuras o equipos.","Validar teléfono/contacto; si responde, pedir un caso concreto de traslado o próximo movimiento.",Confirmar decisor y vigencia del dato antes de incluir en salida prioritaria.,https://www.google.com/maps/search/?api=1&query=PROMETVA+S.R.L.+R%C3%ADo+Tercero+C%C3%B3rdoba+Argentina,Parque Industrial Río Tercero,https://parqueindustrial.riotercero.gob.ar/empresas,Listado del parque indica experiencia en ingeniería y fabricación.,Media,Nuevo enriquecimiento 2026-09-02,,,,,plataforma 20 tn para maquinaria/piezas | hidrogrúa para maniobras | percha para pallets,otro rubro factible,Sí,Media,,GPT adjunto + Hermes,Fusionado con base Hermes para completar teléfonos/fuentes/servicios. | ID fuente: RT-045
RT-049,Pendiente,Base Río Tercero,Parque Industrial Leonardo Da Vinci,Río Tercero,B,50,Taller Sarmiento,Servicios industriales / mantenimiento,Industria / mantenimiento,A relevar vía parque,A relevar,,,mantenimiento / compras,"Movimientos especiales de mantenimiento, repuestos pesados y mudanzas internas de equipos.","Traslados especiales de mantenimiento, equipos y repuestos con seguro/GPS.",Prestación de servicios industriales dentro del parque; posible movimiento de equipos o repuestos pesados.,"Validar teléfono/contacto; si responde, pedir un caso concreto de traslado o próximo movimiento.",Confirmar decisor y vigencia del dato antes de incluir en salida prioritaria.,https://www.google.com/maps/search/?api=1&query=Taller+Sarmiento+R%C3%ADo+Tercero+C%C3%B3rdoba+Argentina,Parque Industrial Río Tercero,https://parqueindustrial.riotercero.gob.ar/empresas,Empresa listada en Parque Industrial: servicios industriales desde 1992.,Media,Nuevo enriquecimiento 2026-09-02,,,,,plataforma 20 tn para maquinaria/piezas | hidrogrúa para maniobras | percha para pallets,otro rubro factible,Sí,Media,,GPT adjunto + Hermes,Fusionado con base Hermes para completar teléfonos/fuentes/servicios. | ID fuente: RT-046
RT-050,Pendiente,Base Río Tercero,Río Tercero,Río Tercero,C,40,Grupo AVO S.A.,Aceite de soja / balanceados,Industria / mantenimiento,Portería parque: 03571 565662,VER,tel:+543571565662,tel:+543571565662,responsable de acopio / mantenimiento,"Movimientos especiales de mantenimiento, repuestos pesados y mudanzas internas de equipos.","Movimiento de equipos de planta, silos, balanzas, repuestos y cargas especiales para acopios/agroindustria.",Visitar si queda en ruta del parque.,Visita o llamada de validación; pedir próximo traslado concreto.,Validar contacto decisor y necesidad inmediata.,"https://www.google.com/maps/search/?api=1&query=-32.175431,-64.127787",Parque Industrial Río Tercero,,Registro curado en documento de dirección PRESOL 2026-09.,Media,Base curada PDF dirección,,,,,plataforma 20 tn para maquinaria/piezas | hidrogrúa para maniobras | percha para pallets | percha para pallets de insumos | hidrogrúa para equipos/mantenimiento | barquilla para trabajos en altura,otro rubro factible,Sí,Baja / visitar solo por cercanía,,GPT adjunto + Hermes,Fusionado con base Hermes para completar teléfonos/fuentes/servicios. | ID fuente: RT-047
RT-051,Pendiente,Base Río Tercero,Parque Industrial Leonardo Da Vinci,Río Tercero,C,30,Transporte Sosa,Fabricación y reparación de cajas volcadoras,Industria / mantenimiento,A relevar vía parque,A relevar,,,dueño / taller,"Movimientos especiales de mantenimiento, repuestos pesados y mudanzas internas de equipos.","Traslados especiales de mantenimiento, equipos y repuestos con seguro/GPS.",Contacto útil para validar/tercerizar caja volcadora o entender oferta local de volcadoras.,"Validar teléfono/contacto; si responde, pedir un caso concreto de traslado o próximo movimiento.",Confirmar decisor y vigencia del dato antes de incluir en salida prioritaria.,https://www.google.com/maps/search/?api=1&query=Transporte+Sosa+R%C3%ADo+Tercero+C%C3%B3rdoba+Argentina,Parque Industrial Río Tercero,https://parqueindustrial.riotercero.gob.ar/empresas,Listado del parque indica fabricación y reparación de cajas volcadoras.,Media,Nuevo enriquecimiento 2026-09-02,,,,,plataforma 20 tn para maquinaria/piezas | hidrogrúa para maniobras | percha para pallets,otro rubro factible,Sí,Baja / visitar solo por cercanía,,GPT adjunto + Hermes,Fusionado con base Hermes para completar teléfonos/fuentes/servicios. | ID fuente: RT-049
RT-052,Pendiente,Base Río Tercero,Parque Industrial Leonardo Da Vinci,Río Tercero,C,30,Volonte Marcelo,"Arenado, pintura industrial y servicio de izaje",Industria / mantenimiento,A relevar vía parque,A relevar,,,operaciones / taller,"Movimientos especiales de mantenimiento, repuestos pesados y mudanzas internas de equipos.","Traslados especiales de mantenimiento, equipos y repuestos con seguro/GPS.","Más que cliente, posible referencia/alianza/competencia para izajes y maniobras.","Validar teléfono/contacto; si responde, pedir un caso concreto de traslado o próximo movimiento.",Confirmar decisor y vigencia del dato antes de incluir en salida prioritaria.,https://www.google.com/maps/search/?api=1&query=Volonte+Marcelo+R%C3%ADo+Tercero+C%C3%B3rdoba+Argentina,Parque Industrial Río Tercero,https://parqueindustrial.riotercero.gob.ar/empresas,"Listado del parque: arenado, pintura industrial y servicio de izaje.",Media,Nuevo enriquecimiento 2026-09-02,,,,,plataforma 20 tn para maquinaria/piezas | hidrogrúa para maniobras | percha para pallets,otro rubro factible,Sí,Baja / visitar solo por cercanía,,GPT adjunto + Hermes,Fusionado con base Hermes para completar teléfonos/fuentes/servicios. | ID fuente: RT-050
RT-053,Pendiente,Base Río Tercero,Río Tercero,Río Tercero,C,30,Áridos S.A.,Áridos / cantera,Hormigón / áridos / premoldeados,A relevar,A relevar,,,planta / mantenimiento,"Movimiento de premoldeados, equipos de planta/cantera, bombas, moldes y cargas pesadas.",Movimiento de equipos de cantera/planta; transporte de material suelto sujeto a confirmar unidad o esquema operativo.,Solo vender si se confirma caja volcadora o servicio tercerizable.,Visita o llamada de validación; pedir próximo traslado concreto.,Validar contacto decisor y necesidad inmediata.,"https://www.google.com/maps/search/?api=1&query=-32.175149,-64.110626",EMIS / Instagram @aridos.sa,,Registro curado en documento de dirección PRESOL 2026-09.,Media,Base curada PDF dirección,,,,,transporte de áridos/materiales | hidrogrúa para carga/descarga | percha para pallets/bolsones,áridos/construcción/premoldeados,Sí,Baja / visitar solo por cercanía,Áridos/materiales: confirmar modalidad de carga/descarga y tipo de unidad requerida antes de cotizar.,GPT adjunto + Hermes,Fusionado con base Hermes para completar teléfonos/fuentes/servicios. | ID fuente: RT-048
COR-001,Pendiente,Corralito / acceso secundario RN36,Corralito · S-253 / S-372 hacia Autovía 36,Corralito,A,100,AGD — Planta de Acopio Corralito,Acopio agroindustrial,Agro / acopio / planta,03571 492144 / 492172 / 492228,OK,tel:+543571492144,tel:+543571492144,responsable de acopio / mantenimiento,"Traslado de equipos de planta, silos, repuestos pesados, balanzas, implementos y cargas especiales.","Movimiento de equipos de planta, silos, balanzas, repuestos y cargas especiales para acopios/agroindustria.",Acopio AGD; pedir operaciones/mantenimiento.,Visita o llamada de validación; pedir próximo traslado concreto.,Validar contacto decisor y necesidad inmediata.,"https://www.google.com/maps/search/?api=1&query=-32.022500,-64.191000",agd.com.ar/es/corralito-acopio,,Registro curado en documento de dirección PRESOL 2026-09.,Alta,Base curada PDF dirección,,,,,plataforma 20 tn para maquinaria/piezas | hidrogrúa para maniobras | percha para pallets | percha para pallets de insumos | hidrogrúa para equipos/mantenimiento | barquilla para trabajos en altura,cooperativa/acopio,,Muy alta,"Barquilla: validar seguridad, seguro, permiso de trabajo y alcance de maniobra antes de cotizar. Percha pallets: útil para insumos, bolsones, repuestos y materiales palletizados.",GPT adjunto + Hermes,Fusionado con base Hermes para completar teléfonos/fuentes/servicios.
COR-002,Pendiente,Corralito / acceso secundario RN36,Corralito · S-253 / S-372 hacia Autovía 36,Corralito,B,75,Trisoil S.A.,Alimentos balanceados / aceite,Agro / acopio / planta,03571 502525 / 502526,OK,tel:+543571502525,tel:+543571502525,mantenimiento / compras,"Traslado de equipos de planta, silos, repuestos pesados, balanzas, implementos y cargas especiales.","Traslados especiales de mantenimiento, repuestos pesados, mudanzas internas y cargas con seguro/GPS.",Ofrecer fletes de repuestos/equipos y cargas especiales.,Visita o llamada de validación; pedir próximo traslado concreto.,Validar contacto decisor y necesidad inmediata.,"https://www.google.com/maps/search/?api=1&query=-32.030000,-64.183000",trisoil.com.ar,,Registro curado en documento de dirección PRESOL 2026-09.,Alta,Base curada PDF dirección,,,,,plataforma 20 tn para maquinaria/piezas | hidrogrúa para maniobras | percha para pallets | percha para pallets de insumos | hidrogrúa para equipos/mantenimiento | barquilla para trabajos en altura,planta agroindustrial,,Alta,"Percha pallets: útil para insumos, bolsones, repuestos y materiales palletizados.",GPT adjunto + Hermes,Fusionado con base Hermes para completar teléfonos/fuentes/servicios.
TAN-001,Pendiente,Corralito / acceso secundario RN36,Tancacha / RP6 - satélite agroindustrial,Tancacha,A,100,A&F / BRUNI Implementos Agrícolas,Repuestos e implementos agrícolas,Industria / mantenimiento,+54 3571 576545 / +54 9 3571 314413,OK,tel:+543571576545,tel:+543571576545 | tel:+5493571314413,logística / despacho / postventa,"Traslado de maquinaria, implementos, equipos terminados y componentes de gran porte entre planta, cliente, obra o feria.",Plataforma 20 tn + malacate/hidrogrúa según maniobra + seguro de carga + trazabilidad GPS.,Fabricante local con 50 años de experiencia en repuestos e implementos agrícolas.,"Llamada prioritaria; pedir próximo traslado concreto y, si hay encaje, coordinar visita.","Confirmar decisor, frecuencia de movimientos y vigencia del contacto antes de cotizar.",https://www.google.com/maps/search/?api=1&query=A%26F+Implementos+Agr%C3%ADcolas+Tancacha+C%C3%B3rdoba+Argentina,Web propia A&F | Google Maps / ficha pública,https://implementosayf.com.ar/ | https://www.google.com/maps/search/?api=1&query=BRUNI+implementos+Agricolas+Tancacha+C%C3%B3rdoba+Argentina,"Fabricante local con 50 años de experiencia en repuestos e implementos agrícolas. | Fabricante/proveedor local de implementos agrícolas con teléfono público. | Sitio propio: Tucumán 745, Tancacha; +54 3571 57 6545; fabricación de implementos agrícolas y repuestos.",Alta,Enriquecimiento web 2026-09-07,,,,,transporte de áridos/materiales | hidrogrúa para carga/descarga | percha para pallets/bolsones | plataforma 20 tn para maquinaria/piezas | hidrogrúa para maniobras | percha para pallets,fabricante/servicio maquinaria agrícola,Sí,Muy alta,"Percha pallets: útil para insumos, bolsones, repuestos y materiales palletizados.",GPT adjunto + Hermes,Alias GPT fusionado: A&F Implementos Agrícolas + BRUNI Implementos Agrícolas | Fusionado con base Hermes para completar teléfonos/fuentes/servicios.
TAN-002,Pendiente,Corralito / acceso secundario RN36,Tancacha / RP6 - satélite agroindustrial,Tancacha,A,85,DIEZTREINTA S.A.S.,Construcción de redes / obras,Obra / constructora,03571 460582 / 03571 15 545575 / 03571 15 514877,OK,tel:+543571460582,tel:+543571460582 | tel:+5493571545575 | tel:+5493571514877,jefe de obra / operaciones,"Traslado de maquinaria, módulos de obrador, estructuras y equipos entre depósitos y frentes de obra.",Transporte especial de equipos/obrador + plataforma 20 tn + apoyo de hidrogrúa según maniobra + seguro/GPS.,Empresa constructora habilitada en Tancacha para obras de redes; teléfonos y domicilio publicados en registro 2026.,"Llamada prioritaria; pedir próximo traslado concreto y, si hay encaje, coordinar visita.","Confirmar decisor, frecuencia de movimientos y vigencia del contacto antes de cotizar.",https://www.google.com/maps/search/?api=1&query=DIEZTREINTA+S.A.S.+Tancacha+C%C3%B3rdoba+Argentina,Registro Ecogas 2026,https://www.ecogas.com.ar/appweb/leo/ui-empresas-constructoras.php,Empresa constructora habilitada en Tancacha para obras de redes; teléfonos y domicilio publicados en registro 2026.,Alta,Enriquecimiento web 2026-09-07,,,,,transporte de áridos/materiales | hidrogrúa para carga/descarga | percha para pallets/bolsones | barquilla de hidrogrúa para mantenimiento en altura | hidrogrúa para postes/equipos,áridos/construcción/premoldeados | mantenimiento en altura/redes,Sí,Muy alta,"Barquilla: validar seguridad, seguro, permiso de trabajo y alcance de maniobra antes de cotizar.",GPT adjunto,ID fuente: TAN-003
TAN-003,Pendiente,Corralito / acceso secundario RN36,Tancacha / RP6 - satélite agroindustrial,Tancacha,A,85,El Álamo S.R.L. - Tancacha,"Acopio, fertilizantes, semillas y combustibles",Agro / acopio / planta,03571 460730,OK,tel:+543571460730,tel:+543571460730,responsable de acopio / mantenimiento,"Traslado de equipos de planta, silos, repuestos pesados, balanzas, implementos y cargas especiales.","Movimiento de equipos de planta, silos, balanzas, repuestos e implementos con plataforma e hidrogrúa según necesidad.","Sucursal Tancacha en intersección RP E79 y RP6; opera acopio, fertilizantes e insumos.","Llamada prioritaria; pedir próximo traslado concreto y, si hay encaje, coordinar visita.","Confirmar decisor, frecuencia de movimientos y vigencia del contacto antes de cotizar.",https://www.google.com/maps/search/?api=1&query=El+%C3%81lamo+S.R.L.+-+Tancacha+Tancacha+C%C3%B3rdoba+Argentina,Web propia El Álamo,https://www.elalamosrl.com.ar/,"Sucursal Tancacha en intersección RP E79 y RP6; opera acopio, fertilizantes e insumos.",Alta,Enriquecimiento web 2026-09-07,,,,,plataforma 20 tn para maquinaria/piezas | hidrogrúa para maniobras | percha para pallets | percha para pallets de insumos | hidrogrúa para equipos/mantenimiento | barquilla para trabajos en altura,cooperativa/acopio | planta agroindustrial,Sí,Muy alta,"Barquilla: validar seguridad, seguro, permiso de trabajo y alcance de maniobra antes de cotizar. Percha pallets: útil para insumos, bolsones, repuestos y materiales palletizados.",GPT adjunto,ID fuente: TAN-004
TAN-004,Pendiente,Corralito / acceso secundario RN36,Tancacha / RP6 - satélite agroindustrial,Tancacha,A,85,Metalúrgica Gentilini,Piezas y conjuntos metálicos de precisión,Metalmecánica / despacho,03571 550083,OK,tel:+543571550083,tel:+543571550083,despacho / producción,"Despacho de estructuras, piezas, equipos y conjuntos metalmecánicos de gran porte hacia obras o clientes.",Plataforma 20 tn para piezas/estructuras + seguro de carga + trazabilidad GPS + apoyo de hidrogrúa según maniobra.,"Metalúrgica radicada en Tancacha, fabrica piezas y conjuntos metálicos para empresas regionales y nacionales.","Llamada prioritaria; pedir próximo traslado concreto y, si hay encaje, coordinar visita.","Confirmar decisor, frecuencia de movimientos y vigencia del contacto antes de cotizar.",https://www.google.com/maps/search/?api=1&query=Metal%C3%BArgica+Gentilini+Tancacha+C%C3%B3rdoba+Argentina,Web propia Metalúrgica Gentilini,https://metalurgicagentilini.com.ar/,"Metalúrgica radicada en Tancacha, fabrica piezas y conjuntos metálicos para empresas regionales y nacionales.",Alta,Enriquecimiento web 2026-09-07,,,,,transporte de áridos/materiales | hidrogrúa para carga/descarga | percha para pallets/bolsones | plataforma 20 tn para maquinaria/piezas | hidrogrúa para maniobras | percha para pallets,otro rubro factible,Sí,Muy alta,,GPT adjunto,ID fuente: TAN-005
TAN-005,Pendiente,Corralito / acceso secundario RN36,Tancacha / RP6 - satélite agroindustrial,Tancacha,B,81,IMEGEN,Metalurgia / servicios industriales,Metalmecánica / despacho,03571 460242 / +54 3571 460242,OK,tel:+543571460242,tel:+543571460242,despacho / producción,"Despacho de estructuras, piezas, equipos y conjuntos metalmecánicos de gran porte hacia obras o clientes.",Plataforma 20 tn para piezas/estructuras + seguro de carga + trazabilidad GPS + apoyo de hidrogrúa según maniobra.,Taller metalúrgico sobre RP6 con teléfono público.,Llamar para validar necesidad y frecuencia; visitar si confirma movimientos de equipos/cargas.,"Confirmar decisor, frecuencia de movimientos y vigencia del contacto antes de cotizar.",https://www.google.com/maps/search/?api=1&query=IMEGEN+Tancacha+C%C3%B3rdoba+Argentina,Google Maps / ficha pública | Maquinac,https://www.google.com/maps/search/?api=1&query=IMEGEN+Tancacha+C%C3%B3rdoba+Argentina | https://maquinac.com/empresas/imegen,"Taller metalúrgico sobre RP6 con teléfono público. | Maquinac: Ruta Prov. 6 Km 27, Tancacha; +54 3571 460242; equipos industriales.",Alta,Enriquecimiento web 2026-09-07,,,,,transporte de áridos/materiales | hidrogrúa para carga/descarga | percha para pallets/bolsones | plataforma 20 tn para maquinaria/piezas | hidrogrúa para maniobras | percha para pallets,otro rubro factible,Sí,Alta,,GPT adjunto + Hermes,Fusionado con base Hermes para completar teléfonos/fuentes/servicios. | ID fuente: TAN-007
TAN-006,Pendiente,Corralito / acceso secundario RN36,Tancacha / RP6 - satélite agroindustrial,Tancacha,B,75,Alimentos Tancacha,Alimentos balanceados / planta industrial,Agro / acopio / planta,+54 3571 50-2272,OK,tel:+543571502272,tel:+543571502272,mantenimiento / logística,"Traslado de equipos de planta, silos, repuestos pesados, balanzas, implementos y cargas especiales.",Transporte de repuestos/equipos/silos/implementos + coordinación de retiro y descarga.,Planta industrial en Tancacha; potencial de repuestos/equipos y movimientos especiales.,"Validar teléfono/contacto; si responde, pedir un caso concreto de traslado o próximo movimiento.",Confirmar decisor y vigencia del dato antes de incluir en salida prioritaria.,https://www.google.com/maps/search/?api=1&query=Alimentos+Tancacha+Tancacha+C%C3%B3rdoba+Argentina,Web propia Alimentos Tancacha,http://www.alimentostancacha.com/contacto,"Sitio propio publica teléfono, mail y dirección de planta industrial en Tancacha. | Sitio propio: planta industrial 9 de Julio 1490, Tancacha; teléfono +54 3571 50-2272; alimentos/expeller/aceite/premezclas.",Alta,Nuevo enriquecimiento 2026-09-02,,,,,plataforma 20 tn para maquinaria/piezas | hidrogrúa para maniobras | percha para pallets | percha para pallets de insumos | hidrogrúa para equipos/mantenimiento | barquilla para trabajos en altura,planta agroindustrial,Sí,Alta,"Barquilla: validar seguridad, seguro, permiso de trabajo y alcance de maniobra antes de cotizar. Percha pallets: útil para insumos, bolsones, repuestos y materiales palletizados.",GPT adjunto + Hermes,Fusionado con base Hermes para completar teléfonos/fuentes/servicios.
TAN-007,Pendiente,Corralito / acceso secundario RN36,Tancacha / RP6 - satélite agroindustrial,Tancacha,B,60,Agroinsumos Tancacha SRL,Agroquímicos e insumos agrícolas,Agro / acopio / planta,03571 461128,OK,tel:+543571461128,tel:+543571461128,responsable de acopio / mantenimiento,"Traslado de equipos de planta, silos, repuestos pesados, balanzas, implementos y cargas especiales.","Movimiento de equipos de planta, silos, balanzas, repuestos e implementos con plataforma e hidrogrúa según necesidad.",Proveedor agropecuario local; fit para movimientos de equipos y cargas especiales de planta.,Llamar para validar necesidad y frecuencia; visitar si confirma movimientos de equipos/cargas.,"Confirmar decisor, frecuencia de movimientos y vigencia del contacto antes de cotizar.",https://www.google.com/maps/search/?api=1&query=Agroinsumos+Tancacha+SRL+Tancacha+C%C3%B3rdoba+Argentina,Google Maps / ficha pública,https://www.google.com/maps/search/?api=1&query=Agroinsumos+Tancacha+SRL+Tancacha+C%C3%B3rdoba+Argentina,Proveedor agropecuario local; fit para movimientos de equipos y cargas especiales de planta.,Alta,Enriquecimiento web 2026-09-07,,,,,plataforma 20 tn para maquinaria/piezas | hidrogrúa para maniobras | percha para pallets | percha para pallets de insumos | hidrogrúa para equipos/mantenimiento | barquilla para trabajos en altura,otro rubro factible,Sí,Alta,"Percha pallets: útil para insumos, bolsones, repuestos y materiales palletizados.",GPT adjunto,ID fuente: TAN-008
TAN-008,Pendiente,Corralito / acceso secundario RN36,Tancacha / RP6 - satélite agroindustrial,Tancacha,B,60,RG Rodolfo Grosso,Agroindustria / maquinaria o insumos,Agro / acopio / planta,3571 521091,VER,tel:+543571521091,tel:+543571521091,dueño / operaciones,"Traslado de equipos de planta, silos, repuestos pesados, balanzas, implementos y cargas especiales.",Transporte de repuestos/equipos/silos/implementos + coordinación de retiro y descarga.,"Empresa agroindustrial local; validar movimientos de equipos, repuestos o implementos.","Validar teléfono/contacto; si responde, pedir un caso concreto de traslado o próximo movimiento.",Confirmar decisor y vigencia del dato antes de incluir en salida prioritaria.,https://www.google.com/maps/search/?api=1&query=RG+Rodolfo+Grosso+Tancacha+C%C3%B3rdoba+Argentina,Facebook público / resultado de búsqueda,https://www.facebook.com/rgrodolfogrosso?locale=es_LA,Resultado público indica ubicación Tancacha y WhatsApp 3571521091; verificar vigencia.,Media,Nuevo enriquecimiento 2026-09-02,,,,,plataforma 20 tn para maquinaria/piezas | hidrogrúa para maniobras | percha para pallets | percha para pallets de insumos | hidrogrúa para equipos/mantenimiento | barquilla para trabajos en altura,otro rubro factible,Sí,Media,"Percha pallets: útil para insumos, bolsones, repuestos y materiales palletizados.",GPT adjunto + Hermes,Fusionado con base Hermes para completar teléfonos/fuentes/servicios. | ID fuente: TAN-009
TAN-009,Pendiente,Corralito / acceso secundario RN36,Tancacha / RP6 - satélite agroindustrial,Tancacha,B,50,ACOGRA,Fertilizantes líquidos / agroindustria,Agro / acopio / planta,A relevar,A relevar,,,planta / logística,"Traslado de equipos de planta, silos, repuestos pesados, balanzas, implementos y cargas especiales.",Transporte de repuestos/equipos/silos/implementos + coordinación de retiro y descarga.,"Producción de fertilizantes líquidos; validar movimientos de insumos, tanques, equipos y mantenimiento.","Validar teléfono/contacto; si responde, pedir un caso concreto de traslado o próximo movimiento.",Confirmar decisor y vigencia del dato antes de incluir en salida prioritaria.,https://www.google.com/maps/search/?api=1&query=ACOGRA+Tancacha+C%C3%B3rdoba+Argentina,Instagram público / resultado de búsqueda,https://www.instagram.com/reel/DQet3NikYDU?hl=en,Resultado público menciona empresa de Tancacha que produce fertilizantes líquidos y exporta.,Media,Nuevo enriquecimiento 2026-09-02,,,,,plataforma 20 tn para maquinaria/piezas | hidrogrúa para maniobras | percha para pallets | percha para pallets de insumos | hidrogrúa para equipos/mantenimiento | barquilla para trabajos en altura,planta agroindustrial,Sí,Media,"Percha pallets: útil para insumos, bolsones, repuestos y materiales palletizados.",GPT adjunto + Hermes,Fusionado con base Hermes para completar teléfonos/fuentes/servicios. | ID fuente: TAN-010
TAN-010,Pendiente,Corralito / acceso secundario RN36,Tancacha / RP6 - satélite agroindustrial,Tancacha,B,50,Agricultores Unidos de Tancacha Coop. Agrícola Ltda.,Cooperativa agropecuaria / insumos,Agro / acopio / planta,03571 460109 / 03571 460298 / 03571 460112,OK,tel:+543571460109,tel:+543571460109 | tel:+543571460298 | tel:+543571460112,compra de insumos / acopio,"Traslado de equipos de planta, silos, repuestos pesados, balanzas, implementos y cargas especiales.",Transporte de repuestos/equipos/silos/implementos + coordinación de retiro y descarga.,"Cooperativa local: posible entrada por insumos, acopio y mantenimiento.","Validar teléfono/contacto; si responde, pedir un caso concreto de traslado o próximo movimiento.",Confirmar decisor y vigencia del dato antes de incluir en salida prioritaria.,https://www.google.com/maps/search/?api=1&query=Agricultores+Unidos+de+Tancacha+Coop.+Agr%C3%ADcola+Ltda.+Tancacha+C%C3%B3rdoba+Argentina,LinkedIn público / búsqueda | Web propia Agricultores Unidos de Tancacha,https://www.linkedin.com/in/maximiliano-mat%C3%A9lica-9b7885125 | https://agricultoresunidos.com.ar/contacto,"Perfil público referencia a encargado de compra de insumos agrícolas en la cooperativa. | Sitio propio: administración 03571 460109; planta central 03571 460298; planta Ex-Junta 03571 460112; acopio, agroinsumos, corralón y flota propia.",Media,Nuevo enriquecimiento 2026-09-02,,,,,plataforma 20 tn para maquinaria/piezas | hidrogrúa para maniobras | percha para pallets | percha para pallets de insumos | hidrogrúa para equipos/mantenimiento | barquilla para trabajos en altura,cooperativa/acopio,Sí,Media,"Barquilla: validar seguridad, seguro, permiso de trabajo y alcance de maniobra antes de cotizar. Percha pallets: útil para insumos, bolsones, repuestos y materiales palletizados.",GPT adjunto + Hermes,Fusionado con base Hermes para completar teléfonos/fuentes/servicios. | ID fuente: TAN-011
TAN-011,Pendiente,Corralito / acceso secundario RN36,Tancacha / RP6 - satélite agroindustrial,Tancacha,C,40,La Lomita de Oro,Materiales para la construcción,Obra / constructora,+54 9 3571 558020,OK,tel:+5493571558020,tel:+5493571558020,jefe de obra / operaciones,"Traslado de maquinaria, módulos de obrador, estructuras y equipos entre depósitos y frentes de obra.",Transporte especial de equipos/obrador + plataforma 20 tn + apoyo de hidrogrúa según maniobra + seguro/GPS.,Comercio de materiales de construcción; fit secundario para entregas especiales o equipos.,Llamar para validar necesidad y frecuencia; visitar si confirma movimientos de equipos/cargas.,"Confirmar decisor, frecuencia de movimientos y vigencia del contacto antes de cotizar.",https://www.google.com/maps/search/?api=1&query=La+Lomita+de+Oro+Tancacha+C%C3%B3rdoba+Argentina,Google Maps / ficha pública,https://www.google.com/maps/search/?api=1&query=La+Lomita+de+Oro+Tancacha+C%C3%B3rdoba+Argentina,Comercio de materiales de construcción; fit secundario para entregas especiales o equipos.,Alta,Enriquecimiento web 2026-09-07,,,,,transporte de áridos/materiales | hidrogrúa para carga/descarga | percha para pallets/bolsones,áridos/construcción/premoldeados,Sí,Baja / visitar solo por cercanía,Áridos/materiales: confirmar modalidad de carga/descarga y tipo de unidad requerida antes de cotizar.,GPT adjunto,ID fuente: TAN-012
TAN-012,Pendiente,Corralito / acceso secundario RN36,Tancacha / RP6 - satélite agroindustrial,Tancacha,C,40,Repuestos Actis,Repuestos usados de cosechadoras,Industria / mantenimiento,03571 537360,OK,tel:+543571537360,tel:+543571537360,logística / entregas / postventa,"Traslado de maquinaria agrícola o vial entre sucursal, cliente, taller, campo y eventos.","Traslado de maquinaria en plataforma 20 tn, coordinación de retiro/entrega y apoyo de hidrogrúa si corresponde.",Proveedor rural de repuestos de cosechadoras; validar si mueve componentes de gran porte.,Llamar para validar necesidad y frecuencia; visitar si confirma movimientos de equipos/cargas.,"Confirmar decisor, frecuencia de movimientos y vigencia del contacto antes de cotizar.",https://www.google.com/maps/search/?api=1&query=Repuestos+Actis+Tancacha+C%C3%B3rdoba+Argentina,Google Maps / ficha pública,https://www.google.com/maps/search/?api=1&query=Repuestos+usados+de+cosechadoras+Actis+Tancacha+C%C3%B3rdoba+Argentina,Proveedor rural de repuestos de cosechadoras; validar si mueve componentes de gran porte.,Alta,Enriquecimiento web 2026-09-07,,,,,plataforma 20 tn para maquinaria/piezas | hidrogrúa para maniobras | percha para pallets,fabricante/servicio maquinaria agrícola,Sí,Baja / visitar solo por cercanía,"Percha pallets: útil para insumos, bolsones, repuestos y materiales palletizados.",GPT adjunto,ID fuente: TAN-013
AG-001,Pendiente,Córdoba / RN36 norte,Alta Gracia,Alta Gracia,A,100,AG Viviendas Industrializadas,Módulos / viviendas industrializadas,Módulos / containers,3547 672399 / 3547 420854,OK,tel:+543547672399,tel:+543547672399 | tel:+543547420854,operaciones / entregas,"Entrega, descarga y posicionamiento de módulos/containers en obra o cliente final.","Entrega y descarga de módulos/containers con plataforma, malacate e hidrogrúa según maniobra.",Cada venta necesita logística: proponer proveedor regional.,Visita o llamada de validación; pedir próximo traslado concreto.,Validar contacto decisor y necesidad inmediata.,"https://www.google.com/maps/search/?api=1&query=-31.655000,-64.420000",Facebook AG Viviendas,,Registro curado en documento de dirección PRESOL 2026-09.,Alta,Base curada PDF dirección,,,,,transporte de áridos/materiales | hidrogrúa para carga/descarga | percha para pallets/bolsones,otro rubro factible,,Muy alta,,GPT adjunto + Hermes,Fusionado con base Hermes para completar teléfonos/fuentes/servicios.
AG-002,Pendiente,Córdoba / RN36 norte,Alta Gracia / Ruta 5,Alta Gracia,A,100,Miguel Ángel Premoldeados,Premoldeados de hormigón,Hormigón / áridos / premoldeados,03547 430962 / 03547 15501860,OK,tel:+543547430962,tel:+543547430962 | tel:+5493547501860,despacho / producción,"Movimiento de premoldeados, equipos de planta/cantera, bombas, moldes y cargas pesadas.",Transporte de premoldeados/equipos; áridos sueltos solo sujeto a validar caja volcadora o tercerización.,Premoldeados con línea infraestructura y piezas especiales; buen encaje para plataforma e hidrogrúa.,"Validar teléfono/contacto; si responde, pedir un caso concreto de traslado o próximo movimiento.",Confirmar decisor y vigencia del dato antes de incluir en salida prioritaria.,https://www.google.com/maps/search/?api=1&query=Miguel+%C3%81ngel+Premoldeados+Alta+Gracia+C%C3%B3rdoba+Argentina,Web propia Miguel Ángel Premoldeados,https://miguelangelpremoldeados.com,"Sitio propio informa fabricación de premoldeados, infraestructura, piezas especiales, teléfonos y ruta 5 km 24.",Alta,Nuevo enriquecimiento 2026-09-02,,,,,transporte de áridos/materiales | hidrogrúa para carga/descarga | percha para pallets/bolsones,áridos/construcción/premoldeados,,Muy alta,Áridos/materiales: confirmar modalidad de carga/descarga y tipo de unidad requerida antes de cotizar.,GPT adjunto + Hermes,Fusionado con base Hermes para completar teléfonos/fuentes/servicios.
AG-003,Pendiente,Córdoba / RN36 norte,Alta Gracia,Alta Gracia,A,100,Precons S.R.L.,Premoldeados / tanques / construcción,Hormigón / áridos / premoldeados,3547 430993,OK,tel:+543547430993,tel:+543547430993,despacho / producción,"Movimiento de premoldeados, equipos de planta/cantera, bombas, moldes y cargas pesadas.","Despacho de estructuras, tanques, transformadores, piezas de ingeniería y equipos sobre plataforma 20 tn.",Parque en expansión; ofrecer servicio a clientes finales.,Visita o llamada de validación; pedir próximo traslado concreto.,Validar contacto decisor y necesidad inmediata.,"https://www.google.com/maps/search/?api=1&query=-31.662670,-64.414474",eldirectorio.co / preconssrl.com.ar,,Registro curado en documento de dirección PRESOL 2026-09.,Alta,Base curada PDF dirección,,,,,transporte de áridos/materiales | hidrogrúa para carga/descarga | percha para pallets/bolsones,áridos/construcción/premoldeados,,Muy alta,,GPT adjunto + Hermes,Fusionado con base Hermes para completar teléfonos/fuentes/servicios.
AG-004,Pendiente,Córdoba / RN36 norte,Alta Gracia,Alta Gracia,B,75,Grupo Buglione,Autopartes / remanufactura,Industria / mantenimiento,0351 6512408 / 0351 3271171 / 03547 432121,OK,tel:+543516512408,tel:+543516512408 | tel:+543513271171 | tel:+543547432121,mantenimiento / compras,"Movimientos especiales de mantenimiento, repuestos pesados y mudanzas internas de equipos.","Traslados especiales de mantenimiento, repuestos pesados, mudanzas internas y cargas con seguro/GPS.",Parque N°53; entrar por logística/compras.,Visita o llamada de validación; pedir próximo traslado concreto.,Validar contacto decisor y necesidad inmediata.,"https://www.google.com/maps/search/?api=1&query=-31.660000,-64.430000",Facebook Grupo Buglione,,Registro curado en documento de dirección PRESOL 2026-09.,Alta,Base curada PDF dirección,,,,,plataforma 20 tn para maquinaria/piezas | hidrogrúa para maniobras | percha para pallets,otro rubro factible,,Alta,,GPT adjunto + Hermes,Fusionado con base Hermes para completar teléfonos/fuentes/servicios.
AG-005,Pendiente,Córdoba / RN36 norte,Alta Gracia,Alta Gracia,B,75,Mattsay Steel Frame,Casas modulares / steel frame,Industria / mantenimiento,3547 477530,OK,tel:+543547477530,tel:+543547477530,operaciones / entregas,"Movimientos especiales de mantenimiento, repuestos pesados y mudanzas internas de equipos.","Entrega y descarga de módulos/containers con plataforma, malacate e hidrogrúa según maniobra.",Instalación en lote; preguntar si tercerizan traslados.,Visita o llamada de validación; pedir próximo traslado concreto.,Validar contacto decisor y necesidad inmediata.,"https://www.google.com/maps/search/?api=1&query=-31.653000,-64.428000",mattsay.com,,Registro curado en documento de dirección PRESOL 2026-09.,Alta,Base curada PDF dirección,,,,,transporte de áridos/materiales | hidrogrúa para carga/descarga | percha para pallets/bolsones | plataforma 20 tn para maquinaria/piezas | hidrogrúa para maniobras | percha para pallets,otro rubro factible,,Alta,,GPT adjunto + Hermes,Fusionado con base Hermes para completar teléfonos/fuentes/servicios.
AG-006,Pendiente,Córdoba / RN36 norte,Alta Gracia,Alta Gracia,B,50,Habitaciones Calificadas,Módulos habitacionales,Módulos / containers,A relevar,A relevar,,,operaciones / entregas,"Entrega, descarga y posicionamiento de módulos/containers en obra o cliente final.","Entrega y descarga de módulos/containers con plataforma, malacate e hidrogrúa según maniobra.",Teléfono no confiable en web; relevar en visita/parque.,Visita o llamada de validación; pedir próximo traslado concreto.,Validar contacto decisor y necesidad inmediata.,"https://www.google.com/maps/search/?api=1&query=-31.650000,-64.421000",Informe de mercado / parque Alta Gracia,,Registro curado en documento de dirección PRESOL 2026-09.,Media,Base curada PDF dirección,,,,,transporte de áridos/materiales | hidrogrúa para carga/descarga | percha para pallets/bolsones,otro rubro factible,,Media,,GPT adjunto + Hermes,Fusionado con base Hermes para completar teléfonos/fuentes/servicios.
AG-007,Pendiente,Córdoba / RN36 norte,Alta Gracia,Alta Gracia,B,50,R5 Premoldeados,Premoldeados / muros / cerramientos,Hormigón / áridos / premoldeados,A relevar,A relevar,,,despacho / colocación,"Movimiento de premoldeados, equipos de planta/cantera, bombas, moldes y cargas pesadas.",Transporte de premoldeados/equipos; áridos sueltos solo sujeto a validar caja volcadora o tercerización.,Fábrica de premoldeados en Alta Gracia; validar si terceriza transporte/descarga.,"Validar teléfono/contacto; si responde, pedir un caso concreto de traslado o próximo movimiento.",Confirmar decisor y vigencia del dato antes de incluir en salida prioritaria.,https://www.google.com/maps/search/?api=1&query=R5+Premoldeados+Alta+Gracia+C%C3%B3rdoba+Argentina,Instagram público / resultado de búsqueda,https://www.instagram.com/r5.premoldeados,"Resultado público indica fábrica de premoldeados en Alta Gracia, muros, cerramientos y estructuras.",Media,Nuevo enriquecimiento 2026-09-02,,,,,transporte de áridos/materiales | hidrogrúa para carga/descarga | percha para pallets/bolsones,áridos/construcción/premoldeados,,Media,,GPT adjunto + Hermes,Fusionado con base Hermes para completar teléfonos/fuentes/servicios.
SIE-001,Pendiente,Córdoba / RN36 norte,Sierras / RN36-Ruta 5,Córdoba / Sierras,B,50,"El Alto Áridos, Hormigón y Desarrollos",Áridos / hormigón / desarrollos,Hormigón / áridos / premoldeados,A relevar,A relevar,,,planta / mantenimiento,"Movimiento de premoldeados, equipos de planta/cantera, bombas, moldes y cargas pesadas.",Transporte de premoldeados/equipos; áridos sueltos solo sujeto a validar caja volcadora o tercerización.,Proveedor de áridos y hormigón en sierras; validar si requiere traslados de equipos o apoyo en obras.,"Validar teléfono/contacto; si responde, pedir un caso concreto de traslado o próximo movimiento.",Confirmar decisor y vigencia del dato antes de incluir en salida prioritaria.,https://www.google.com/maps/search/?api=1&query=El+Alto+%C3%81ridos%2C+Hormig%C3%B3n+y+Desarrollos+C%C3%B3rdoba+%2F+Sierras+C%C3%B3rdoba+Argentina,Web pública / resultado de búsqueda,https://www.elalto.ar,"Resultado público lo describe como proveedor de áridos lavados, hormigón elaborado y desarrollos integrales.",Media,Nuevo enriquecimiento 2026-09-02,,,,,transporte de áridos/materiales | hidrogrúa para carga/descarga | percha para pallets/bolsones,áridos/construcción/premoldeados,,Media,Áridos/materiales: confirmar modalidad de carga/descarga y tipo de unidad requerida antes de cotizar.,GPT adjunto + Hermes,Fusionado con base Hermes para completar teléfonos/fuentes/servicios. | ID fuente: CSI-001
CBA-001,Pendiente,Córdoba / RN36 norte,Córdoba capital,Córdoba capital,A,100,Pretencord S.R.L.,Pretensados y premoldeados de hormigón,Hormigón / áridos / premoldeados,+54 351 2422363 / +54 351 2454059,OK,tel:+543512422363,tel:+543512422363 | tel:+543512454059,despacho / logística,"Movimiento de premoldeados, equipos de planta/cantera, bombas, moldes y cargas pesadas.",Transporte de premoldeados/equipos; áridos sueltos solo sujeto a validar caja volcadora o tercerización.,Despacha a corralones de todo el país; PRESOL puede ofrecer refuerzo logístico regional.,"Validar teléfono/contacto; si responde, pedir un caso concreto de traslado o próximo movimiento.",Confirmar decisor y vigencia del dato antes de incluir en salida prioritaria.,https://www.google.com/maps/search/?api=1&query=Pretencord+S.R.L.+C%C3%B3rdoba+capital+C%C3%B3rdoba+Argentina,Web propia Pretencord,https://pretencord.com,"Sitio informa fabricación propia, despacho nacional, red de corralones, WhatsApp/teléfono.",Alta,Nuevo enriquecimiento 2026-09-02,,,,,transporte de áridos/materiales | hidrogrúa para carga/descarga | percha para pallets/bolsones,áridos/construcción/premoldeados,,Muy alta,Áridos/materiales: confirmar modalidad de carga/descarga y tipo de unidad requerida antes de cotizar.,GPT adjunto + Hermes,Fusionado con base Hermes para completar teléfonos/fuentes/servicios.
CBA-002,Pendiente,Córdoba / RN36 norte,Córdoba capital,Córdoba capital,B,75,Boetto y Buttigliengo S.A.,Constructora,Obra / constructora,0351 4653272,OK,tel:+543514653272,tel:+543514653272,jefe de obra / logística,"Traslado de maquinaria, módulos de obrador, estructuras, equipos y cargas pesadas entre frentes.","Transporte de equipos, módulos de obrador, estructuras y materiales pesados; descarga o posicionamiento cuando aplique.",Prospecto grande; mejor por obra/encargado que por administración.,Visita o llamada de validación; pedir próximo traslado concreto.,Validar contacto decisor y necesidad inmediata.,"https://www.google.com/maps/search/?api=1&query=-31.449963,-64.252114",BNamericas / bbcsa.com.ar,,Registro curado en documento de dirección PRESOL 2026-09.,Alta,Base curada PDF dirección,,,,,transporte de áridos/materiales | hidrogrúa para carga/descarga | percha para pallets/bolsones,otro rubro factible,,Alta,,GPT adjunto + Hermes,Fusionado con base Hermes para completar teléfonos/fuentes/servicios.
CBA-003,Pendiente,Córdoba / RN36 norte,Córdoba capital,Córdoba capital,B,75,CABIAL Empresa Constructora,Constructora,Obra / constructora,0351 4822855 / 0351 4658599,OK,tel:+543514822855,tel:+543514822855 | tel:+543514658599,jefe de obra / logística,"Traslado de maquinaria, módulos de obrador, estructuras, equipos y cargas pesadas entre frentes.","Transporte de equipos, módulos de obrador, estructuras y materiales pesados; descarga o posicionamiento cuando aplique.","Cotizar traslado concreto, no presentación genérica.",Visita o llamada de validación; pedir próximo traslado concreto.,Validar contacto decisor y necesidad inmediata.,"https://www.google.com/maps/search/?api=1&query=-31.438000,-64.205000",arempresas.com,,Registro curado en documento de dirección PRESOL 2026-09.,Alta,Base curada PDF dirección,,,,,transporte de áridos/materiales | hidrogrúa para carga/descarga | percha para pallets/bolsones,otro rubro factible,,Alta,,GPT adjunto + Hermes,Fusionado con base Hermes para completar teléfonos/fuentes/servicios.
CBA-004,Pendiente,Córdoba / RN36 norte,Córdoba capital,Córdoba capital,B,60,IngaV Constructora,Constructora,Obra / constructora,0351 5890684 / 0351 5579222 (verificar),VER,tel:+543515890684,tel:+543515890684 | tel:+543515579222,jefe de obra / logística,"Traslado de maquinaria, módulos de obrador, estructuras, equipos y cargas pesadas entre frentes.","Transporte de equipos, módulos de obrador, estructuras y materiales pesados; descarga o posicionamiento cuando aplique.",Contacto directo WhatsApp; pedir próximo traslado.,Visita o llamada de validación; pedir próximo traslado concreto.,Validar contacto decisor y necesidad inmediata.,"https://www.google.com/maps/search/?api=1&query=-31.413163,-64.170080",ingavconstructora.com.ar,,Registro curado en documento de dirección PRESOL 2026-09.,Media,Base curada PDF dirección,,,,,transporte de áridos/materiales | hidrogrúa para carga/descarga | percha para pallets/bolsones,otro rubro factible,,Media,,GPT adjunto + Hermes,Fusionado con base Hermes para completar teléfonos/fuentes/servicios.
CBA-005,Pendiente,Córdoba / RN36 norte,Contacto remoto / Jesús María,Córdoba capital zona sur,A,100,AG GROUP Industria,Módulos / construcción industrializada,Módulos / containers,3525 513210,OK,tel:+543525513210,tel:+543525513210,operaciones / entregas,"Entrega, descarga y posicionamiento de módulos/containers en obra o cliente final.","Entrega y descarga de módulos/containers con plataforma, malacate e hidrogrúa según maniobra.","Aunque está en Jesús María, vende en Córdoba; ofrecer logística provincial.",Visita o llamada de validación; pedir próximo traslado concreto.,Validar contacto decisor y necesidad inmediata.,"https://www.google.com/maps/search/?api=1&query=-31.000000,-64.090000",aggroupindustria.com.ar,,Registro curado en documento de dirección PRESOL 2026-09.,Alta,Base curada PDF dirección,,,,,transporte de áridos/materiales | hidrogrúa para carga/descarga | percha para pallets/bolsones,áridos/construcción/premoldeados,,Muy alta,,GPT adjunto + Hermes,Fusionado con base Hermes para completar teléfonos/fuentes/servicios. | ID fuente: CZS-001
CBA-006,Pendiente,Córdoba / RN36 norte,Córdoba Sur-Oeste / canteras,Córdoba capital zona sur,A,100,Canteras Ruiz,Áridos / cantera,Hormigón / áridos / premoldeados,0351 5570618 / 0351 4524228 / 0351 155508346,OK,tel:+543515570618,tel:+543515570618 | tel:+543514524228 | tel:+5493515508346,planta / mantenimiento,"Movimiento de premoldeados, equipos de planta/cantera, bombas, moldes y cargas pesadas.",Movimiento de equipos de cantera/planta; transporte de material suelto sujeto a confirmar unidad o esquema operativo.,Servicio de áridos sólo si se confirma volcador/tercerización.,Visita o llamada de validación; pedir próximo traslado concreto.,Validar contacto decisor y necesidad inmediata.,"https://www.google.com/maps/search/?api=1&query=-31.475000,-64.235000",canterasruiz.com,,Registro curado en documento de dirección PRESOL 2026-09.,Alta,Base curada PDF dirección,,,,,transporte de áridos/materiales | hidrogrúa para carga/descarga | percha para pallets/bolsones,áridos/construcción/premoldeados,,Muy alta,Áridos/materiales: confirmar modalidad de carga/descarga y tipo de unidad requerida antes de cotizar.,GPT adjunto + Hermes,Fusionado con base Hermes para completar teléfonos/fuentes/servicios. | ID fuente: CZS-002
CBA-007,Pendiente,Córdoba / RN36 norte,Córdoba Oeste / Av. Colón,Córdoba capital zona sur,A,100,Corralón Mis Ladrillos,Corralón mayorista,Hormigón / áridos / premoldeados,0351 3705858,OK,tel:+543513705858,tel:+543513705858,responsable de logística/compras,"Movimiento de premoldeados, equipos de planta/cantera, bombas, moldes y cargas pesadas.",Detectar el próximo movimiento pesado y convertirlo en cotización concreta.,Entrada rápida a mercado capitalino; ofrecer reparto pesado regional.,Visita o llamada de validación; pedir próximo traslado concreto.,Validar contacto decisor y necesidad inmediata.,"https://www.google.com/maps/search/?api=1&query=-31.396774,-64.251905",Vuelta Canela / directorio,,Registro curado en documento de dirección PRESOL 2026-09.,Alta,Base curada PDF dirección,,,,,transporte de áridos/materiales | hidrogrúa para carga/descarga | percha para pallets/bolsones,áridos/construcción/premoldeados,,Muy alta,Áridos/materiales: confirmar modalidad de carga/descarga y tipo de unidad requerida antes de cotizar.,GPT adjunto + Hermes,Fusionado con base Hermes para completar teléfonos/fuentes/servicios. | ID fuente: CZS-003
CBA-008,Pendiente,Córdoba / RN36 norte,Córdoba Sur / RN36-Vélez Sarsfield,Córdoba capital zona sur,A,100,Hormi Block S.A.,Hormigón elaborado,Hormigón / áridos / premoldeados,0351 4939510 / 0351 4945800,OK,tel:+543514939510,tel:+543514939510 | tel:+543514945800,operaciones / planta,"Movimiento de premoldeados, equipos de planta/cantera, bombas, moldes y cargas pesadas.","Traslado de equipos de planta, bombas, premoldeados y apoyo a picos de obra.",Av. Vélez Sarsfield 5801; entrada directa por corredor.,Visita o llamada de validación; pedir próximo traslado concreto.,Validar contacto decisor y necesidad inmediata.,"https://www.google.com/maps/search/?api=1&query=-31.481687,-64.203118",InfoNegocios / Hormi Block,,Registro curado en documento de dirección PRESOL 2026-09.,Alta,Base curada PDF dirección,,,,,transporte de áridos/materiales | hidrogrúa para carga/descarga | percha para pallets/bolsones,áridos/construcción/premoldeados,,Muy alta,Áridos/materiales: confirmar modalidad de carga/descarga y tipo de unidad requerida antes de cotizar.,GPT adjunto + Hermes,Fusionado con base Hermes para completar teléfonos/fuentes/servicios. | ID fuente: CZS-004
CBA-009,Pendiente,Córdoba / RN36 norte,Córdoba Norte / Monseñor Pablo Cabrera,Córdoba capital zona sur,A,100,Lucy’s House / Rental,Módulos habitacionales,Módulos / containers,0351 2077113,OK,tel:+543512077113,tel:+543512077113,operaciones / entregas,"Entrega, descarga y posicionamiento de módulos/containers en obra o cliente final.","Entrega y descarga de módulos/containers con plataforma, malacate e hidrogrúa según maniobra.",Muy buen encaje para planchada + malacate.,Visita o llamada de validación; pedir próximo traslado concreto.,Validar contacto decisor y necesidad inmediata.,"https://www.google.com/maps/search/?api=1&query=-31.368536,-64.205299",Instagram Lucy’s House,,Registro curado en documento de dirección PRESOL 2026-09.,Alta,Base curada PDF dirección,,,,,transporte de áridos/materiales | hidrogrúa para carga/descarga | percha para pallets/bolsones,otro rubro factible,,Muy alta,,GPT adjunto + Hermes,Fusionado con base Hermes para completar teléfonos/fuentes/servicios. | ID fuente: CZS-005
CBA-010,Pendiente,Córdoba / RN36 norte,Córdoba Norte-Oeste / Villa Belgrano,Córdoba capital zona sur,A,100,MegaContainers,Venta/alquiler de containers,Módulos / containers,0351 5179179,OK,tel:+543515179179,tel:+543515179179,operaciones / entregas,"Entrega, descarga y posicionamiento de módulos/containers en obra o cliente final.","Entrega y descarga de módulos/containers con plataforma, malacate e hidrogrúa según maniobra.",Proveedor natural: cada container vendido necesita logística.,Visita o llamada de validación; pedir próximo traslado concreto.,Validar contacto decisor y necesidad inmediata.,"https://www.google.com/maps/search/?api=1&query=-31.350332,-64.254449",megacontainers.com.ar,,Registro curado en documento de dirección PRESOL 2026-09.,Alta,Base curada PDF dirección,,,,,transporte de áridos/materiales | hidrogrúa para carga/descarga | percha para pallets/bolsones,otro rubro factible,,Muy alta,,GPT adjunto + Hermes,Fusionado con base Hermes para completar teléfonos/fuentes/servicios. | ID fuente: CZS-006
CBA-011,Pendiente,Córdoba / RN36 norte,Córdoba Sur / Camino San Antonio,Córdoba capital zona sur,B,75,Porta Hnos.,Industrial / alcohol / alimentos,Industria / mantenimiento,0351 4938400,OK,tel:+543514938400,tel:+543514938400,mantenimiento / compras,"Movimientos especiales de mantenimiento, repuestos pesados y mudanzas internas de equipos.","Traslados especiales de mantenimiento, repuestos pesados, mudanzas internas y cargas con seguro/GPS.","Camino San Antonio km 4,5: visitar si entra en ruta Córdoba sur.",Visita o llamada de validación; pedir próximo traslado concreto.,Validar contacto decisor y necesidad inmediata.,"https://www.google.com/maps/search/?api=1&query=-31.490145,-64.189401",portahnos.com.ar,,Registro curado en documento de dirección PRESOL 2026-09.,Alta,Base curada PDF dirección,,,,,plataforma 20 tn para maquinaria/piezas | hidrogrúa para maniobras | percha para pallets,planta agroindustrial,,Alta,"Percha pallets: útil para insumos, bolsones, repuestos y materiales palletizados.",GPT adjunto + Hermes,Fusionado con base Hermes para completar teléfonos/fuentes/servicios. | ID fuente: CZS-007
CBA-012,Pendiente,Córdoba / RN36 norte,Córdoba capital zona sur,Córdoba capital zona sur,B,60,Bendito Corralón Mayorista,Corralón mayorista,Hormigón / áridos / premoldeados,0351 8741592 (a confirmar),VER,tel:+543518741592,tel:+543518741592,responsable de logística/compras,"Movimiento de premoldeados, equipos de planta/cantera, bombas, moldes y cargas pesadas.",Detectar el próximo movimiento pesado y convertirlo en cotización concreta.,"Validar teléfono; si no, visita directa por local.",Visita o llamada de validación; pedir próximo traslado concreto.,Validar contacto decisor y necesidad inmediata.,"https://www.google.com/maps/search/?api=1&query=-31.463000,-64.202000",Instagram / búsqueda web,,Registro curado en documento de dirección PRESOL 2026-09.,Media,Base curada PDF dirección,,,,,transporte de áridos/materiales | hidrogrúa para carga/descarga | percha para pallets/bolsones,áridos/construcción/premoldeados,,Media,Áridos/materiales: confirmar modalidad de carga/descarga y tipo de unidad requerida antes de cotizar.,GPT adjunto + Hermes,Fusionado con base Hermes para completar teléfonos/fuentes/servicios. | ID fuente: CZS-008
CBA-013,Pendiente,Córdoba / RN36 norte,Córdoba capital zona sur,Córdoba capital zona sur,B,50,Canteras Terra,Áridos / cantera,Hormigón / áridos / premoldeados,A relevar,A relevar,,,planta / mantenimiento,"Movimiento de premoldeados, equipos de planta/cantera, bombas, moldes y cargas pesadas.",Movimiento de equipos de cantera/planta; transporte de material suelto sujeto a confirmar unidad o esquema operativo.,Teléfono web no confiable; relevar en terreno.,Visita o llamada de validación; pedir próximo traslado concreto.,Validar contacto decisor y necesidad inmediata.,"https://www.google.com/maps/search/?api=1&query=-31.462000,-64.360000",Directorio de canteras / investigación web,,Registro curado en documento de dirección PRESOL 2026-09.,Media,Base curada PDF dirección,,,,,transporte de áridos/materiales | hidrogrúa para carga/descarga | percha para pallets/bolsones,áridos/construcción/premoldeados,,Media,Áridos/materiales: confirmar modalidad de carga/descarga y tipo de unidad requerida antes de cotizar.,GPT adjunto + Hermes,Fusionado con base Hermes para completar teléfonos/fuentes/servicios. | ID fuente: CZS-009
DES-001,Pendiente,Córdoba / RN36 norte,Despeñaderos / RN36,Despeñaderos,A,85,AS Premoldeados,Premoldeados de hormigón / galpones / techos,Hormigón / áridos / premoldeados,3547 675513,VER,tel:+543547675513,tel:+543547675513,despacho / colocación,"Movimiento de premoldeados, equipos de planta/cantera, bombas, moldes y cargas pesadas.",Transporte de premoldeados/equipos; áridos sueltos solo sujeto a validar caja volcadora o tercerización.,"Tapias, galpones, techos y premoldeados; posibilidad de transporte y descarga de piezas.","Validar teléfono/contacto; si responde, pedir un caso concreto de traslado o próximo movimiento.",Confirmar decisor y vigencia del dato antes de incluir en salida prioritaria.,https://www.google.com/maps/search/?api=1&query=AS+Premoldeados+Despe%C3%B1aderos+C%C3%B3rdoba+Argentina,Web propia AS + Facebook público,https://aspremoldeados.com.ar,"Sitio informa rubros y ubicación Despeñaderos; resultado público aporta teléfono, verificar vigencia.",Media,Nuevo enriquecimiento 2026-09-02,,,,,transporte de áridos/materiales | hidrogrúa para carga/descarga | percha para pallets/bolsones,áridos/construcción/premoldeados,,Muy alta,Áridos/materiales: confirmar modalidad de carga/descarga y tipo de unidad requerida antes de cotizar.,GPT adjunto + Hermes,Fusionado con base Hermes para completar teléfonos/fuentes/servicios.
DES-002,Pendiente,Córdoba / RN36 norte,Despeñaderos,Despeñaderos,B,75,Metal-Ferr,Metalúrgica agro/industria,Agro / acopio / planta,3547 525300 / 3547 492716,OK,tel:+543547525300,tel:+543547525300 | tel:+543547492716,responsable de acopio / mantenimiento,"Traslado de equipos de planta, silos, repuestos pesados, balanzas, implementos y cargas especiales.","Movimiento de equipos de planta, silos, balanzas, repuestos y cargas especiales para acopios/agroindustria.",Empresa local 25+ años; pedir producción/despacho.,Visita o llamada de validación; pedir próximo traslado concreto.,Validar contacto decisor y necesidad inmediata.,"https://www.google.com/maps/search/?api=1&query=-31.817000,-64.294000",metal-ferr.com/contacto,,Registro curado en documento de dirección PRESOL 2026-09.,Alta,Base curada PDF dirección,,,,,plataforma 20 tn para maquinaria/piezas | hidrogrúa para maniobras | percha para pallets | percha para pallets de insumos | hidrogrúa para equipos/mantenimiento | barquilla para trabajos en altura,otro rubro factible,,Alta,"Percha pallets: útil para insumos, bolsones, repuestos y materiales palletizados.",GPT adjunto + Hermes,Fusionado con base Hermes para completar teléfonos/fuentes/servicios.
DES-003,Pendiente,Córdoba / RN36 norte,Despeñaderos,Despeñaderos,B,50,Parque Industrial Despeñaderos N°64,Radicaciones industriales,Puerta institucional,A relevar vía municipio,A relevar,,,despacho / producción,"Acceso a padrón de empresas radicadas, obras de infraestructura y derivaciones a responsables.","Despacho de estructuras, tanques, transformadores, piezas de ingeniería y equipos sobre plataforma 20 tn.",Pedir listado de empresas radicadas al municipio/parque.,Visita o llamada de validación; pedir próximo traslado concreto.,Validar contacto decisor y necesidad inmediata.,"https://www.google.com/maps/search/?api=1&query=-31.812000,-64.289000",cba.gov.ar / despenaderos.gob.ar,,Registro curado en documento de dirección PRESOL 2026-09.,Media,Base curada PDF dirección,,,,,transporte de áridos/materiales | hidrogrúa para carga/descarga | percha para pallets/bolsones,otro rubro factible,,Media,,GPT adjunto + Hermes,Fusionado con base Hermes para completar teléfonos/fuentes/servicios.
FER-001,Pendiente,Córdoba / RN36 norte,Ferreyra / Santa Isabel,Ferreyra / Santa Isabel,B,75,Iveco / CNH Ferreyra,Automotriz / camiones,Industria / mantenimiento,011 20341400 (central),OK,tel:+541120341400,tel:+541120341400,despacho / producción,"Movimientos especiales de mantenimiento, repuestos pesados y mudanzas internas de equipos.","Despacho de estructuras, tanques, transformadores, piezas de ingeniería y equipos sobre plataforma 20 tn.",No entrar como pyme fría: buscar contratistas de montaje/mantenimiento.,Visita o llamada de validación; pedir próximo traslado concreto.,Validar contacto decisor y necesidad inmediata.,"https://www.google.com/maps/search/?api=1&query=-31.455000,-64.130000",Iveco / CEDAC,,Registro curado en documento de dirección PRESOL 2026-09.,Alta,Base curada PDF dirección,,,,,plataforma 20 tn para maquinaria/piezas | hidrogrúa para maniobras | percha para pallets,otro rubro factible,,Alta,,GPT adjunto + Hermes,Fusionado con base Hermes para completar teléfonos/fuentes/servicios. | ID fuente: FSI-001
FER-002,Pendiente,Córdoba / RN36 norte,Ferreyra / Santa Isabel,Ferreyra / Santa Isabel,B,75,Renault Planta Santa Isabel,Automotriz,Industria / mantenimiento,0351 4268268,OK,tel:+543514268268,tel:+543514268268,responsable de logística/compras,"Movimientos especiales de mantenimiento, repuestos pesados y mudanzas internas de equipos.",Detectar el próximo movimiento pesado y convertirlo en cotización concreta.,"Prospecto largo; entrar por proveedores, no por compra directa.",Visita o llamada de validación; pedir próximo traslado concreto.,Validar contacto decisor y necesidad inmediata.,"https://www.google.com/maps/search/?api=1&query=-31.455000,-64.160000",renaultgroup.com Córdoba Plant,,Registro curado en documento de dirección PRESOL 2026-09.,Alta,Base curada PDF dirección,,,,,plataforma 20 tn para maquinaria/piezas | hidrogrúa para maniobras | percha para pallets,otro rubro factible,,Alta,,GPT adjunto + Hermes,Fusionado con base Hermes para completar teléfonos/fuentes/servicios. | ID fuente: FSI-002
MAL-001,Pendiente,Córdoba / RN36 norte,Malagueño,Malagueño,A,100,Corblock,Premoldeados y pretensados de hormigón,Hormigón / áridos / premoldeados,0351 3568259,OK,tel:+543513568259,tel:+543513568259,despacho / logística,"Movimiento de premoldeados, equipos de planta/cantera, bombas, moldes y cargas pesadas.",Transporte de premoldeados/equipos; áridos sueltos solo sujeto a validar caja volcadora o tercerización.,"Planta en Malagueño, premoldeados/pretensados; oportunidad para cargas regionales y reparto pesado.","Validar teléfono/contacto; si responde, pedir un caso concreto de traslado o próximo movimiento.",Confirmar decisor y vigencia del dato antes de incluir en salida prioritaria.,https://www.google.com/maps/search/?api=1&query=Corblock+Malague%C3%B1o+C%C3%B3rdoba+Argentina,Web propia Corblock,https://www.corblock.com/productos/cordones-premoldeados,"Sitio informa Av. Italia s/n Malagueño, WhatsApp/teléfono y productos premoldeados.",Alta,Nuevo enriquecimiento 2026-09-02,,,,,transporte de áridos/materiales | hidrogrúa para carga/descarga | percha para pallets/bolsones,áridos/construcción/premoldeados,,Muy alta,Áridos/materiales: confirmar modalidad de carga/descarga y tipo de unidad requerida antes de cotizar.,GPT adjunto + Hermes,Fusionado con base Hermes para completar teléfonos/fuentes/servicios.
MAL-002,Pendiente,Córdoba / RN36 norte,Malagueño,Malagueño,A,75,Grupo Calidra / Cal Malagueño,Cal / minería / áridos,Hormigón / áridos / premoldeados,A relevar,A relevar,,,planta / mantenimiento,"Movimiento de premoldeados, equipos de planta/cantera, bombas, moldes y cargas pesadas.",Movimiento de equipos de cantera/planta; transporte de material suelto sujeto a confirmar unidad o esquema operativo.,Prospecto grande; entrar por mantenimiento/proveedores.,Visita o llamada de validación; pedir próximo traslado concreto.,Validar contacto decisor y necesidad inmediata.,"https://www.google.com/maps/search/?api=1&query=-31.467000,-64.358000",calidra.com.ar / investigación web,,Registro curado en documento de dirección PRESOL 2026-09.,Media,Base curada PDF dirección,,,,,transporte de áridos/materiales | hidrogrúa para carga/descarga | percha para pallets/bolsones,áridos/construcción/premoldeados,,Alta,Áridos/materiales: confirmar modalidad de carga/descarga y tipo de unidad requerida antes de cotizar.,GPT adjunto + Hermes,Fusionado con base Hermes para completar teléfonos/fuentes/servicios.
MAL-003,Pendiente,Córdoba / RN36 norte,Malagueño,Malagueño,B,75,Corralón Bergese Hnos.,Corralón / materiales,Hormigón / áridos / premoldeados,0351 6870914 / 0351 2013895,OK,tel:+543516870914,tel:+543516870914 | tel:+543512013895,responsable de logística/compras,"Movimiento de premoldeados, equipos de planta/cantera, bombas, moldes y cargas pesadas.",Detectar el próximo movimiento pesado y convertirlo en cotización concreta.,Ofrecer refuerzo logístico para envíos fuera de zona.,Visita o llamada de validación; pedir próximo traslado concreto.,Validar contacto decisor y necesidad inmediata.,"https://www.google.com/maps/search/?api=1&query=-31.441753,-64.439418",ObraMaestra / corralonbergesehnos.com,,Registro curado en documento de dirección PRESOL 2026-09.,Alta,Base curada PDF dirección,,,,,transporte de áridos/materiales | hidrogrúa para carga/descarga | percha para pallets/bolsones,áridos/construcción/premoldeados,,Alta,Áridos/materiales: confirmar modalidad de carga/descarga y tipo de unidad requerida antes de cotizar.,GPT adjunto + Hermes,Fusionado con base Hermes para completar teléfonos/fuentes/servicios.
ONC-001,Pendiente,Oncativo / RN9,Oncativo / RN9 - polo industrial,Oncativo,A,100,CLAAS Argentina S.A.U. - Oncativo,Maquinaria agrícola,Industria / mantenimiento,03572 455981,OK,tel:+543572455981,tel:+543572455981,logística / entregas / postventa,"Traslado de maquinaria agrícola o vial entre sucursal, cliente, taller, campo y eventos.","Traslado de maquinaria en plataforma 20 tn, coordinación de retiro/entrega y apoyo de hidrogrúa si corresponde.",Sucursal/planta sobre AU9 km 628; movimiento de maquinaria agrícola de gran porte.,"Llamada prioritaria; pedir próximo traslado concreto y, si hay encaje, coordinar visita.","Confirmar decisor, frecuencia de movimientos y vigencia del contacto antes de cotizar.",https://www.google.com/maps/search/?api=1&query=CLAAS+Argentina+S.A.U.+-+Oncativo+Oncativo+C%C3%B3rdoba+Argentina,Google Maps / ficha pública,https://www.google.com/maps/search/?api=1&query=CLAAS+Argentina+Oncativo+C%C3%B3rdoba+Argentina,Sucursal/planta sobre AU9 km 628; movimiento de maquinaria agrícola de gran porte.,Alta,Enriquecimiento web 2026-09-07,,,,,plataforma 20 tn para maquinaria/piezas | hidrogrúa para maniobras | percha para pallets,fabricante/servicio maquinaria agrícola,Sí,Muy alta,,GPT adjunto,
ONC-002,Pendiente,Oncativo / RN9,Oncativo / RN9 - polo industrial,Oncativo,A,100,Dynamis S.R.L.,"Ingeniería, maquinaria agrícola e higiene urbana",Industria / mantenimiento,A relevar,A relevar,,,logística / despacho / postventa,"Traslado de maquinaria, implementos, equipos terminados y componentes de gran porte entre planta, cliente, obra o feria.",Plataforma 20 tn + malacate/hidrogrúa según maniobra + seguro de carga + trazabilidad GPS.,Diseña y gestiona fabricación de máquinas agrícolas y de higiene urbana; cuenta con planta de corte por plasma en Oncativo.,"Llamada prioritaria; pedir próximo traslado concreto y, si hay encaje, coordinar visita.","Confirmar decisor, frecuencia de movimientos y vigencia del contacto antes de cotizar.",https://www.google.com/maps/search/?api=1&query=Dynamis+S.R.L.+Oncativo+C%C3%B3rdoba+Argentina,Web propia Dynamis,https://www.dynamis.com.ar/,Diseña y gestiona fabricación de máquinas agrícolas y de higiene urbana; cuenta con planta de corte por plasma en Oncativo.,Media,Enriquecimiento web 2026-09-07,,,,,transporte de áridos/materiales | hidrogrúa para carga/descarga | percha para pallets/bolsones | plataforma 20 tn para maquinaria/piezas | hidrogrúa para maniobras | percha para pallets,fabricante/servicio maquinaria agrícola,Sí,Alta,,GPT adjunto,
ONC-003,Pendiente,Oncativo / RN9,Oncativo / RN9 - polo industrial,Oncativo,A,100,Establecimientos Metalúrgicos Oncativo S.A.,Agropartes y maquinaria vial,Industria / mantenimiento,03572 466145 / +54 3572 466145 / +54 9 3572 532031,OK,tel:+543572466145,tel:+543572466145 | tel:+5493572532031,logística / despacho / postventa,"Traslado de maquinaria, implementos, equipos terminados y componentes de gran porte entre planta, cliente, obra o feria.",Plataforma 20 tn + malacate/hidrogrúa según maniobra + seguro de carga + trazabilidad GPS.,Planta agroindustrial de 12.000 m²; fabrica repuestos agrícolas y productos para maquinaria vial.,"Llamada prioritaria; pedir próximo traslado concreto y, si hay encaje, coordinar visita.","Confirmar decisor, frecuencia de movimientos y vigencia del contacto antes de cotizar.",https://www.google.com/maps/search/?api=1&query=Establecimientos+Metal%C3%BArgicos+Oncativo+S.A.+Oncativo+C%C3%B3rdoba+Argentina,Web propia Oncativo S.A. | Web propia + AFAMAC,https://www.oncativosa.com.ar/about,"Planta agroindustrial de 12.000 m²; fabrica repuestos agrícolas y productos para maquinaria vial. | Web y AFAMAC: Mitre 749, Oncativo; +54 3572 466145; WhatsApp +54 9 3572 532031; agropartes y discos para maquinaria agrícola.",Alta,Enriquecimiento web 2026-09-07,,,,,transporte de áridos/materiales | hidrogrúa para carga/descarga | percha para pallets/bolsones | plataforma 20 tn para maquinaria/piezas | hidrogrúa para maniobras | percha para pallets,fabricante/servicio maquinaria agrícola,Sí,Muy alta,"Percha pallets: útil para insumos, bolsones, repuestos y materiales palletizados.",GPT adjunto + Hermes,Fusionado con base Hermes para completar teléfonos/fuentes/servicios.
ONC-004,Pendiente,Oncativo / RN9,Oncativo / RN9 - polo industrial,Oncativo,A,100,Metalúrgica Cerquatti,"Cajas volcadoras, roll-off, contenedores y obradores",Industria / mantenimiento,03572 456573 / 03572 504462,OK,tel:+543572456573,tel:+543572456573 | tel:+543572504462,logística / despacho / postventa,"Traslado de maquinaria, implementos, equipos terminados y componentes de gran porte entre planta, cliente, obra o feria.",Plataforma 20 tn + malacate/hidrogrúa según maniobra + seguro de carga + trazabilidad GPS.,"Fabricante en Polo Industrial Oncativo; produce cajas volcadoras, contenedores, volquetes y obradores.","Llamada prioritaria; pedir próximo traslado concreto y, si hay encaje, coordinar visita.","Confirmar decisor, frecuencia de movimientos y vigencia del contacto antes de cotizar.",https://www.google.com/maps/search/?api=1&query=Metal%C3%BArgica+Cerquatti+Oncativo+C%C3%B3rdoba+Argentina,Web propia Cerquatti,https://www.cerquatti.com/nosotros.html,"Fabricante en Polo Industrial Oncativo; produce cajas volcadoras, contenedores, volquetes y obradores.",Alta,Enriquecimiento web 2026-09-07,,,,,transporte de áridos/materiales | hidrogrúa para carga/descarga | percha para pallets/bolsones | plataforma 20 tn para maquinaria/piezas | hidrogrúa para maniobras | percha para pallets,otro rubro factible,Sí,Muy alta,,GPT adjunto,
ONC-005,Pendiente,Oncativo / RN9,Oncativo / RN9 - polo industrial,Oncativo,A,100,Scorza,Equipos de higiene urbana y equipos especiales,Industria / mantenimiento,03572 466092 / 03572 665388,OK,tel:+543572466092,tel:+543572466092 | tel:+543572665388,logística / despacho / postventa,"Traslado de maquinaria, implementos, equipos terminados y componentes de gran porte entre planta, cliente, obra o feria.",Plataforma 20 tn + malacate/hidrogrúa según maniobra + seguro de carga + trazabilidad GPS.,Planta de producción de equipos de higiene urbana y especiales sobre RN9; fabricación y despacho nacional.,"Llamada prioritaria; pedir próximo traslado concreto y, si hay encaje, coordinar visita.","Confirmar decisor, frecuencia de movimientos y vigencia del contacto antes de cotizar.",https://www.google.com/maps/search/?api=1&query=Scorza+Oncativo+C%C3%B3rdoba+Argentina,Web propia Scorza,https://scorza.com.ar/contacto/,Planta de producción de equipos de higiene urbana y especiales sobre RN9; fabricación y despacho nacional.,Alta,Enriquecimiento web 2026-09-07,,,,,transporte de áridos/materiales | hidrogrúa para carga/descarga | percha para pallets/bolsones | plataforma 20 tn para maquinaria/piezas | hidrogrúa para maniobras | percha para pallets,otro rubro factible,Sí,Muy alta,,GPT adjunto,
ONC-006,Pendiente,Oncativo / RN9,Oncativo / RN9 - polo industrial,Oncativo,A,85,Agropartes S.A.,Repuestos y agropartes para maquinaria agrícola,Industria / mantenimiento,03572 456204 / 03572 466314,VER,tel:+543572456204,tel:+543572456204 | tel:+543572466314,logística / despacho / postventa,"Traslado de maquinaria, implementos, equipos terminados y componentes de gran porte entre planta, cliente, obra o feria.",Plataforma 20 tn + malacate/hidrogrúa según maniobra + seguro de carga + trazabilidad GPS.,"Directorio local lista fábrica de repuestos/agropartes en Berutti, Oncativo.","Llamada prioritaria; pedir próximo traslado concreto y, si hay encaje, coordinar visita.","Confirmar decisor, frecuencia de movimientos y vigencia del contacto antes de cotizar.",https://www.google.com/maps/search/?api=1&query=Agropartes+S.A.+Oncativo+C%C3%B3rdoba+Argentina,TeleXplorer directorio local,https://www.telexplorer.com.ar/Maquinaria-agricola-repuestos-y-accesorios-EN-Oncativo,"Directorio local lista fábrica de repuestos/agropartes en Berutti, Oncativo.",Media,Enriquecimiento web 2026-09-07,,,,,transporte de áridos/materiales | hidrogrúa para carga/descarga | percha para pallets/bolsones | plataforma 20 tn para maquinaria/piezas | hidrogrúa para maniobras | percha para pallets,fabricante/servicio maquinaria agrícola,Sí,Muy alta,"Percha pallets: útil para insumos, bolsones, repuestos y materiales palletizados.",GPT adjunto,
ONC-007,Pendiente,Oncativo / RN9,Oncativo / RN9 - polo industrial,Oncativo,A,85,Fertimaq,Maquinaria y tecnología agrícola,Industria / mantenimiento,03572 458660,OK,tel:+543572458660,tel:+543572458660,logística / entregas / postventa,"Traslado de maquinaria agrícola o vial entre sucursal, cliente, taller, campo y eventos.","Traslado de maquinaria en plataforma 20 tn, coordinación de retiro/entrega y apoyo de hidrogrúa si corresponde.",Proveedor de maquinaria e implementos agrícolas en RN9 km 631; servicio técnico y repuestos.,"Llamada prioritaria; pedir próximo traslado concreto y, si hay encaje, coordinar visita.","Confirmar decisor, frecuencia de movimientos y vigencia del contacto antes de cotizar.",https://www.google.com/maps/search/?api=1&query=Fertimaq+Oncativo+C%C3%B3rdoba+Argentina,Web propia Fertimaq,https://www.fertimaq.com.ar/,Proveedor de maquinaria e implementos agrícolas en RN9 km 631; servicio técnico y repuestos.,Alta,Enriquecimiento web 2026-09-07,,,,,plataforma 20 tn para maquinaria/piezas | hidrogrúa para maniobras | percha para pallets,otro rubro factible,Sí,Muy alta,,GPT adjunto,
ONC-008,Pendiente,Oncativo / RN9,Oncativo / RN9 - polo industrial,Oncativo,A,85,SICA S.A. - Fabricación y Venta,Fabricación industrial,Industria / mantenimiento,03572 460958,OK,tel:+543572460958,tel:+543572460958,mantenimiento / despacho,"Movimientos especiales de mantenimiento, repuestos pesados, equipos y mudanzas internas o entre plantas.","Traslados especiales de equipos y repuestos con plataforma 20 tn, seguro/GPS y apoyo de hidrogrúa.",Fábrica sobre RN9 en Oncativo; validar línea de productos y despachos.,"Llamada prioritaria; pedir próximo traslado concreto y, si hay encaje, coordinar visita.","Confirmar decisor, frecuencia de movimientos y vigencia del contacto antes de cotizar.",https://www.google.com/maps/search/?api=1&query=SICA+S.A.+-+Fabricaci%C3%B3n+y+Venta+Oncativo+C%C3%B3rdoba+Argentina,Google Maps / ficha pública,https://www.google.com/maps/search/?api=1&query=Sica+SA+Fabricacion+y+Venta+Oncativo+C%C3%B3rdoba+Argentina,Fábrica sobre RN9 en Oncativo; validar línea de productos y despachos.,Alta,Enriquecimiento web 2026-09-07,,,,,plataforma 20 tn para maquinaria/piezas | hidrogrúa para maniobras | percha para pallets,otro rubro factible,Sí,Muy alta,,GPT adjunto,ID fuente: ONC-009
ONC-009,Pendiente,Oncativo / RN9,Oncativo / RN9 - polo industrial,Oncativo,A,85,San Isidro Maquinarias,Maquinaria agrícola,Industria / mantenimiento,03572 561450,OK,tel:+543572561450,tel:+543572561450,logística / entregas / postventa,"Traslado de maquinaria agrícola o vial entre sucursal, cliente, taller, campo y eventos.","Traslado de maquinaria en plataforma 20 tn, coordinación de retiro/entrega y apoyo de hidrogrúa si corresponde.",Comercialización de maquinaria en acceso a autopista; potencial traslado de unidades a clientes.,"Llamada prioritaria; pedir próximo traslado concreto y, si hay encaje, coordinar visita.","Confirmar decisor, frecuencia de movimientos y vigencia del contacto antes de cotizar.",https://www.google.com/maps/search/?api=1&query=San+Isidro+Maquinarias+Oncativo+C%C3%B3rdoba+Argentina,Google Maps / ficha pública,https://www.google.com/maps/search/?api=1&query=San+Isidro+Maquinarias+Oncativo+C%C3%B3rdoba+Argentina,Comercialización de maquinaria en acceso a autopista; potencial traslado de unidades a clientes.,Alta,Enriquecimiento web 2026-09-07,,,,,plataforma 20 tn para maquinaria/piezas | hidrogrúa para maniobras | percha para pallets,fabricante/servicio maquinaria agrícola,Sí,Muy alta,,GPT adjunto,ID fuente: ONC-008
ONC-010,Pendiente,Oncativo / RN9,Oncativo / RN9 - polo industrial,Oncativo,A,85,Vial Truck S.A.,Equipos viales / camiones,Industria / mantenimiento,03572 455688,OK,tel:+543572455688,tel:+543572455688,logística / despacho / postventa,"Traslado de maquinaria, implementos, equipos terminados y componentes de gran porte entre planta, cliente, obra o feria.",Plataforma 20 tn + malacate/hidrogrúa según maniobra + seguro de carga + trazabilidad GPS.,Empresa local vinculada a equipos viales/camiones; teléfono público.,"Llamada prioritaria; pedir próximo traslado concreto y, si hay encaje, coordinar visita.","Confirmar decisor, frecuencia de movimientos y vigencia del contacto antes de cotizar.",https://www.google.com/maps/search/?api=1&query=Vial+Truck+S.A.+Oncativo+C%C3%B3rdoba+Argentina,Google Maps / ficha pública,https://www.google.com/maps/search/?api=1&query=Vial+Truck+SA+Oncativo+C%C3%B3rdoba+Argentina,Empresa local vinculada a equipos viales/camiones; teléfono público.,Alta,Enriquecimiento web 2026-09-07,,,,,transporte de áridos/materiales | hidrogrúa para carga/descarga | percha para pallets/bolsones | plataforma 20 tn para maquinaria/piezas | hidrogrúa para maniobras | percha para pallets,otro rubro factible,Sí,Muy alta,,GPT adjunto,
ONC-011,Pendiente,Oncativo / RN9,Oncativo / RN9 - polo industrial,Oncativo,B,77,Metalúrgica Rosas,Fabricación metalúrgica,Metalmecánica / despacho,+54 9 3572 549003 / 03572 15617489,OK,tel:+5493572549003,tel:+5493572549003 | tel:+5493572617489,despacho / producción,"Despacho de estructuras, piezas, equipos y conjuntos metalmecánicos de gran porte hacia obras o clientes.",Plataforma 20 tn para piezas/estructuras + seguro de carga + trazabilidad GPS + apoyo de hidrogrúa según maniobra.,Fábrica metalúrgica local con teléfono público.,Llamar para validar necesidad y frecuencia; visitar si confirma movimientos de equipos/cargas.,"Confirmar decisor, frecuencia de movimientos y vigencia del contacto antes de cotizar.",https://www.google.com/maps/search/?api=1&query=Metal%C3%BArgica+Rosas+Oncativo+C%C3%B3rdoba+Argentina,Google Maps / ficha pública | Facebook público / resultado de búsqueda,https://www.google.com/maps/search/?api=1&query=Metal%C3%BArgica+Rosas+Oncativo+C%C3%B3rdoba+Argentina | https://www.facebook.com/metalurgicarosasoncativook?locale=es_LA,Fábrica metalúrgica local con teléfono público. | Resultado público: fabrica de repuestos para cosechadoras multimarca; teléfono (03572)15617489; Oncativo.,Alta,Enriquecimiento web 2026-09-07,,,,,transporte de áridos/materiales | hidrogrúa para carga/descarga | percha para pallets/bolsones | plataforma 20 tn para maquinaria/piezas | hidrogrúa para maniobras | percha para pallets,otro rubro factible,Sí,Alta,"Percha para pallets: útil para insumos, bolsones, repuestos y materiales palletizados.",GPT adjunto + Hermes,Fusionado con base Hermes para completar teléfonos/fuentes/servicios. | ID fuente: ONC-013
ONC-012,Pendiente,Oncativo / RN9,Oncativo / RN9 - polo industrial,Oncativo,B,75,Bartolomé Cerutti SRL,Maquinaria agrícola,Industria / mantenimiento,03572 460754,VER,tel:+543572460754,tel:+543572460754,logística / entregas / postventa,"Traslado de maquinaria agrícola o vial entre sucursal, cliente, taller, campo y eventos.","Traslado de maquinaria en plataforma 20 tn, coordinación de retiro/entrega y apoyo de hidrogrúa si corresponde.",Directorio local lista empresa de maquinaria agrícola en San Martín 1510.,Llamar para validar necesidad y frecuencia; visitar si confirma movimientos de equipos/cargas.,"Confirmar decisor, frecuencia de movimientos y vigencia del contacto antes de cotizar.",https://www.google.com/maps/search/?api=1&query=Bartolom%C3%A9+Cerutti+SRL+Oncativo+C%C3%B3rdoba+Argentina,TeleXplorer directorio local,https://www.telexplorer.com.ar/Maquinaria-agricola-repuestos-y-accesorios-EN-Oncativo,Directorio local lista empresa de maquinaria agrícola en San Martín 1510.,Media,Enriquecimiento web 2026-09-07,,,,,plataforma 20 tn para maquinaria/piezas | hidrogrúa para maniobras | percha para pallets,fabricante/servicio maquinaria agrícola,Sí,Alta,,GPT adjunto,ID fuente: ONC-011
ONC-013,Pendiente,Oncativo / RN9,Oncativo / RN9 - polo industrial,Oncativo,B,75,E Postacchini S.A.S.,Servicio / maquinaria agrícola,Industria / mantenimiento,A relevar,A relevar,,,logística / entregas / postventa,"Traslado de maquinaria agrícola o vial entre sucursal, cliente, taller, campo y eventos.","Traslado de maquinaria en plataforma 20 tn, coordinación de retiro/entrega y apoyo de hidrogrúa si corresponde.","Listado sectorial ubica E Postacchini en Autopista Córdoba-Rosario km 628,3, Oncativo; correos comerciales publicados.",Llamar para validar necesidad y frecuencia; visitar si confirma movimientos de equipos/cargas.,"Confirmar decisor, frecuencia de movimientos y vigencia del contacto antes de cotizar.",https://www.google.com/maps/search/?api=1&query=E+Postacchini+S.A.S.+Oncativo+C%C3%B3rdoba+Argentina,Red de servicios Piersanti,https://piersanti.com.ar/en/en_services/,"Listado sectorial ubica E Postacchini en Autopista Córdoba-Rosario km 628,3, Oncativo; correos comerciales publicados.",Media,Enriquecimiento web 2026-09-07,,,,,plataforma 20 tn para maquinaria/piezas | hidrogrúa para maniobras | percha para pallets,fabricante/servicio maquinaria agrícola,Sí,Media,,GPT adjunto,ID fuente: ONC-012
ONC-014,Pendiente,Oncativo / RN9,Oncativo / RN9 - polo industrial,Oncativo,B,75,Serra Obras y Redes,Obras y redes / construcción,Obra / constructora,03572 436146,OK,tel:+543572436146,tel:+543572436146,jefe de obra / operaciones,"Traslado de maquinaria, módulos de obrador, estructuras y equipos entre depósitos y frentes de obra.",Transporte especial de equipos/obrador + plataforma 20 tn + apoyo de hidrogrúa según maniobra + seguro/GPS.,"Empresa constructora local; potencial movimiento de equipos, cañerías, obradores y materiales.",Llamar para validar necesidad y frecuencia; visitar si confirma movimientos de equipos/cargas.,"Confirmar decisor, frecuencia de movimientos y vigencia del contacto antes de cotizar.",https://www.google.com/maps/search/?api=1&query=Serra+Obras+y+Redes+Oncativo+C%C3%B3rdoba+Argentina,Google Maps / ficha pública,https://www.google.com/maps/search/?api=1&query=Serra+Obras+y+Redes+Oncativo+C%C3%B3rdoba+Argentina,"Empresa constructora local; potencial movimiento de equipos, cañerías, obradores y materiales.",Alta,Enriquecimiento web 2026-09-07,,,,,transporte de áridos/materiales | hidrogrúa para carga/descarga | percha para pallets/bolsones | barquilla de hidrogrúa para mantenimiento en altura | hidrogrúa para postes/equipos,áridos/construcción/premoldeados | mantenimiento en altura/redes,Sí,Alta,"Barquilla: validar seguridad, seguro, permiso de trabajo y alcance de maniobra antes de cotizar.",GPT adjunto,
ONC-015,Pendiente,Oncativo / RN9,Oncativo / RN9 - polo industrial,Oncativo,B,75,Tantucci Construcciones,Construcción,Obra / constructora,03572 402571,OK,tel:+543572402571,tel:+543572402571,jefe de obra / operaciones,"Traslado de maquinaria, módulos de obrador, estructuras y equipos entre depósitos y frentes de obra.",Transporte especial de equipos/obrador + plataforma 20 tn + apoyo de hidrogrúa según maniobra + seguro/GPS.,Constructora local con teléfono público.,Llamar para validar necesidad y frecuencia; visitar si confirma movimientos de equipos/cargas.,"Confirmar decisor, frecuencia de movimientos y vigencia del contacto antes de cotizar.",https://www.google.com/maps/search/?api=1&query=Tantucci+Construcciones+Oncativo+C%C3%B3rdoba+Argentina,Google Maps / ficha pública,https://www.google.com/maps/search/?api=1&query=Tantucci+Construcciones+Oncativo+C%C3%B3rdoba+Argentina,Constructora local con teléfono público.,Alta,Enriquecimiento web 2026-09-07,,,,,transporte de áridos/materiales | hidrogrúa para carga/descarga | percha para pallets/bolsones,áridos/construcción/premoldeados,Sí,Alta,,GPT adjunto,
ONC-016,Pendiente,Oncativo / RN9,Oncativo / RN9 - polo industrial,Oncativo,B,60,Agro Repuestos Oncativo,Repuestos y accesorios de maquinaria agrícola,Industria / mantenimiento,03572 466328,VER,tel:+543572466328,tel:+543572466328,logística / entregas / postventa,"Traslado de maquinaria agrícola o vial entre sucursal, cliente, taller, campo y eventos.","Traslado de maquinaria en plataforma 20 tn, coordinación de retiro/entrega y apoyo de hidrogrúa si corresponde.",Directorio local lista repuestos agrícolas en 25 de Mayo 973.,Llamar para validar necesidad y frecuencia; visitar si confirma movimientos de equipos/cargas.,"Confirmar decisor, frecuencia de movimientos y vigencia del contacto antes de cotizar.",https://www.google.com/maps/search/?api=1&query=Agro+Repuestos+Oncativo+Oncativo+C%C3%B3rdoba+Argentina,TeleXplorer directorio local,https://www.telexplorer.com.ar/Maquinaria-agricola-repuestos-y-accesorios-EN-Oncativo,Directorio local lista repuestos agrícolas en 25 de Mayo 973.,Media,Enriquecimiento web 2026-09-07,,,,,plataforma 20 tn para maquinaria/piezas | hidrogrúa para maniobras | percha para pallets,fabricante/servicio maquinaria agrícola,Sí,Alta,"Percha pallets: útil para insumos, bolsones, repuestos y materiales palletizados.",GPT adjunto,
ONC-017,Pendiente,Oncativo / RN9,Oncativo / RN9 - polo industrial,Oncativo,C,40,Murature Oncativo S.A.,Fertilizantes / agroinsumos,Agro / acopio / planta,A relevar,A relevar,,,responsable de acopio / mantenimiento,"Traslado de equipos de planta, silos, repuestos pesados, balanzas, implementos y cargas especiales.","Movimiento de equipos de planta, silos, balanzas, repuestos e implementos con plataforma e hidrogrúa según necesidad.",Proveedor de fertilizantes en Oncativo; fit secundario para equipos de planta y movimientos especiales.,Llamar para validar necesidad y frecuencia; visitar si confirma movimientos de equipos/cargas.,"Confirmar decisor, frecuencia de movimientos y vigencia del contacto antes de cotizar.",https://www.google.com/maps/search/?api=1&query=Murature+Oncativo+S.A.+Oncativo+C%C3%B3rdoba+Argentina,Google Maps / ficha pública,https://www.google.com/maps/search/?api=1&query=Murature+Oncativo+SA+Oncativo+C%C3%B3rdoba+Argentina,Proveedor de fertilizantes en Oncativo; fit secundario para equipos de planta y movimientos especiales.,Media,Enriquecimiento web 2026-09-07,,,,,plataforma 20 tn para maquinaria/piezas | hidrogrúa para maniobras | percha para pallets | percha para pallets de insumos | hidrogrúa para equipos/mantenimiento | barquilla para trabajos en altura,planta agroindustrial,Sí,Baja / visitar solo por cercanía,"Percha pallets: útil para insumos, bolsones, repuestos y materiales palletizados.",GPT adjunto,
ONC-018,Pendiente,Oncativo / RN9-RP10,Oncativo / RN9 km 627,Oncativo,A,99,Cooperativa Agrícola Ganadera y de Consumo de Oncativo Ltda.,Cooperativa agrícola ganadera / acopio / consumo,Agro / acopio / cooperativa,03572 456777 / 03572 15583757,OK,tel:+543572456777,tel:+543572456777 | tel:+5493572583757,acopio / insumos / mantenimiento,"Traslado de insumos, pallets, fertilizantes, repuestos pesados, silos/equipos y apoyo de mantenimiento en planta.","Plataforma + percha pallets + hidrogrúa/barquilla para insumos, repuestos, silos/equipos y mantenimiento.","Cooperativa agroganadera sobre RN9; oportunidad en acopio, insumos, pallets y mantenimiento de planta.","Pedir por acopio/insumos y ofrecer percha pallets, hidrogrúa y barquilla para mantenimiento en altura.",Validar responsables de acopio e insumos y picos de campaña.,https://www.google.com/maps/search/?api=1&query=Cooperativa+Agr%C3%ADcola+Ganadera+y+de+Consumo+de+Oncativo+Ltda.+Oncativo+C%C3%B3rdoba+Argentina,ESSApp,https://www.essapp.coop/cooperativa-agricola-ganadera-y-de-consumo-de-oncativo-ltda/sede-cooperativa-agricola-ganadera-y-de,"Ficha ESSApp: RN9 Km 627, Oncativo; 03572-456777 / 03572 15583757.",Alta,Nuevo enriquecimiento zonas priorizadas 2026-09,,,,,percha para pallets de insumos | hidrogrúa para equipos/mantenimiento | barquilla para trabajos en altura,cooperativa/acopio,Sí,Muy alta,"Si se ofrece barquilla, validar condiciones de seguridad, seguro y habilitación de maniobra.",Hermes único,Alta única desde base Hermes; no estaba en el Excel GPT adjunto. | ID fuente: PRESOL-130
ONC-019,Pendiente,Oncativo / RN9-RP10,Oncativo,Oncativo,B,85,El Triunfo Oncativo,Acopio / granos / fitosanitarios / fertilizantes / semillas,Agro / acopio / cooperativa,03572 466288 / +54 9 3572 408824,OK,tel:+543572466288,tel:+543572466288 | tel:+5493572408824,acopio / logística / insumos,"Traslado de insumos, pallets, fertilizantes, repuestos pesados, silos/equipos y apoyo de mantenimiento en planta.","Plataforma + percha pallets + hidrogrúa/barquilla para insumos, repuestos, silos/equipos y mantenimiento.","Acopio con insumos/fertilizantes/semillas; oportunidad para pallets, bolsones, repuestos y equipos.",Llamar a acopio/logística y preguntar por terceros para movimientos de insumos y equipos.,Validar nombre de responsable operativo.,https://www.google.com/maps/search/?api=1&query=El+Triunfo+Oncativo+Oncativo+C%C3%B3rdoba+Argentina,Web propia El Triunfo,https://www.eltriunfo.com.ar/acopio,"Sitio informa acopio, venta de fitosanitarios/fertilizantes/semillas y teléfono 03572-466288; equipo cereales publica celulares.",Alta,Nuevo enriquecimiento zonas priorizadas 2026-09,,,,,percha para pallets de insumos | hidrogrúa para equipos/mantenimiento | barquilla para trabajos en altura,cooperativa/acopio | planta agroindustrial,Sí,Alta,"Si se ofrece barquilla, validar condiciones de seguridad, seguro y habilitación de maniobra. Percha para pallets: útil para insumos, bolsones, repuestos y materiales palletizados.",Hermes único,Alta única desde base Hermes; no estaba en el Excel GPT adjunto. | ID fuente: PRESOL-131
ONC-020,Pendiente,Oncativo / RN9-RP10,Oncativo / piletas,Oncativo,B,81,IPC Oncativo / Piscinas IPC,Piletas de fibra / piscinas PRFV,Piletas / PRFV / plástico reforzado,3572 53-2233,VER,tel:+543572532233,tel:+543572532233,ventas / logística,"Retiro, traslado y descarga de piletas/fibra o piezas voluminosas livianas, con cuidado de maniobra.",Plataforma + hidrogrúa para trasladar y descargar piletas/piezas PRFV; coordinar maniobra sin golpes.,Sucursal/venta de piletas de fibra; posibilidad de traslado y descarga de cascos en temporada.,Verificar teléfono y consultar si tercerizan entregas de piletas a clientes finales.,"Confirmar si es fabricante, sucursal o punto de venta.",https://www.google.com/maps/search/?api=1&query=IPC+Oncativo+%2F+Piscinas+IPC+Oncativo+C%C3%B3rdoba+Argentina,Facebook público / resultado de búsqueda,https://www.facebook.com/siempre.util/posts/lleg%C3%B3-el-momento-de-tener-la-pileta-que-siempre-so%C3%B1aste-%EF%B8%8Fen-ipc-oncativo-te-lo-h/1716180416596562,"Resultado público: IPC Oncativo, piletas de fibra; teléfono 3572 53-2233.",Media,Nuevo enriquecimiento zonas priorizadas 2026-09,,,,,plataforma para piletas/fibra | hidrogrúa para descarga/posicionamiento,piletas/plástico/PRFV,Sí,Alta,,Hermes único,Alta única desde base Hermes; no estaba en el Excel GPT adjunto. | ID fuente: PRESOL-133
ONC-021,Pendiente,Oncativo / RN9-RP10,Oncativo,Oncativo,B,81,Premoldeados Oncativo,Premoldeados de hormigón / construcción,Hormigón / áridos / premoldeados,03572 466096,VER,tel:+543572466096,tel:+543572466096,planta / despacho,"Movimiento de áridos, premoldeados, equipos de planta/cantera, moldes, bolsones y materiales de obra.","Transporte de áridos/materiales, premoldeados y equipos; hidrogrúa para carga/descarga y percha para pallets.","Premoldeados de hormigón; encaje directo con plataforma, hidrogrúa, pallets y materiales de obra.",Verificar teléfono y preguntar por despachos de placas/piezas y necesidad de descarga en obra.,Confirmar vigencia y domicilio Juan B. Justo 101.,https://www.google.com/maps/search/?api=1&query=Premoldeados+Oncativo+Oncativo+C%C3%B3rdoba+Argentina,Portal Industrial / resultado de búsqueda,https://www.portal-industrial.com.ar/rubro/premoldeados-de-hormigon/P-061550/12,"Resultado público: PREMOLDEADOS ONCATIVO, Juan B. Justo 101, Oncativo; tel. (03572) 46-6096.",Media,Nuevo enriquecimiento zonas priorizadas 2026-09,,,,,transporte de áridos/materiales | hidrogrúa para carga/descarga | percha para pallets/bolsones,áridos/construcción/premoldeados,Sí,Alta,"Para áridos, validar modalidad de carga/descarga y tipo de unidad requerida antes de cotizar.",Hermes único,Alta única desde base Hermes; no estaba en el Excel GPT adjunto. | ID fuente: PRESOL-132
ONC-022,Pendiente,Oncativo / RN9-RP10,Oncativo / servicios públicos,Oncativo,C,65,CESOPOL Oncativo,Cooperativa eléctrica / servicios públicos / redes / agua,Agro / acopio / cooperativa,03572 455000 / +54 9 3572 593391,OK,tel:+543572455000,tel:+543572455000 | tel:+5493572593391,mantenimiento / redes / compras,"Traslado de insumos, pallets, fertilizantes, repuestos pesados, silos/equipos y apoyo de mantenimiento en planta.","Plataforma + percha pallets + hidrogrúa/barquilla para insumos, repuestos, silos/equipos y mantenimiento.","Servicios públicos/redes: buen caso para barquilla de hidrogrúa, postes, bombas y mantenimiento.",Pedir por mantenimiento/redes y ofrecer barquilla/hidrogrúa según necesidad puntual.,Validar contratación de terceros y requisitos de seguridad/seguro.,https://www.google.com/maps/search/?api=1&query=CESOPOL+Oncativo+Oncativo+C%C3%B3rdoba+Argentina,Web propia CESOPOL,https://www.oncativo.net.ar,"Sitio propio: Berutti 152, Oncativo; atención 03572-455000; servicios electricidad, agua, internet, parque solar.",Alta,Nuevo enriquecimiento zonas priorizadas 2026-09,,,,,percha para pallets de insumos | hidrogrúa para equipos/mantenimiento | barquilla para trabajos en altura | barquilla de hidrogrúa para mantenimiento en altura | hidrogrúa para postes/equipos,cooperativa/acopio,Sí,Media,"Si se ofrece barquilla, validar condiciones de seguridad, seguro y habilitación de maniobra.",Hermes único,Alta única desde base Hermes; no estaba en el Excel GPT adjunto. | ID fuente: PRESOL-134
AGI-001,Pendiente,Río Cuarto / RN36 sur,Alcira Gigena,Alcira Gigena,A,100,Cotagro — Alcira Gigena,Cooperativa agroindustrial / maní / acopio,Agro / acopio / planta,358 4393127 / 358 4125695 / 0358 4933333,OK,tel:+543584393127,tel:+543584393127 | tel:+543584125695 | tel:+543584933333,operaciones / entregas,"Traslado de equipos de planta, silos, repuestos pesados, balanzas, implementos y cargas especiales.","Entrega y descarga de módulos/containers con plataforma, malacate e hidrogrúa según maniobra.",Cotagro concentra 4 puntos del corredor; pedir compras/logística.,Visita o llamada de validación; pedir próximo traslado concreto.,Validar contacto decisor y necesidad inmediata.,"https://www.google.com/maps/search/?api=1&query=-32.755782,-64.339199",Facebook Cotagro / cotagroweb.com.ar,,Registro curado en documento de dirección PRESOL 2026-09.,Alta,Base curada PDF dirección,,,,,transporte de áridos/materiales | hidrogrúa para carga/descarga | percha para pallets/bolsones | plataforma 20 tn para maquinaria/piezas | hidrogrúa para maniobras | percha para pallets | percha para pallets de insumos | hidrogrúa para equipos/mantenimiento | barquilla para trabajos en altura,cooperativa/acopio,,Muy alta,"Barquilla: validar seguridad, seguro, permiso de trabajo y alcance de maniobra antes de cotizar. Percha pallets: útil para insumos, bolsones, repuestos y materiales palletizados.",GPT adjunto + Hermes,Fusionado con base Hermes para completar teléfonos/fuentes/servicios. | ID fuente: ALG-001
AGI-002,Pendiente,Río Cuarto / RN36 sur,Alcira Gigena,Alcira Gigena,B,75,Cooperativa Alba de Gigena,Cooperativa agropecuaria,Agro / acopio / planta,0358 4960151,OK,tel:+543584960151,tel:+543584960151,responsable de acopio / mantenimiento,"Traslado de equipos de planta, silos, repuestos pesados, balanzas, implementos y cargas especiales.","Movimiento de equipos de planta, silos, balanzas, repuestos y cargas especiales para acopios/agroindustria.",Visita de diagnóstico; posible derivación a productores.,Visita o llamada de validación; pedir próximo traslado concreto.,Validar contacto decisor y necesidad inmediata.,"https://www.google.com/maps/search/?api=1&query=-32.757500,-64.335000",DNB / fuentes públicas,,Registro curado en documento de dirección PRESOL 2026-09.,Alta,Base curada PDF dirección,,,,,plataforma 20 tn para maquinaria/piezas | hidrogrúa para maniobras | percha para pallets | percha para pallets de insumos | hidrogrúa para equipos/mantenimiento | barquilla para trabajos en altura,cooperativa/acopio,,Alta,"Barquilla: validar seguridad, seguro, permiso de trabajo y alcance de maniobra antes de cotizar. Percha pallets: útil para insumos, bolsones, repuestos y materiales palletizados.",GPT adjunto + Hermes,Fusionado con base Hermes para completar teléfonos/fuentes/servicios. | ID fuente: ALG-002
AGI-003,Pendiente,Río Cuarto / RN36 sur,Alcira Gigena,Alcira Gigena,C,30,3C Biogás S.A.,Energía / biogás,Industria / mantenimiento,A relevar,A relevar,,,despacho / producción,"Movimientos especiales de mantenimiento, repuestos pesados y mudanzas internas de equipos.","Despacho de estructuras, tanques, transformadores, piezas de ingeniería y equipos sobre plataforma 20 tn.",Prospecto técnico; validar contacto local en terreno.,Visita o llamada de validación; pedir próximo traslado concreto.,Validar contacto decisor y necesidad inmediata.,"https://www.google.com/maps/search/?api=1&query=-32.757000,-64.332000",UNRC / investigación web,,Registro curado en documento de dirección PRESOL 2026-09.,Media,Base curada PDF dirección,,,,,plataforma 20 tn para maquinaria/piezas | hidrogrúa para maniobras | percha para pallets,otro rubro factible,,Baja / visitar solo por cercanía,,GPT adjunto + Hermes,Fusionado con base Hermes para completar teléfonos/fuentes/servicios. | ID fuente: ALG-003
BER-001,Pendiente,Río Cuarto / RN36 sur,Berrotarán,Berrotarán,B,75,Doble A Servicios Metalúrgicos,Zinguería / estructuras metálicas,Metalmecánica / despacho,358 4185826,OK,tel:+543584185826,tel:+543584185826,despacho / producción,"Despacho seguro de estructuras, carrozados, tanques, piezas industriales y equipos sobre plataforma.","Despacho de estructuras, tanques, transformadores, piezas de ingeniería y equipos sobre plataforma 20 tn.",Visitar y detectar obras/instalaciones próximas.,Visita o llamada de validación; pedir próximo traslado concreto.,Validar contacto decisor y necesidad inmediata.,"https://www.google.com/maps/search/?api=1&query=-32.452000,-64.388000",Facebook Doble A Servicios Metalúrgicos,,Registro curado en documento de dirección PRESOL 2026-09.,Alta,Base curada PDF dirección,,,,,plataforma 20 tn para maquinaria/piezas | hidrogrúa para maniobras | percha para pallets,otro rubro factible,,Alta,,GPT adjunto + Hermes,Fusionado con base Hermes para completar teléfonos/fuentes/servicios.
BER-002,Pendiente,Río Cuarto / RN36 sur,Berrotarán,Berrotarán,C,30,Canteras/corralones locales,Áridos / materiales,Hormigón / áridos / premoldeados,A relevar,A relevar,,,planta / mantenimiento,"Movimiento de premoldeados, equipos de planta/cantera, bombas, moldes y cargas pesadas.",Movimiento de equipos de cantera/planta; transporte de material suelto sujeto a confirmar unidad o esquema operativo.,Relevamiento presencial: la web no muestra nombres confiables.,Visita o llamada de validación; pedir próximo traslado concreto.,Validar contacto decisor y necesidad inmediata.,"https://www.google.com/maps/search/?api=1&query=-32.452000,-64.384000",Relevamiento recomendado,,Registro curado en documento de dirección PRESOL 2026-09.,Media,Base curada PDF dirección,,,,,transporte de áridos/materiales | hidrogrúa para carga/descarga | percha para pallets/bolsones,áridos/construcción/premoldeados,,Baja / visitar solo por cercanía,Áridos/materiales: confirmar modalidad de carga/descarga y tipo de unidad requerida antes de cotizar.,GPT adjunto + Hermes,Fusionado con base Hermes para completar teléfonos/fuentes/servicios.
CHU-001,Pendiente,Río Cuarto / RN36 sur,Chucul,Chucul,B,75,Cotagro — Sucursal Chucul,Acopio agropecuario,Agro / acopio / planta,0358 4912008 / 0358 4933333,OK,tel:+543584912008,tel:+543584912008 | tel:+543584933333,responsable de acopio / mantenimiento,"Traslado de equipos de planta, silos, repuestos pesados, balanzas, implementos y cargas especiales.","Movimiento de equipos de planta, silos, balanzas, repuestos y cargas especiales para acopios/agroindustria.",Punto de paso; no dedicar medio día.,Visita o llamada de validación; pedir próximo traslado concreto.,Validar contacto decisor y necesidad inmediata.,"https://www.google.com/maps/search/?api=1&query=-33.016000,-64.208000",Maptons / Cotagro,,Registro curado en documento de dirección PRESOL 2026-09.,Alta,Base curada PDF dirección,,,,,plataforma 20 tn para maquinaria/piezas | hidrogrúa para maniobras | percha para pallets | percha para pallets de insumos | hidrogrúa para equipos/mantenimiento | barquilla para trabajos en altura,cooperativa/acopio,,Alta,"Barquilla: validar seguridad, seguro, permiso de trabajo y alcance de maniobra antes de cotizar. Percha pallets: útil para insumos, bolsones, repuestos y materiales palletizados.",GPT adjunto + Hermes,Fusionado con base Hermes para completar teléfonos/fuentes/servicios.
ELE-001,Pendiente,Río Cuarto / RN36 sur,Elena,Elena,A,100,CAGLE — Cooperativa Agrícola de Elena,Acopio / agro / estación de servicios,Agro / acopio / planta,3584 881118,OK,tel:+543584881118,tel:+543584881118,operaciones / entregas,"Traslado de equipos de planta, silos, repuestos pesados, balanzas, implementos y cargas especiales.","Entrega y descarga de módulos/containers con plataforma, malacate e hidrogrúa según maniobra.",Obras recientes + nueva planta futura: transporte de equipos.,Visita o llamada de validación; pedir próximo traslado concreto.,Validar contacto decisor y necesidad inmediata.,"https://www.google.com/maps/search/?api=1&query=-32.569649,-64.392432",cagle.com.ar,,Registro curado en documento de dirección PRESOL 2026-09.,Alta,Base curada PDF dirección,,,,,transporte de áridos/materiales | hidrogrúa para carga/descarga | percha para pallets/bolsones | plataforma 20 tn para maquinaria/piezas | hidrogrúa para maniobras | percha para pallets | percha para pallets de insumos | hidrogrúa para equipos/mantenimiento | barquilla para trabajos en altura,cooperativa/acopio,,Muy alta,"Barquilla: validar seguridad, seguro, permiso de trabajo y alcance de maniobra antes de cotizar. Percha pallets: útil para insumos, bolsones, repuestos y materiales palletizados.",GPT adjunto + Hermes,Fusionado con base Hermes para completar teléfonos/fuentes/servicios.
ELE-002,Pendiente,Río Cuarto / RN36 sur,Elena,Elena,B,75,Gliestore S.A.,Soja / alimentos / exportación,Industria / mantenimiento,0358 4641548 / 9358 4024598,OK,tel:+543584641548,tel:+543584641548 | tel:+5493584024598,responsable de acopio / mantenimiento,"Movimientos especiales de mantenimiento, repuestos pesados y mudanzas internas de equipos.","Movimiento de equipos de planta, silos, balanzas, repuestos y cargas especiales para acopios/agroindustria.",Empresa exportadora; preguntar por logística de equipos y planta.,Visita o llamada de validación; pedir próximo traslado concreto.,Validar contacto decisor y necesidad inmediata.,"https://www.google.com/maps/search/?api=1&query=-32.571800,-64.390000",Exportadores de Córdoba,,Registro curado en documento de dirección PRESOL 2026-09.,Alta,Base curada PDF dirección,,,,,plataforma 20 tn para maquinaria/piezas | hidrogrúa para maniobras | percha para pallets | percha para pallets de insumos | hidrogrúa para equipos/mantenimiento | barquilla para trabajos en altura,planta agroindustrial,,Alta,"Percha pallets: útil para insumos, bolsones, repuestos y materiales palletizados.",GPT adjunto + Hermes,Fusionado con base Hermes para completar teléfonos/fuentes/servicios.
LH-001,Pendiente,Río Cuarto / RN36 sur,Las Higueras,Las Higueras,B,50,Parque Industrial y Logístico Las Higueras,Radicaciones / logística,Puerta institucional,A relevar vía municipio/parque,A relevar,,,despacho / producción,"Acceso a padrón de empresas radicadas, obras de infraestructura y derivaciones a responsables.","Despacho de estructuras, tanques, transformadores, piezas de ingeniería y equipos sobre plataforma 20 tn.",Pedir listado de empresas radicadas y obras en apertura de calles.,Visita o llamada de validación; pedir próximo traslado concreto.,Validar contacto decisor y necesidad inmediata.,"https://www.google.com/maps/search/?api=1&query=-33.093000,-64.288000",argentina.gob.ar / La Voz,,Registro curado en documento de dirección PRESOL 2026-09.,Media,Base curada PDF dirección,,,,,transporte de áridos/materiales | hidrogrúa para carga/descarga | percha para pallets/bolsones,otro rubro factible,,Media,,GPT adjunto + Hermes,Fusionado con base Hermes para completar teléfonos/fuentes/servicios.
RC-001,Pendiente,Río Cuarto / RN36 sur,Río Cuarto,Río Cuarto,A,100,AFEMA S.A.,Constructora vial,Obra / constructora,0351 7371862,OK,tel:+543517371862,tel:+543517371862,jefe de obra / logística,"Traslado de maquinaria, módulos de obrador, estructuras, equipos y cargas pesadas entre frentes.","Transporte de equipos, módulos de obrador, estructuras y materiales pesados; descarga o posicionamiento cuando aplique.",Obras viales activas; pedir jefe de obra/logística.,Visita o llamada de validación; pedir próximo traslado concreto.,Validar contacto decisor y necesidad inmediata.,"https://www.google.com/maps/search/?api=1&query=-33.105000,-64.335000",Facebook AFEMA,,Registro curado en documento de dirección PRESOL 2026-09.,Alta,Base curada PDF dirección,,,,,transporte de áridos/materiales | hidrogrúa para carga/descarga | percha para pallets/bolsones,otro rubro factible,,Muy alta,,GPT adjunto + Hermes,Fusionado con base Hermes para completar teléfonos/fuentes/servicios.
RC-002,Pendiente,Río Cuarto / RN36 sur,Río Cuarto,Río Cuarto,A,100,Canteras Bringas,Áridos / hormigón / obra pública,Hormigón / áridos / premoldeados,0358 154906010,OK,tel:+5493584906010,tel:+5493584906010,jefe de obra / logística,"Movimiento de premoldeados, equipos de planta/cantera, bombas, moldes y cargas pesadas.","Transporte de equipos, módulos de obrador, estructuras y materiales pesados; descarga o posicionamiento cuando aplique.",Pegada a Circunvalación: muy caliente para obra vial.,Visita o llamada de validación; pedir próximo traslado concreto.,Validar contacto decisor y necesidad inmediata.,"https://www.google.com/maps/search/?api=1&query=-33.145000,-64.425000",gurugo.com.ar / canterasbringas.ar,,Registro curado en documento de dirección PRESOL 2026-09.,Alta,Base curada PDF dirección,,,,,transporte de áridos/materiales | hidrogrúa para carga/descarga | percha para pallets/bolsones,áridos/construcción/premoldeados,,Muy alta,Áridos/materiales: confirmar modalidad de carga/descarga y tipo de unidad requerida antes de cotizar.,GPT adjunto + Hermes,Fusionado con base Hermes para completar teléfonos/fuentes/servicios.
RC-003,Pendiente,Río Cuarto / RN36 sur,Río Cuarto,Río Cuarto,A,100,CasaContainer Río Cuarto,Módulos / containers,Módulos / containers,0358 4310288,OK,tel:+543584310288,tel:+543584310288,operaciones / entregas,"Entrega, descarga y posicionamiento de módulos/containers en obra o cliente final.","Entrega y descarga de módulos/containers con plataforma, malacate e hidrogrúa según maniobra.",Ellos venden “te lo llevamos”; PRESOL puede ser proveedor logístico.,Visita o llamada de validación; pedir próximo traslado concreto.,Validar contacto decisor y necesidad inmediata.,"https://www.google.com/maps/search/?api=1&query=-33.118737,-64.382102",Facebook CasaContainer,,Registro curado en documento de dirección PRESOL 2026-09.,Alta,Base curada PDF dirección,,,,,transporte de áridos/materiales | hidrogrúa para carga/descarga | percha para pallets/bolsones,otro rubro factible,,Muy alta,,GPT adjunto + Hermes,Fusionado con base Hermes para completar teléfonos/fuentes/servicios.
RC-004,Pendiente,Río Cuarto / RN36 sur,Río Cuarto,Río Cuarto,A,100,Construcciones Metálicas El Colono S.A.,Estructuras metálicas / silos,Agro / acopio / planta,0358 4628525,OK,tel:+543584628525,tel:+543584628525,jefe de obra / logística,"Traslado de equipos de planta, silos, repuestos pesados, balanzas, implementos y cargas especiales.","Transporte de equipos, módulos de obrador, estructuras y materiales pesados; descarga o posicionamiento cuando aplique.",Uno de los mejores encajes; pedir despacho/montaje.,Visita o llamada de validación; pedir próximo traslado concreto.,Validar contacto decisor y necesidad inmediata.,"https://www.google.com/maps/search/?api=1&query=-33.151690,-64.357888",elcolonosa.com.ar / Facebook,,Registro curado en documento de dirección PRESOL 2026-09.,Alta,Base curada PDF dirección,,,,,transporte de áridos/materiales | hidrogrúa para carga/descarga | percha para pallets/bolsones | plataforma 20 tn para maquinaria/piezas | hidrogrúa para maniobras | percha para pallets,otro rubro factible,,Muy alta,,GPT adjunto + Hermes,Fusionado con base Hermes para completar teléfonos/fuentes/servicios.
RC-005,Pendiente,Río Cuarto / RN36 sur,Río Cuarto,Río Cuarto,A,100,Da Ros Premoldeados,Premoldeados de hormigón / agro e industria,Agro / acopio / planta,+54 358 508-9009,OK,tel:+543585089009,tel:+543585089009,despacho / logística,"Traslado de equipos de planta, silos, repuestos pesados, balanzas, implementos y cargas especiales.",Transporte de repuestos/equipos/silos/implementos + coordinación de retiro y descarga.,Premoldeados con productos agro e industriales y envío propio; PRESOL puede ofrecer refuerzo o traslados especiales.,"Validar teléfono/contacto; si responde, pedir un caso concreto de traslado o próximo movimiento.",Confirmar decisor y vigencia del dato antes de incluir en salida prioritaria.,https://www.google.com/maps/search/?api=1&query=Da+Ros+Premoldeados+R%C3%ADo+Cuarto+C%C3%B3rdoba+Argentina,Web propia Da Ros Premoldeados,https://www.darospremoldeados.com.ar,"Sitio propio informa 100 años, productos agro/industria, envío propio, teléfono y dirección.",Alta,Nuevo enriquecimiento 2026-09-02,,,,,transporte de áridos/materiales | hidrogrúa para carga/descarga | percha para pallets/bolsones | plataforma 20 tn para maquinaria/piezas | hidrogrúa para maniobras | percha para pallets,áridos/construcción/premoldeados,,Muy alta,"Áridos/materiales: confirmar modalidad de carga/descarga y tipo de unidad requerida antes de cotizar. Percha pallets: útil para insumos, bolsones, repuestos y materiales palletizados.",GPT adjunto + Hermes,Fusionado con base Hermes para completar teléfonos/fuentes/servicios.
RC-006,Pendiente,Río Cuarto / RN36 sur,Río Cuarto,Río Cuarto,A,100,Dexco Constructora,Constructora local,Obra / constructora,0358 4640139 / 0358 154869634,OK,tel:+543584640139,tel:+543584640139 | tel:+5493584869634,jefe de obra / logística,"Traslado de maquinaria, módulos de obrador, estructuras, equipos y cargas pesadas entre frentes.","Transporte de equipos, módulos de obrador, estructuras y materiales pesados; descarga o posicionamiento cuando aplique.",Tiene obras activas; pedir compras/operaciones.,Visita o llamada de validación; pedir próximo traslado concreto.,Validar contacto decisor y necesidad inmediata.,"https://www.google.com/maps/search/?api=1&query=-33.112715,-64.369622",constructoradexco.com/contacto,,Registro curado en documento de dirección PRESOL 2026-09.,Alta,Base curada PDF dirección,,,,,transporte de áridos/materiales | hidrogrúa para carga/descarga | percha para pallets/bolsones,otro rubro factible,,Muy alta,,GPT adjunto + Hermes,Fusionado con base Hermes para completar teléfonos/fuentes/servicios.
RC-007,Pendiente,Río Cuarto / RN36 sur,Río Cuarto / Holmberg / General Cabrera,Río Cuarto,A,100,INCISA S.A. — División Hormigones,Hormigón elaborado / plantas y bombeo,Hormigón / áridos / premoldeados,3584 38 9870,OK,tel:+543584389870,tel:+543584389870,planta / mantenimiento / logística,"Movimiento de premoldeados, equipos de planta/cantera, bombas, moldes y cargas pesadas.",Transporte de premoldeados/equipos; áridos sueltos solo sujeto a validar caja volcadora o tercerización.,"Dos plantas estratégicas y planta móvil; puede requerir traslados de equipos, bombas y apoyo en obras.","Validar teléfono/contacto; si responde, pedir un caso concreto de traslado o próximo movimiento.",Confirmar decisor y vigencia del dato antes de incluir en salida prioritaria.,https://www.google.com/maps/search/?api=1&query=INCISA+S.A.+%E2%80%94+Divisi%C3%B3n+Hormigones+R%C3%ADo+Cuarto+C%C3%B3rdoba+Argentina,Web propia INCISA,https://incisa-sa.com/division-hormigones,"Sitio informa plantas Santa Catalina-Holmberg y General Cabrera, planta móvil, bombeo y teléfono de ventas.",Alta,Nuevo enriquecimiento 2026-09-02,,,,,transporte de áridos/materiales | hidrogrúa para carga/descarga | percha para pallets/bolsones,áridos/construcción/premoldeados,,Muy alta,"Barquilla: validar seguridad, seguro, permiso de trabajo y alcance de maniobra antes de cotizar. Áridos/materiales: confirmar modalidad de carga/descarga y tipo de unidad requerida antes de cotizar.",GPT adjunto + Hermes,Fusionado con base Hermes para completar teléfonos/fuentes/servicios.
RC-008,Pendiente,Río Cuarto / RN36 sur,Río Cuarto,Río Cuarto,A,100,Marinelli S.A.,Áridos / hormigón / obras,Obra / constructora,0358 4647058,OK,tel:+543584647058,tel:+543584647058,jefe de obra / logística,"Traslado de maquinaria, módulos de obrador, estructuras, equipos y cargas pesadas entre frentes.","Transporte de equipos, módulos de obrador, estructuras y materiales pesados; descarga o posicionamiento cuando aplique.",Tiene cantera y flota; ofrecer respaldo/picos/traslados especiales.,Visita o llamada de validación; pedir próximo traslado concreto.,Validar contacto decisor y necesidad inmediata.,"https://www.google.com/maps/search/?api=1&query=-33.102771,-64.336058",marinellisa.store,,Registro curado en documento de dirección PRESOL 2026-09.,Alta,Base curada PDF dirección,,,,,transporte de áridos/materiales | hidrogrúa para carga/descarga | percha para pallets/bolsones,áridos/construcción/premoldeados,,Muy alta,Áridos/materiales: confirmar modalidad de carga/descarga y tipo de unidad requerida antes de cotizar.,GPT adjunto + Hermes,Fusionado con base Hermes para completar teléfonos/fuentes/servicios.
RC-009,Pendiente,Río Cuarto / RN36 sur,Río Cuarto,Río Cuarto,A,100,Paolini Hnos S.A.,Obra vial / constructora nacional,Obra / constructora,011 48779600,OK,tel:+541148779600,tel:+541148779600,jefe de obra / logística,"Traslado de maquinaria, módulos de obrador, estructuras, equipos y cargas pesadas entre frentes.","Transporte de equipos, módulos de obrador, estructuras y materiales pesados; descarga o posicionamiento cuando aplique.",Teléfono central; mejor entrar por obrador local.,Visita o llamada de validación; pedir próximo traslado concreto.,Validar contacto decisor y necesidad inmediata.,"https://www.google.com/maps/search/?api=1&query=-33.114000,-64.331000",paolini.com.ar,,Registro curado en documento de dirección PRESOL 2026-09.,Alta,Base curada PDF dirección,,,,,transporte de áridos/materiales | hidrogrúa para carga/descarga | percha para pallets/bolsones,otro rubro factible,,Muy alta,,GPT adjunto + Hermes,Fusionado con base Hermes para completar teléfonos/fuentes/servicios.
RC-010,Pendiente,Río Cuarto / RN36 sur,Río Cuarto,Río Cuarto,A,100,Soardo Construcciones,Constructora local,Obra / constructora,0358 4166315,OK,tel:+543584166315,tel:+543584166315,jefe de obra / logística,"Traslado de maquinaria, módulos de obrador, estructuras, equipos y cargas pesadas entre frentes.","Transporte de equipos, módulos de obrador, estructuras y materiales pesados; descarga o posicionamiento cuando aplique.",Pedir responsable de obra; cotizar un próximo traslado.,Visita o llamada de validación; pedir próximo traslado concreto.,Validar contacto decisor y necesidad inmediata.,"https://www.google.com/maps/search/?api=1&query=-33.119000,-64.351000",soardoconstrucciones.site,,Registro curado en documento de dirección PRESOL 2026-09.,Alta,Base curada PDF dirección,,,,,transporte de áridos/materiales | hidrogrúa para carga/descarga | percha para pallets/bolsones,otro rubro factible,,Muy alta,,GPT adjunto + Hermes,Fusionado con base Hermes para completar teléfonos/fuentes/servicios.
RC-011,Pendiente,Río Cuarto / RN36 sur,Río Cuarto,Río Cuarto,A,75,BIDESA Obras Viales y Civiles,Obra vial / UTE,Obra / constructora,A relevar en obrador,A relevar,,,jefe de obra / logística,"Traslado de maquinaria, módulos de obrador, estructuras, equipos y cargas pesadas entre frentes.","Transporte de equipos, módulos de obrador, estructuras y materiales pesados; descarga o posicionamiento cuando aplique.","Si está en obra, entrar por obrador; teléfono no público.",Visita o llamada de validación; pedir próximo traslado concreto.,Validar contacto decisor y necesidad inmediata.,"https://www.google.com/maps/search/?api=1&query=-33.108000,-64.327000",Construar / Boletín Oficial,,Registro curado en documento de dirección PRESOL 2026-09.,Media,Base curada PDF dirección,,,,,transporte de áridos/materiales | hidrogrúa para carga/descarga | percha para pallets/bolsones,otro rubro factible,,Alta,,GPT adjunto + Hermes,Fusionado con base Hermes para completar teléfonos/fuentes/servicios.
RC-012,Pendiente,Río Cuarto / RN36 sur,Río Cuarto,Río Cuarto,A,75,Luciano S.A.,Obra vial / UTE,Obra / constructora,A relevar,A relevar,,,jefe de obra / logística,"Traslado de maquinaria, módulos de obrador, estructuras, equipos y cargas pesadas entre frentes.","Transporte de equipos, módulos de obrador, estructuras y materiales pesados; descarga o posicionamiento cuando aplique.",Oferente/contratista; buscar obrador primero.,Visita o llamada de validación; pedir próximo traslado concreto.,Validar contacto decisor y necesidad inmediata.,"https://www.google.com/maps/search/?api=1&query=-33.111000,-64.329000",Construar / licitaciones,,Registro curado en documento de dirección PRESOL 2026-09.,Media,Base curada PDF dirección,,,,,transporte de áridos/materiales | hidrogrúa para carga/descarga | percha para pallets/bolsones,otro rubro factible,,Alta,,GPT adjunto + Hermes,Fusionado con base Hermes para completar teléfonos/fuentes/servicios.
RC-013,Pendiente,Río Cuarto / RN36 sur,Río Cuarto,Río Cuarto,B,75,Agrorio Maquinarias,Maquinaria agrícola,Industria / mantenimiento,03586 093110,OK,tel:+543586093110,tel:+543586093110,responsable de acopio / mantenimiento,"Movimientos especiales de mantenimiento, repuestos pesados y mudanzas internas de equipos.","Movimiento de equipos de planta, silos, balanzas, repuestos y cargas especiales para acopios/agroindustria.",Ofrecer PRESOL como transportista regional confiable.,Visita o llamada de validación; pedir próximo traslado concreto.,Validar contacto decisor y necesidad inmediata.,"https://www.google.com/maps/search/?api=1&query=-33.125500,-64.382000",Facebook AgroRío,,Registro curado en documento de dirección PRESOL 2026-09.,Alta,Base curada PDF dirección,,,,,plataforma 20 tn para maquinaria/piezas | hidrogrúa para maniobras | percha para pallets | percha para pallets de insumos | hidrogrúa para equipos/mantenimiento | barquilla para trabajos en altura,fabricante/servicio maquinaria agrícola,,Alta,,GPT adjunto + Hermes,Fusionado con base Hermes para completar teléfonos/fuentes/servicios.
RC-014,Pendiente,Río Cuarto / RN36 sur,Río Cuarto,Río Cuarto,B,75,Capello S.A.,Constructora / corralón,Obra / constructora,0358 4645929,OK,tel:+543584645929,tel:+543584645929,jefe de obra / logística,"Traslado de maquinaria, módulos de obrador, estructuras, equipos y cargas pesadas entre frentes.","Transporte de equipos, módulos de obrador, estructuras y materiales pesados; descarga o posicionamiento cuando aplique.",Vender apoyo logístico para obras y compras pesadas.,Visita o llamada de validación; pedir próximo traslado concreto.,Validar contacto decisor y necesidad inmediata.,"https://www.google.com/maps/search/?api=1&query=-33.121500,-64.350500",guia.deriocuarto.ar,,Registro curado en documento de dirección PRESOL 2026-09.,Alta,Base curada PDF dirección,,,,,transporte de áridos/materiales | hidrogrúa para carga/descarga | percha para pallets/bolsones,áridos/construcción/premoldeados,,Alta,Áridos/materiales: confirmar modalidad de carga/descarga y tipo de unidad requerida antes de cotizar.,GPT adjunto + Hermes,Fusionado con base Hermes para completar teléfonos/fuentes/servicios.
RC-015,Pendiente,Río Cuarto / RN36 sur,Río Cuarto,Río Cuarto,B,75,Cotagro — Río Cuarto,Agro / fertilizantes / acopio,Agro / acopio / planta,0358 4933333,OK,tel:+543584933333,tel:+543584933333,responsable de acopio / mantenimiento,"Traslado de equipos de planta, silos, repuestos pesados, balanzas, implementos y cargas especiales.","Movimiento de equipos de planta, silos, balanzas, repuestos y cargas especiales para acopios/agroindustria.",Punto dentro de red Cotagro; usar puerta Alcira si funciona.,Visita o llamada de validación; pedir próximo traslado concreto.,Validar contacto decisor y necesidad inmediata.,"https://www.google.com/maps/search/?api=1&query=-33.118000,-64.322000",cotagroweb.com.ar/contacto,,Registro curado en documento de dirección PRESOL 2026-09.,Alta,Base curada PDF dirección,,,,,plataforma 20 tn para maquinaria/piezas | hidrogrúa para maniobras | percha para pallets | percha para pallets de insumos | hidrogrúa para equipos/mantenimiento | barquilla para trabajos en altura,cooperativa/acopio | planta agroindustrial,,Alta,"Barquilla: validar seguridad, seguro, permiso de trabajo y alcance de maniobra antes de cotizar. Percha pallets: útil para insumos, bolsones, repuestos y materiales palletizados.",GPT adjunto + Hermes,Fusionado con base Hermes para completar teléfonos/fuentes/servicios.
RC-016,Pendiente,Río Cuarto / RN36 sur,Río Cuarto,Río Cuarto,B,75,Fontezuela Cereales,Acopio / cereales,Agro / acopio / planta,02477 497135/37,OK,tel:+542477497135,tel:+542477497135,responsable de acopio / mantenimiento,"Traslado de equipos de planta, silos, repuestos pesados, balanzas, implementos y cargas especiales.","Movimiento de equipos de planta, silos, balanzas, repuestos y cargas especiales para acopios/agroindustria.",Consultar frecuencia de movimientos especiales.,Visita o llamada de validación; pedir próximo traslado concreto.,Validar contacto decisor y necesidad inmediata.,"https://www.google.com/maps/search/?api=1&query=-33.123200,-64.345300",fontezuelacereales.com.ar,,Registro curado en documento de dirección PRESOL 2026-09.,Alta,Base curada PDF dirección,,,,,plataforma 20 tn para maquinaria/piezas | hidrogrúa para maniobras | percha para pallets | percha para pallets de insumos | hidrogrúa para equipos/mantenimiento | barquilla para trabajos en altura,cooperativa/acopio,,Alta,"Barquilla: validar seguridad, seguro, permiso de trabajo y alcance de maniobra antes de cotizar.",GPT adjunto + Hermes,Fusionado con base Hermes para completar teléfonos/fuentes/servicios.
RC-017,Pendiente,Río Cuarto / RN36 sur,Río Cuarto,Río Cuarto,B,50,CARMIX S.R.L.,Premoldeados / pisos industriales / pavimento / silos,Agro / acopio / planta,A relevar,A relevar,,,despacho / obra,"Traslado de equipos de planta, silos, repuestos pesados, balanzas, implementos y cargas especiales.",Transporte de repuestos/equipos/silos/implementos + coordinación de retiro y descarga.,"Premoldeados, pisos industriales, pavimento y silos: potencial movimiento de piezas/equipos.","Validar teléfono/contacto; si responde, pedir un caso concreto de traslado o próximo movimiento.",Confirmar decisor y vigencia del dato antes de incluir en salida prioritaria.,https://www.google.com/maps/search/?api=1&query=CARMIX+S.R.L.+R%C3%ADo+Cuarto+C%C3%B3rdoba+Argentina,Guía de Río Cuarto / resultado de búsqueda,https://guia.deriocuarto.ar/carmix-srl-dd2328.html,"Resultado público describe premoldeados de hormigón, pisos industriales, pavimento, cordón cuneta y silos.",Media,Nuevo enriquecimiento 2026-09-02,,,,,transporte de áridos/materiales | hidrogrúa para carga/descarga | percha para pallets/bolsones | plataforma 20 tn para maquinaria/piezas | hidrogrúa para maniobras | percha para pallets,áridos/construcción/premoldeados,,Media,,GPT adjunto + Hermes,Fusionado con base Hermes para completar teléfonos/fuentes/servicios.
VA-001,Pendiente,Villa Ascasubi / RP6-E79,Villa Ascasubi / Ruta E79,Villa Ascasubi,A,99,Costa del Río SRL,Cantera / áridos lavados / fertilizantes / feedlot,Agro / acopio / cooperativa,+54 9 3571 363338,OK,tel:+5493571363338,tel:+5493571363338,cantera / despacho / logística,"Traslado de insumos, pallets, fertilizantes, repuestos pesados, silos/equipos y apoyo de mantenimiento en planta.","Plataforma + percha pallets + hidrogrúa/barquilla para insumos, repuestos, silos/equipos y mantenimiento.",Cantera de áridos lavados y clasificados en Villa Ascasubi; encaje directo para transporte de áridos/materiales.,"Llamar a despacho/cantera y ofrecer transporte de áridos, bolsones/pallets y apoyo de hidrogrúa si requiere.","Confirmar modalidad de carga, tipo de árido y unidad apta antes de cotizar.",https://www.google.com/maps/search/?api=1&query=Costa+del+R%C3%ADo+SRL+Villa+Ascasubi+C%C3%B3rdoba+Argentina,Web propia Costa del Río,https://costadelrio.com/contacto,"Contacto web: WhatsApp 5493571363338; dirección Villa Ascasubi Ruta E79 45; sección cantera lista arena, canto rodado, ripio y 0-20.",Alta,Nuevo enriquecimiento zonas priorizadas 2026-09,,,,,transporte de áridos/materiales | hidrogrúa para carga/descarga | percha para pallets/bolsones | percha para pallets de insumos | hidrogrúa para equipos/mantenimiento | barquilla para trabajos en altura,áridos/construcción/premoldeados | planta agroindustrial,Sí,Muy alta,"Para áridos, validar modalidad de carga/descarga y tipo de unidad requerida antes de cotizar. Percha para pallets: útil para insumos, bolsones, repuestos y materiales palletizados.",Hermes único,Alta única desde base Hermes; no estaba en el Excel GPT adjunto. | ID fuente: PRESOL-124
VA-002,Pendiente,Villa Ascasubi / RP6-E79,Villa Ascasubi / centro,Villa Ascasubi,B,85,Cooperativa de Villa Ascasubi,Cooperativa de servicios públicos / infraestructura local,Obra / constructora,03571 498118 / 3571 520004 guardia,OK,tel:+543571498118,tel:+543571498118 | tel:+543571520004,mantenimiento / administración / obras,"Traslado de áridos/materiales, maquinaria, módulos de obrador, estructuras y cargas pesadas entre frentes.",Transporte de áridos/materiales y cargas de obra + hidrogrúa/barquilla/percha pallets según necesidad.,"Cooperativa local con redes/servicios; oportunidad para barquilla, hidrogrúa y materiales en obras/mantenimiento.",Pedir por mantenimiento/obras y ofrecer barquilla de hidrogrúa para trabajos en altura y movimientos de equipos.,"Validar si contratan terceros para trabajos de red, postes, bombas o mantenimiento.",https://www.google.com/maps/search/?api=1&query=Cooperativa+de+Villa+Ascasubi+Villa+Ascasubi+C%C3%B3rdoba+Argentina,Web propia Cooperativa Villa Ascasubi,https://va.coop.ar/contacto,"Contacto publicado: Libertad 70, Villa Ascasubi; teléfono 03571 498118; guardia 3571 520004.",Alta,Nuevo enriquecimiento zonas priorizadas 2026-09,,,,,percha para pallets de insumos | hidrogrúa para equipos/mantenimiento | barquilla para trabajos en altura | barquilla de hidrogrúa para mantenimiento en altura | hidrogrúa para postes/equipos,cooperativa/acopio,Sí,Alta,"Si se ofrece barquilla, validar condiciones de seguridad, seguro y habilitación de maniobra.",Hermes único,Alta única desde base Hermes; no estaba en el Excel GPT adjunto. | ID fuente: PRESOL-125
VA-003,Pendiente,Villa Ascasubi / RP6-E79,Villa Ascasubi / tránsito pesado,Villa Ascasubi,B,77,Construir Villa Ascasubi,Corralón / materiales construcción / tránsito pesado,Hormigón / áridos / premoldeados,3571 577272,VER,tel:+543571577272,tel:+543571577272,dueño / compras / logística,"Movimiento de áridos, premoldeados, equipos de planta/cantera, moldes, bolsones y materiales de obra.","Transporte de áridos/materiales, premoldeados y equipos; hidrogrúa para carga/descarga y percha para pallets.","Corralón sobre tránsito pesado; potencial de pallets, bolsones, áridos, materiales y entregas a obra.",Verificar teléfono y preguntar si tercerizan fletes de pallets/bolsones/áridos o entregas de obra.,Confirmar teléfono alternativo y frecuencia de fletes pesados.,https://www.google.com/maps/search/?api=1&query=Construir+Villa+Ascasubi+Villa+Ascasubi+C%C3%B3rdoba+Argentina,Instagram público Construir Villa Ascasubi,https://www.instagram.com/construir.va,"Perfil público: Materiales de Construcción; Pueyrredón esq. Dr. Tomás Garzón, Villa Ascasubi; teléfono 3571577272.",Media,Nuevo enriquecimiento zonas priorizadas 2026-09,,,,,transporte de áridos/materiales | hidrogrúa para carga/descarga | percha para pallets/bolsones,áridos/construcción/premoldeados,Sí,Media,"Para áridos, validar modalidad de carga/descarga y tipo de unidad requerida antes de cotizar.",Hermes único,Alta única desde base Hermes; no estaba en el Excel GPT adjunto. | ID fuente: PRESOL-126
VA-004,Pendiente,Villa Ascasubi / RP6-E79,Villa Ascasubi / ruta E79,Villa Ascasubi,B,73,La Vencedora — Sucursal Villa Ascasubi,Cooperativa agropecuaria / cereales y combustible,Agro / acopio / cooperativa,A relevar,A relevar,,,acopio / encargado de sucursal,"Traslado de insumos, pallets, fertilizantes, repuestos pesados, silos/equipos y apoyo de mantenimiento en planta.","Plataforma + percha pallets + hidrogrúa/barquilla para insumos, repuestos, silos/equipos y mantenimiento.","Sucursal agro/cooperativa en Villa Ascasubi: cereales, combustible e insumos generan oportunidades de pallets y equipos.",Usar contacto central de La Vencedora o relevar en campo el responsable de sucursal.,Relevar teléfono directo de sucursal y responsable operativo.,https://www.google.com/maps/search/?api=1&query=La+Vencedora+%E2%80%94+Sucursal+Villa+Ascasubi+Villa+Ascasubi+C%C3%B3rdoba+Argentina,El Manisero / nota pública,https://elmanisero.com.ar/contenido/5464/la-vencedora-abrio-una-sucursal-en-villa-ascasubi,"Resultado público informa apertura de sucursal en Provincial E79 Km 43.2, Villa Ascasubi; cereales y combustible.",Media,Nuevo enriquecimiento zonas priorizadas 2026-09,,,,,percha para pallets de insumos | hidrogrúa para equipos/mantenimiento | barquilla para trabajos en altura,cooperativa/acopio,Sí,Media,"Si se ofrece barquilla, validar condiciones de seguridad, seguro y habilitación de maniobra. Percha para pallets: útil para insumos, bolsones, repuestos y materiales palletizados.",Hermes único,Alta única desde base Hermes; no estaba en el Excel GPT adjunto. | ID fuente: PRESOL-127
ALM-001,Pendiente,Villa María / RP6,Almafuerte,Almafuerte,B,75,Cooperativa Agropecuaria Almafuerte,Acopio / semillas / agroinsumos,Agro / acopio / planta,03571 471182,OK,tel:+543571471182,tel:+543571471182,operaciones / entregas,"Traslado de equipos de planta, silos, repuestos pesados, balanzas, implementos y cargas especiales.","Entrega y descarga de módulos/containers con plataforma, malacate e hidrogrúa según maniobra.",100.000 tn acopiadas; preguntar ampliaciones/mantenimiento.,Visita o llamada de validación; pedir próximo traslado concreto.,Validar contacto decisor y necesidad inmediata.,"https://www.google.com/maps/search/?api=1&query=-32.192000,-64.255000",essapp.coop / Coop. Almafuerte,,Registro curado en documento de dirección PRESOL 2026-09.,Alta,Base curada PDF dirección,,,,,transporte de áridos/materiales | hidrogrúa para carga/descarga | percha para pallets/bolsones | plataforma 20 tn para maquinaria/piezas | hidrogrúa para maniobras | percha para pallets | percha para pallets de insumos | hidrogrúa para equipos/mantenimiento | barquilla para trabajos en altura,cooperativa/acopio | planta agroindustrial,,Alta,"Barquilla: validar seguridad, seguro, permiso de trabajo y alcance de maniobra antes de cotizar. Percha pallets: útil para insumos, bolsones, repuestos y materiales palletizados.",GPT adjunto + Hermes,Fusionado con base Hermes para completar teléfonos/fuentes/servicios.
HER-001,Pendiente,Villa María / RP6,Hernando,Hernando,A,100,Cooperativa Agrícola La Vencedora,Acopio / agroinsumos / combustible,Agro / acopio / planta,0353 4847133,OK,tel:+543534847133,tel:+543534847133,operaciones / entregas,"Traslado de equipos de planta, silos, repuestos pesados, balanzas, implementos y cargas especiales.","Entrega y descarga de módulos/containers con plataforma, malacate e hidrogrúa según maniobra.",Planta nueva 24.000 tn; pedir gerente Ariel Ferreyra.,Visita o llamada de validación; pedir próximo traslado concreto.,Validar contacto decisor y necesidad inmediata.,"https://www.google.com/maps/search/?api=1&query=-32.426000,-63.733000",Facebook / LinkedIn La Vencedora | Agroverdad / La Vencedora,https://agroverdad.com.ar/2024/03/la-nueva-planta-de-acopio-de-la-vencedora-obtuvo-certificacion-ambiental-de-la-provincia,"Registro curado en documento de dirección PRESOL 2026-09. | Nueva planta de acopio de 24.000 toneladas en predio de 14 ha sobre Ruta 6 km 56; instalaciones para fertilizantes, agroinsumos, combustibles y playa de operaciones.",Alta,Base curada PDF dirección,,,,,transporte de áridos/materiales | hidrogrúa para carga/descarga | percha para pallets/bolsones | plataforma 20 tn para maquinaria/piezas | hidrogrúa para maniobras | percha para pallets | percha para pallets de insumos | hidrogrúa para equipos/mantenimiento | barquilla para trabajos en altura,cooperativa/acopio | planta agroindustrial,Sí,Muy alta,"Barquilla: validar seguridad, seguro, permiso de trabajo y alcance de maniobra antes de cotizar. Percha pallets: útil para insumos, bolsones, repuestos y materiales palletizados.",GPT adjunto + Hermes,Fusionado con base Hermes para completar teléfonos/fuentes/servicios.
HER-002,Pendiente,Villa María / RP6,Hernando / RP6-RP10,Hernando,A,100,DELCRE Construcciones SRL,Construcción / hormigón,Obra / constructora,0353 4961086,OK,tel:+543534961086,tel:+543534961086,jefe de obra / operaciones,"Traslado de maquinaria, módulos de obrador, estructuras y equipos entre depósitos y frentes de obra.",Transporte especial de equipos/obrador + plataforma 20 tn + apoyo de hidrogrúa según maniobra + seguro/GPS.,"Constructora y fábrica de hormigón sobre RP6; alto encaje para movimiento de maquinaria, moldes y equipos de obra.","Llamada prioritaria; pedir próximo traslado concreto y, si hay encaje, coordinar visita.","Confirmar decisor, frecuencia de movimientos y vigencia del contacto antes de cotizar.",https://www.google.com/maps/search/?api=1&query=DELCRE+Construcciones+SRL+Hernando+C%C3%B3rdoba+Argentina,Google Maps / ficha pública,https://www.google.com/maps/search/?api=1&query=DELCRE+CONSTRUCCIONES+SRL+Hernando+C%C3%B3rdoba+Argentina,"Constructora y fábrica de hormigón sobre RP6; alto encaje para movimiento de maquinaria, moldes y equipos de obra.",Alta,Enriquecimiento web 2026-09-07,,,,,transporte de áridos/materiales | hidrogrúa para carga/descarga | percha para pallets/bolsones,áridos/construcción/premoldeados,Sí,Muy alta,Áridos/materiales: confirmar modalidad de carga/descarga y tipo de unidad requerida antes de cotizar.,GPT adjunto,
HER-003,Pendiente,Villa María / RP6,Hernando / RP6-RP10,Hernando,A,100,NEUF Agricole,"Tolvas, acoplados, contenedores y equipos especiales",Industria / mantenimiento,+54 9 353 4846256 / +54 353 4960391,OK,tel:+5493534846256,tel:+5493534846256 | tel:+543534960391,logística / despacho / postventa,"Traslado de maquinaria, implementos, equipos terminados y componentes de gran porte entre planta, cliente, obra o feria.",Plataforma 20 tn + malacate/hidrogrúa según maniobra + seguro de carga + trazabilidad GPS.,"Metalúrgica de Hernando; fabrica tolvas autodescargables, acoplados, contenedores y porta-contenedores.","Llamada prioritaria; pedir próximo traslado concreto y, si hay encaje, coordinar visita.","Confirmar decisor, frecuencia de movimientos y vigencia del contacto antes de cotizar.",https://www.google.com/maps/search/?api=1&query=NEUF+Agricole+Hernando+C%C3%B3rdoba+Argentina,AFAMAC | Maquinac,https://afamac.com.ar/catalogo/asociados-afamac/neuf/ | https://maquinac.com/empresas/neuf-agricole,"Metalúrgica de Hernando; fabrica tolvas autodescargables, acoplados, contenedores y porta-contenedores. | Maquinac: Bv. Moreno 1240, Hernando; +54 353 4960391; fabrica tolvas, equipos para construcción y desarrollos especiales.",Alta,Enriquecimiento web 2026-09-07,,,,,transporte de áridos/materiales | hidrogrúa para carga/descarga | percha para pallets/bolsones | plataforma 20 tn para maquinaria/piezas | hidrogrúa para maniobras | percha para pallets,fabricante/servicio maquinaria agrícola,Sí,Muy alta,,GPT adjunto + Hermes,Fusionado con base Hermes para completar teléfonos/fuentes/servicios.
HER-004,Pendiente,Villa María / RP6,Hernando / RP6-RP10,Hernando,A,85,AGD - Acopio Hernando,Acopio de granos,Agro / acopio / planta,0353 4960609,OK,tel:+543534960609,tel:+543534960609,responsable de acopio / mantenimiento,"Traslado de equipos de planta, silos, repuestos pesados, balanzas, implementos y cargas especiales.","Movimiento de equipos de planta, silos, balanzas, repuestos e implementos con plataforma e hidrogrúa según necesidad.","Planta de acopio en Hernando; potencial movimiento de equipos, repuestos, silos y cargas especiales.","Llamada prioritaria; pedir próximo traslado concreto y, si hay encaje, coordinar visita.","Confirmar decisor, frecuencia de movimientos y vigencia del contacto antes de cotizar.",https://www.google.com/maps/search/?api=1&query=AGD+-+Acopio+Hernando+Hernando+C%C3%B3rdoba+Argentina,Google Maps / ficha pública,https://www.google.com/maps/search/?api=1&query=AGD+Acopio+Hernando+Hernando+C%C3%B3rdoba+Argentina,"Planta de acopio en Hernando; potencial movimiento de equipos, repuestos, silos y cargas especiales.",Alta,Enriquecimiento web 2026-09-07,,,,,plataforma 20 tn para maquinaria/piezas | hidrogrúa para maniobras | percha para pallets | percha para pallets de insumos | hidrogrúa para equipos/mantenimiento | barquilla para trabajos en altura,cooperativa/acopio,Sí,Muy alta,"Barquilla: validar seguridad, seguro, permiso de trabajo y alcance de maniobra antes de cotizar.",GPT adjunto,
HER-005,Pendiente,Villa María / RP6,Hernando / RP6-RP10,Hernando,A,85,AGRO ARG S.R.L. Planta de Maní,Planta procesadora de maní,Agro / acopio / planta,+54 9 353 6575171,OK,tel:+5493536575171,tel:+5493536575171,responsable de acopio / mantenimiento,"Traslado de equipos de planta, silos, repuestos pesados, balanzas, implementos y cargas especiales.","Movimiento de equipos de planta, silos, balanzas, repuestos e implementos con plataforma e hidrogrúa según necesidad.",Planta industrial de maní en Hernando con contacto público.,"Llamada prioritaria; pedir próximo traslado concreto y, si hay encaje, coordinar visita.","Confirmar decisor, frecuencia de movimientos y vigencia del contacto antes de cotizar.",https://www.google.com/maps/search/?api=1&query=AGRO+ARG+S.R.L.+Planta+de+Man%C3%AD+Hernando+C%C3%B3rdoba+Argentina,Google Maps / ficha pública,https://www.google.com/maps/search/?api=1&query=AGRO+ARG+SRL+Planta+de+Mani+Hernando+C%C3%B3rdoba+Argentina,Planta industrial de maní en Hernando con contacto público.,Alta,Enriquecimiento web 2026-09-07,,,,,plataforma 20 tn para maquinaria/piezas | hidrogrúa para maniobras | percha para pallets,cooperativa/acopio,Sí,Muy alta,"Barquilla: validar seguridad, seguro, permiso de trabajo y alcance de maniobra antes de cotizar.",GPT adjunto,
HER-006,Pendiente,Villa María / RP6,Hernando / RP6-RP10,Hernando,A,85,MULTITRAC S.A.S Agromaquinarias,Concesionario de tractores / maquinaria agrícola,Industria / mantenimiento,0353 4125716,OK,tel:+543534125716,tel:+543534125716,logística / entregas / postventa,"Traslado de maquinaria agrícola o vial entre sucursal, cliente, taller, campo y eventos.","Traslado de maquinaria en plataforma 20 tn, coordinación de retiro/entrega y apoyo de hidrogrúa si corresponde.","Concesionario de tractores y maquinaria; potencial traslado a clientes, talleres y eventos.","Llamada prioritaria; pedir próximo traslado concreto y, si hay encaje, coordinar visita.","Confirmar decisor, frecuencia de movimientos y vigencia del contacto antes de cotizar.",https://www.google.com/maps/search/?api=1&query=MULTITRAC+S.A.S+Agromaquinarias+Hernando+C%C3%B3rdoba+Argentina,Google Maps / ficha pública,https://www.google.com/maps/search/?api=1&query=MULTITRAC+SAS+agromaquinarias+Hernando+C%C3%B3rdoba+Argentina,"Concesionario de tractores y maquinaria; potencial traslado a clientes, talleres y eventos.",Alta,Enriquecimiento web 2026-09-07,,,,,plataforma 20 tn para maquinaria/piezas | hidrogrúa para maniobras | percha para pallets,fabricante/servicio maquinaria agrícola,Sí,Muy alta,,GPT adjunto,
HER-007,Pendiente,Villa María / RP6,Hernando / RP6-RP10,Hernando,A,85,Servagrop - Especialistas en Maní,Agroindustria / maní / servicios agrícolas,Agro / acopio / planta,0353 4960348,OK,tel:+543534960348,tel:+543534960348,responsable de acopio / mantenimiento,"Traslado de equipos de planta, silos, repuestos pesados, balanzas, implementos y cargas especiales.","Movimiento de equipos de planta, silos, balanzas, repuestos e implementos con plataforma e hidrogrúa según necesidad.",Operador agroindustrial de alta actividad en RP10; volumen y maquinaria asociados al negocio del maní.,"Llamada prioritaria; pedir próximo traslado concreto y, si hay encaje, coordinar visita.","Confirmar decisor, frecuencia de movimientos y vigencia del contacto antes de cotizar.",https://www.google.com/maps/search/?api=1&query=Servagrop+-+Especialistas+en+Man%C3%AD+Hernando+C%C3%B3rdoba+Argentina,Google Maps / ficha pública,https://www.google.com/maps/search/?api=1&query=Servagrop+Especialistas+en+Mani+Hernando+C%C3%B3rdoba+Argentina,Operador agroindustrial de alta actividad en RP10; volumen y maquinaria asociados al negocio del maní.,Alta,Enriquecimiento web 2026-09-07,,,,,plataforma 20 tn para maquinaria/piezas | hidrogrúa para maniobras | percha para pallets,cooperativa/acopio,Sí,Muy alta,"Percha pallets: útil para insumos, bolsones, repuestos y materiales palletizados.",GPT adjunto,
HER-008,Pendiente,Villa María / RP6,Hernando / RP6-RP10,Hernando,B,81,Plegados Hernando S.A.,Plegado y trabajos metalúrgicos,Metalmecánica / despacho,0353 4962200 / +54 353 4962200,OK,tel:+543534962200,tel:+543534962200,despacho / producción,"Despacho de estructuras, piezas, equipos y conjuntos metalmecánicos de gran porte hacia obras o clientes.",Plataforma 20 tn para piezas/estructuras + seguro de carga + trazabilidad GPS + apoyo de hidrogrúa según maniobra.,Taller metalúrgico local con teléfono público.,Llamar para validar necesidad y frecuencia; visitar si confirma movimientos de equipos/cargas.,"Confirmar decisor, frecuencia de movimientos y vigencia del contacto antes de cotizar.",https://www.google.com/maps/search/?api=1&query=Plegados+Hernando+S.A.+Hernando+C%C3%B3rdoba+Argentina,Google Maps / ficha pública | Metalmecánica.com,https://www.google.com/maps/search/?api=1&query=Plegados+Hernando+SA+Hernando+C%C3%B3rdoba+Argentina | https://www.metalmecanica.com/argentina/hernando/fabricantes/plegados-hernando-s-a,"Taller metalúrgico local con teléfono público. | Ficha pública: Blvd. Moreno 823, Hernando; tel +54353496-2200; cortes, plegados, rolados y piezas para agro/industria.",Alta,Enriquecimiento web 2026-09-07,,,,,transporte de áridos/materiales | hidrogrúa para carga/descarga | percha para pallets/bolsones | plataforma 20 tn para maquinaria/piezas | hidrogrúa para maniobras | percha para pallets,otro rubro factible,Sí,Alta,"Percha para pallets: útil para insumos, bolsones, repuestos y materiales palletizados.",GPT adjunto + Hermes,Fusionado con base Hermes para completar teléfonos/fuentes/servicios. | ID fuente: HER-012
HER-009,Pendiente,Villa María / RP6,Hernando,Hernando,B,75,Agrohernando,Acopio / granos / insumos,Agro / acopio / planta,0353 4960418,OK,tel:+543534960418,tel:+543534960418,responsable de acopio / mantenimiento,"Traslado de equipos de planta, silos, repuestos pesados, balanzas, implementos y cargas especiales.","Movimiento de equipos de planta, silos, balanzas, repuestos y cargas especiales para acopios/agroindustria.",Empresa familiar 20 años; pedir responsable de operaciones.,Visita o llamada de validación; pedir próximo traslado concreto.,Validar contacto decisor y necesidad inmediata.,"https://www.google.com/maps/search/?api=1&query=-32.428000,-63.730000",agrohernando.com.ar | Web propia Agrohernando,https://www.agrohernando.com.ar,"Registro curado en documento de dirección PRESOL 2026-09. | Sitio propio: Bv. Moreno 935, Hernando; acopio 16.000 tn, depósito de agroquímicos, transporte y capacidad de recepción/entrega de fertilizantes.",Alta,Base curada PDF dirección,,,,,plataforma 20 tn para maquinaria/piezas | hidrogrúa para maniobras | percha para pallets | percha para pallets de insumos | hidrogrúa para equipos/mantenimiento | barquilla para trabajos en altura,cooperativa/acopio,Sí,Alta,"Barquilla: validar seguridad, seguro, permiso de trabajo y alcance de maniobra antes de cotizar. Percha pallets: útil para insumos, bolsones, repuestos y materiales palletizados.",GPT adjunto + Hermes,Fusionado con base Hermes para completar teléfonos/fuentes/servicios.
HER-010,Pendiente,Villa María / RP6,Hernando / RP6-RP10,Hernando,B,75,Agrícola José Verra S.A.,Servicio y maquinaria agrícola,Industria / mantenimiento,03532 415543,VER,tel:+543532415543,tel:+543532415543,logística / entregas / postventa,"Traslado de maquinaria agrícola o vial entre sucursal, cliente, taller, campo y eventos.","Traslado de maquinaria en plataforma 20 tn, coordinación de retiro/entrega y apoyo de hidrogrúa si corresponde.",Operador agrícola sobre RP10; figura en red de servicios del sector y en ficha pública local.,Llamar para validar necesidad y frecuencia; visitar si confirma movimientos de equipos/cargas.,"Confirmar decisor, frecuencia de movimientos y vigencia del contacto antes de cotizar.",https://www.google.com/maps/search/?api=1&query=Agr%C3%ADcola+Jos%C3%A9+Verra+S.A.+Hernando+C%C3%B3rdoba+Argentina,Google Maps / red Piersanti,https://www.google.com/maps/search/?api=1&query=Agricola+Jose+Verra+SA+Hernando+C%C3%B3rdoba+Argentina,Operador agrícola sobre RP10; figura en red de servicios del sector y en ficha pública local.,Media,Enriquecimiento web 2026-09-07,,,,,plataforma 20 tn para maquinaria/piezas | hidrogrúa para maniobras | percha para pallets,fabricante/servicio maquinaria agrícola,Sí,Alta,,GPT adjunto,ID fuente: HER-008
HER-011,Pendiente,Villa María / RP6,Hernando / RP6-RP10,Hernando,B,75,Cismondi Construcciones,Construcción,Obra / constructora,03536 579486,OK,tel:+543536579486,tel:+543536579486,jefe de obra / operaciones,"Traslado de maquinaria, módulos de obrador, estructuras y equipos entre depósitos y frentes de obra.",Transporte especial de equipos/obrador + plataforma 20 tn + apoyo de hidrogrúa según maniobra + seguro/GPS.,Constructora local con teléfono público; validar obras activas y movimientos entre frentes.,Llamar para validar necesidad y frecuencia; visitar si confirma movimientos de equipos/cargas.,"Confirmar decisor, frecuencia de movimientos y vigencia del contacto antes de cotizar.",https://www.google.com/maps/search/?api=1&query=Cismondi+Construcciones+Hernando+C%C3%B3rdoba+Argentina,Google Maps / ficha pública,https://www.google.com/maps/search/?api=1&query=Cismondi+Construcciones+Hernando+C%C3%B3rdoba+Argentina,Constructora local con teléfono público; validar obras activas y movimientos entre frentes.,Alta,Enriquecimiento web 2026-09-07,,,,,transporte de áridos/materiales | hidrogrúa para carga/descarga | percha para pallets/bolsones,áridos/construcción/premoldeados,Sí,Alta,,GPT adjunto,ID fuente: HER-010
HER-012,Pendiente,Villa María / RP6,Hernando,Hernando,B,75,Industria Metal-Her,Implementos agrícolas / tolvas,Industria / mantenimiento,0353 156568385 / 0353 4846509,OK,tel:+5493536568385,tel:+5493536568385 | tel:+543534846509,responsable de acopio / mantenimiento,"Movimientos especiales de mantenimiento, repuestos pesados y mudanzas internas de equipos.","Movimiento de equipos de planta, silos, balanzas, repuestos y cargas especiales para acopios/agroindustria.",Muy buen encaje para entregas a clientes y ferias.,Visita o llamada de validación; pedir próximo traslado concreto.,Validar contacto decisor y necesidad inmediata.,"https://www.google.com/maps/search/?api=1&query=-32.424000,-63.737000",Facebook Industria Metal-Her,,Registro curado en documento de dirección PRESOL 2026-09.,Alta,Base curada PDF dirección,,,,,plataforma 20 tn para maquinaria/piezas | hidrogrúa para maniobras | percha para pallets | percha para pallets de insumos | hidrogrúa para equipos/mantenimiento | barquilla para trabajos en altura,fabricante/servicio maquinaria agrícola,Sí,Alta,,GPT adjunto + Hermes,Fusionado con base Hermes para completar teléfonos/fuentes/servicios. | ID fuente: HER-011
HER-013,Pendiente,Villa María / RP6,Hernando / RP6-RP10,Hernando,B,75,TOTI CONTI - Máquinas Agrícolas,Maquinaria agrícola,Industria / mantenimiento,0353 4846557,OK,tel:+543534846557,tel:+543534846557,logística / entregas / postventa,"Traslado de maquinaria agrícola o vial entre sucursal, cliente, taller, campo y eventos.","Traslado de maquinaria en plataforma 20 tn, coordinación de retiro/entrega y apoyo de hidrogrúa si corresponde.",Proveedor de equipos agrícolas en Hernando con teléfono público.,Llamar para validar necesidad y frecuencia; visitar si confirma movimientos de equipos/cargas.,"Confirmar decisor, frecuencia de movimientos y vigencia del contacto antes de cotizar.",https://www.google.com/maps/search/?api=1&query=TOTI+CONTI+-+M%C3%A1quinas+Agr%C3%ADcolas+Hernando+C%C3%B3rdoba+Argentina,Google Maps / ficha pública,https://www.google.com/maps/search/?api=1&query=TOTI+CONTI+Maquinas+Agricolas+Hernando+C%C3%B3rdoba+Argentina,Proveedor de equipos agrícolas en Hernando con teléfono público.,Alta,Enriquecimiento web 2026-09-07,,,,,plataforma 20 tn para maquinaria/piezas | hidrogrúa para maniobras | percha para pallets,fabricante/servicio maquinaria agrícola,Sí,Alta,,GPT adjunto,ID fuente: HER-014
HER-014,Pendiente,Villa María / RP6,Hernando / RP6-RP10,Hernando,B,75,Tornería y Soldadura Carlos Gastaldi,Estructuras metálicas / tornería y soldadura,Metalmecánica / despacho,0353 4298156,OK,tel:+543534298156,tel:+543534298156,despacho / producción,"Despacho de estructuras, piezas, equipos y conjuntos metalmecánicos de gran porte hacia obras o clientes.",Plataforma 20 tn para piezas/estructuras + seguro de carga + trazabilidad GPS + apoyo de hidrogrúa según maniobra.,Fabricante local de estructuras metálicas; potencial despacho de piezas y trabajos de obra.,Llamar para validar necesidad y frecuencia; visitar si confirma movimientos de equipos/cargas.,"Confirmar decisor, frecuencia de movimientos y vigencia del contacto antes de cotizar.",https://www.google.com/maps/search/?api=1&query=Torner%C3%ADa+y+Soldadura+Carlos+Gastaldi+Hernando+C%C3%B3rdoba+Argentina,Google Maps / ficha pública,https://www.google.com/maps/search/?api=1&query=Torneria+y+Soldadura+Carlos+Gastaldi+Hernando+C%C3%B3rdoba+Argentina,Fabricante local de estructuras metálicas; potencial despacho de piezas y trabajos de obra.,Alta,Enriquecimiento web 2026-09-07,,,,,transporte de áridos/materiales | hidrogrúa para carga/descarga | percha para pallets/bolsones | plataforma 20 tn para maquinaria/piezas | hidrogrúa para maniobras | percha para pallets,otro rubro factible,Sí,Alta,,GPT adjunto,ID fuente: HER-013
HER-015,Pendiente,Villa María / RP6,Hernando,Hernando,C,40,Her.Agro Maquinarias,Maquinaria agrícola nueva/usada,Industria / mantenimiento,3535 690587 (a confirmar),VER,tel:+543535690587,tel:+543535690587,responsable de acopio / mantenimiento,"Movimientos especiales de mantenimiento, repuestos pesados y mudanzas internas de equipos.","Movimiento de equipos de planta, silos, balanzas, repuestos y cargas especiales para acopios/agroindustria.",Entrar con cotización para próximos movimientos.,Visita o llamada de validación; pedir próximo traslado concreto.,Validar contacto decisor y necesidad inmediata.,"https://www.google.com/maps/search/?api=1&query=-32.422000,-63.731000",Facebook Her.Agro,,Registro curado en documento de dirección PRESOL 2026-09.,Media,Base curada PDF dirección,,,,,plataforma 20 tn para maquinaria/piezas | hidrogrúa para maniobras | percha para pallets | percha para pallets de insumos | hidrogrúa para equipos/mantenimiento | barquilla para trabajos en altura,fabricante/servicio maquinaria agrícola,Sí,Baja / visitar solo por cercanía,,GPT adjunto + Hermes,Fusionado con base Hermes para completar teléfonos/fuentes/servicios.
HER-016,Pendiente,Villa María / RP6,Hernando,Hernando,C,30,AgroServ S.R.L.,Concesionario maquinaria agrícola,Industria / mantenimiento,A relevar,A relevar,,,responsable de acopio / mantenimiento,"Movimientos especiales de mantenimiento, repuestos pesados y mudanzas internas de equipos.","Movimiento de equipos de planta, silos, balanzas, repuestos y cargas especiales para acopios/agroindustria.",Concesionario Super Walter; relevar contacto directo.,Visita o llamada de validación; pedir próximo traslado concreto.,Validar contacto decisor y necesidad inmediata.,"https://www.google.com/maps/search/?api=1&query=-32.429500,-63.734500",Instagram AgroServ,,Registro curado en documento de dirección PRESOL 2026-09.,Media,Base curada PDF dirección,,,,,plataforma 20 tn para maquinaria/piezas | hidrogrúa para maniobras | percha para pallets | percha para pallets de insumos | hidrogrúa para equipos/mantenimiento | barquilla para trabajos en altura,fabricante/servicio maquinaria agrícola,Sí,Baja / visitar solo por cercanía,,GPT adjunto + Hermes,Fusionado con base Hermes para completar teléfonos/fuentes/servicios.
TP-001,Pendiente,Villa María / RP6,Tío Pujio,Tío Pujio,A,100,ACA — Centro de Desarrollo Comercial Tío Pujio,Acopio gigante / agro,Agro / acopio / planta,353 5622710 / 0353 4860518 / 0353 4860519,OK,tel:+543535622710,tel:+543535622710 | tel:+543534860518 | tel:+543534860519,responsable de acopio / mantenimiento,"Traslado de equipos de planta, silos, repuestos pesados, balanzas, implementos y cargas especiales.","Movimiento de equipos de planta, silos, balanzas, repuestos y cargas especiales para acopios/agroindustria.",Pedir Mario Peppino / responsable logística; no ir sin ficha.,Visita o llamada de validación; pedir próximo traslado concreto.,Validar contacto decisor y necesidad inmediata.,"https://www.google.com/maps/search/?api=1&query=-32.288000,-63.356000",Instagram CDC / cooptiopujio.com,,Registro curado en documento de dirección PRESOL 2026-09.,Alta,Base curada PDF dirección,,,,,plataforma 20 tn para maquinaria/piezas | hidrogrúa para maniobras | percha para pallets | percha para pallets de insumos | hidrogrúa para equipos/mantenimiento | barquilla para trabajos en altura,cooperativa/acopio,,Muy alta,"Barquilla: validar seguridad, seguro, permiso de trabajo y alcance de maniobra antes de cotizar. Percha pallets: útil para insumos, bolsones, repuestos y materiales palletizados.",GPT adjunto + Hermes,Fusionado con base Hermes para completar teléfonos/fuentes/servicios.
TP-002,Pendiente,Villa María / RP6,Tío Pujio,Tío Pujio,B,75,Metalúrgica Jor-Ba / Grupo Tío Pujio,Metalúrgica / extrusado soja,Metalmecánica / despacho,03573 402941,OK,tel:+543573402941,tel:+543573402941,responsable de acopio / mantenimiento,"Despacho seguro de estructuras, carrozados, tanques, piezas industriales y equipos sobre plataforma.","Movimiento de equipos de planta, silos, balanzas, repuestos y cargas especiales para acopios/agroindustria.",Validar si operación está en Tío Pujio o Villa del Rosario.,Visita o llamada de validación; pedir próximo traslado concreto.,Validar contacto decisor y necesidad inmediata.,"https://www.google.com/maps/search/?api=1&query=-32.290000,-63.352000",Facebook Metalúrgica Jor-Ba,,Registro curado en documento de dirección PRESOL 2026-09.,Alta,Base curada PDF dirección,,,,,plataforma 20 tn para maquinaria/piezas | hidrogrúa para maniobras | percha para pallets | percha para pallets de insumos | hidrogrúa para equipos/mantenimiento | barquilla para trabajos en altura,otro rubro factible,,Alta,,GPT adjunto + Hermes,Fusionado con base Hermes para completar teléfonos/fuentes/servicios.
VM-001,Pendiente,Villa María / RP6,Villa María,Villa María,A,100,Industrias Cormetal S.A.,Metalmecánica / estructuras,Metalmecánica / despacho,0353 4610900 / 0353 6567355,OK,tel:+543534610900,tel:+543534610900 | tel:+543536567355,despacho / producción,"Despacho seguro de estructuras, carrozados, tanques, piezas industriales y equipos sobre plataforma.","Despacho de estructuras, tanques, transformadores, piezas de ingeniería y equipos sobre plataforma 20 tn.",Pedir responsable de logística/despachos.,Visita o llamada de validación; pedir próximo traslado concreto.,Validar contacto decisor y necesidad inmediata.,"https://www.google.com/maps/search/?api=1&query=-32.385796,-63.267403",guiademantenimiento.com / cormetal.com.ar,,Registro curado en documento de dirección PRESOL 2026-09.,Alta,Base curada PDF dirección,,,,,plataforma 20 tn para maquinaria/piezas | hidrogrúa para maniobras | percha para pallets,otro rubro factible,,Muy alta,,GPT adjunto + Hermes,Fusionado con base Hermes para completar teléfonos/fuentes/servicios.
VM-002,Pendiente,Villa María / RP6,Villa María,Villa María,A,100,Mayo Transformadores S.R.L.,Transformadores / metalmecánica,Metalmecánica / despacho,0353 4647606,OK,tel:+543534647606,tel:+543534647606,despacho / producción,"Despacho seguro de estructuras, carrozados, tanques, piezas industriales y equipos sobre plataforma.","Despacho de estructuras, tanques, transformadores, piezas de ingeniería y equipos sobre plataforma 20 tn.",Seguro de carga + GPS como argumento fuerte.,Visita o llamada de validación; pedir próximo traslado concreto.,Validar contacto decisor y necesidad inmediata.,"https://www.google.com/maps/search/?api=1&query=-32.423000,-63.205000",pilt.com.ar,,Registro curado en documento de dirección PRESOL 2026-09.,Alta,Base curada PDF dirección,,,,,plataforma 20 tn para maquinaria/piezas | hidrogrúa para maniobras | percha para pallets,otro rubro factible,,Muy alta,,GPT adjunto + Hermes,Fusionado con base Hermes para completar teléfonos/fuentes/servicios.
VM-003,Pendiente,Villa María / RP6,PILT Villa María,Villa María,A,100,Metalúrgica JAP / MJAP,"Carrozados, trailers, estructuras y reparación de camiones",Metalmecánica / despacho,+54 35 3656-3732 / +54 35 3565-7977,OK,tel:+543536563732,tel:+543536563732 | tel:+543535657977,Juan / Ronald / producción,"Despacho seguro de estructuras, carrozados, tanques, piezas industriales y equipos sobre plataforma.",Plataforma 20 tn para piezas/estructuras + seguro de carga + trazabilidad GPS.,"Fabrica carrozados, acoplados, estructuras para montacargas y carrocerías volcadoras; encaje directo con PRESOL.","Validar teléfono/contacto; si responde, pedir un caso concreto de traslado o próximo movimiento.",Confirmar decisor y vigencia del dato antes de incluir en salida prioritaria.,https://www.google.com/maps/search/?api=1&query=Metal%C3%BArgica+JAP+%2F+MJAP+Villa+Mar%C3%ADa+C%C3%B3rdoba+Argentina,Web MJAP + PILT,https://metalurgicajap.com,"Web propia informa teléfonos, servicios y dirección; PILT confirma nueva planta y rubro.",Alta,Nuevo enriquecimiento 2026-09-02,,,,,plataforma | hidrogrúa | percha para pallets,otro rubro factible,,Muy alta,,GPT adjunto + Hermes,Fusionado con base Hermes para completar teléfonos/fuentes/servicios.
VM-004,Pendiente,Villa María / RP6,Villa María,Villa María,A,100,Salsiteco S.A.,Constructora / movimiento de suelo,Obra / constructora,0353 4524006 / 0353 5006023,OK,tel:+543534524006,tel:+543534524006 | tel:+543535006023,jefe de obra / logística,"Traslado de maquinaria, módulos de obrador, estructuras, equipos y cargas pesadas entre frentes.","Transporte de equipos, módulos de obrador, estructuras y materiales pesados; descarga o posicionamiento cuando aplique.",Muy buen encaje con obras viales; pedir jefe de obra.,Visita o llamada de validación; pedir próximo traslado concreto.,Validar contacto decisor y necesidad inmediata.,"https://www.google.com/maps/search/?api=1&query=-32.412000,-63.236000",salsiteco.com.ar,,Registro curado en documento de dirección PRESOL 2026-09.,Alta,Base curada PDF dirección,,,,,transporte de áridos/materiales | hidrogrúa para carga/descarga | percha para pallets/bolsones,otro rubro factible,,Muy alta,,GPT adjunto + Hermes,Fusionado con base Hermes para completar teléfonos/fuentes/servicios.
VM-005,Pendiente,Villa María / RP6,PILT Villa María,Villa María,A,85,Terramar Logística SRL / Terminal Villa María,Terminal de contenedores / logística,Módulos / containers,0353 4533821,VER,tel:+543534533821,tel:+543534533821,operaciones terminal / logística,"Entrega, descarga y posicionamiento de módulos/containers en obra o cliente final.","Plataforma + malacate + hidrogrúa para retiro, traslado, descarga y posicionamiento.","Terminal interior de contenedores: oportunidad para traslados, entrega, retiro y apoyo de maniobras.","Validar teléfono/contacto; si responde, pedir un caso concreto de traslado o próximo movimiento.",Confirmar decisor y vigencia del dato antes de incluir en salida prioritaria.,https://www.google.com/maps/search/?api=1&query=Terramar+Log%C3%ADstica+SRL+%2F+Terminal+Villa+Mar%C3%ADa+Villa+Mar%C3%ADa+C%C3%B3rdoba+Argentina,Web Terramar / resultado de búsqueda,https://www.terramarlogistica.com.ar/contenedoresvillamaria,"Sitio informa recepción, administración, reparación y entrega de contenedores en PILT; teléfono aparece en resultado público.",Media,Nuevo enriquecimiento 2026-09-02,,,,,transporte de áridos/materiales | hidrogrúa para carga/descarga | percha para pallets/bolsones,otro rubro factible,,Muy alta,,GPT adjunto + Hermes,Fusionado con base Hermes para completar teléfonos/fuentes/servicios.
VM-006,Pendiente,Villa María / RP6,Villa María,Villa María,A,75,Héctor A. Bertone S.A.,Acopio / logística granaria,Agro / acopio / planta,A relevar,A relevar,,,responsable de acopio / mantenimiento,"Traslado de equipos de planta, silos, repuestos pesados, balanzas, implementos y cargas especiales.","Movimiento de equipos de planta, silos, balanzas, repuestos y cargas especiales para acopios/agroindustria.",Pedir responsable de logística/acopio; teléfono a relevar.,Visita o llamada de validación; pedir próximo traslado concreto.,Validar contacto decisor y necesidad inmediata.,"https://www.google.com/maps/search/?api=1&query=-32.389000,-63.251000",HAB / LinkedIn logística,,Registro curado en documento de dirección PRESOL 2026-09.,Media,Base curada PDF dirección,,,,,plataforma 20 tn para maquinaria/piezas | hidrogrúa para maniobras | percha para pallets | percha para pallets de insumos | hidrogrúa para equipos/mantenimiento | barquilla para trabajos en altura,cooperativa/acopio,,Alta,"Barquilla: validar seguridad, seguro, permiso de trabajo y alcance de maniobra antes de cotizar.",GPT adjunto + Hermes,Fusionado con base Hermes para completar teléfonos/fuentes/servicios.
VM-007,Pendiente,Villa María / RP6,Villa María,Villa María,B,75,Carra Sanitarios,Materiales / sanitario / obra,Industria / mantenimiento,0353 4125456,OK,tel:+543534125456,tel:+543534125456,responsable de logística/compras,"Movimientos especiales de mantenimiento, repuestos pesados y mudanzas internas de equipos.",Detectar el próximo movimiento pesado y convertirlo en cotización concreta.,Ubicado sobre corredor; preguntar fletes a clientes/obras.,Visita o llamada de validación; pedir próximo traslado concreto.,Validar contacto decisor y necesidad inmediata.,"https://www.google.com/maps/search/?api=1&query=-32.421000,-63.232000",carrasanitarios.com.ar,,Registro curado en documento de dirección PRESOL 2026-09.,Alta,Base curada PDF dirección,,,,,transporte de áridos/materiales | hidrogrúa para carga/descarga | percha para pallets/bolsones | plataforma 20 tn para maquinaria/piezas | hidrogrúa para maniobras | percha para pallets,áridos/construcción/premoldeados,,Alta,Áridos/materiales: confirmar modalidad de carga/descarga y tipo de unidad requerida antes de cotizar.,GPT adjunto + Hermes,Fusionado con base Hermes para completar teléfonos/fuentes/servicios.
VM-008,Pendiente,Villa María / RP6,Villa María,Villa María,B,75,DM Constructora,Constructora,Obra / constructora,0353 4260498,OK,tel:+543534260498,tel:+543534260498,jefe de obra / logística,"Traslado de maquinaria, módulos de obrador, estructuras, equipos y cargas pesadas entre frentes.","Transporte de equipos, módulos de obrador, estructuras y materiales pesados; descarga o posicionamiento cuando aplique.",Pedir responsable de compras/obra.,Visita o llamada de validación; pedir próximo traslado concreto.,Validar contacto decisor y necesidad inmediata.,"https://www.google.com/maps/search/?api=1&query=-32.408066,-63.245873",dmconstructora.com.ar,,Registro curado en documento de dirección PRESOL 2026-09.,Alta,Base curada PDF dirección,,,,,transporte de áridos/materiales | hidrogrúa para carga/descarga | percha para pallets/bolsones,otro rubro factible,,Alta,,GPT adjunto + Hermes,Fusionado con base Hermes para completar teléfonos/fuentes/servicios. | ID fuente: VM-009
VM-009,Pendiente,Villa María / RP6,Villa María,Villa María,B,75,Dipromas S.R.L.,Metalmecánica / PILT,Metalmecánica / despacho,0353 4296608,OK,tel:+543534296608,tel:+543534296608,despacho / producción,"Despacho seguro de estructuras, carrozados, tanques, piezas industriales y equipos sobre plataforma.","Despacho de estructuras, tanques, transformadores, piezas de ingeniería y equipos sobre plataforma 20 tn.",Visita dentro del PILT; pedir compras/logística.,Visita o llamada de validación; pedir próximo traslado concreto.,Validar contacto decisor y necesidad inmediata.,"https://www.google.com/maps/search/?api=1&query=-32.421000,-63.203000",pilt.com.ar,,Registro curado en documento de dirección PRESOL 2026-09.,Alta,Base curada PDF dirección,,,,,plataforma 20 tn para maquinaria/piezas | hidrogrúa para maniobras | percha para pallets,otro rubro factible,,Alta,,GPT adjunto + Hermes,Fusionado con base Hermes para completar teléfonos/fuentes/servicios. | ID fuente: VM-008
VM-010,Pendiente,Villa María / RP6,Villa María,Villa María,B,75,Frigorífico La Pequeña S.R.L.,Alimenticia / frigorífico,Industria / mantenimiento,0353 154197312,OK,tel:+5493534197312,tel:+5493534197312,despacho / producción,"Movimientos especiales de mantenimiento, repuestos pesados y mudanzas internas de equipos.","Despacho de estructuras, tanques, transformadores, piezas de ingeniería y equipos sobre plataforma 20 tn.",No vender frío común; vender movimientos especiales.,Visita o llamada de validación; pedir próximo traslado concreto.,Validar contacto decisor y necesidad inmediata.,"https://www.google.com/maps/search/?api=1&query=-32.420000,-63.209000",pilt.com.ar,,Registro curado en documento de dirección PRESOL 2026-09.,Alta,Base curada PDF dirección,,,,,plataforma 20 tn para maquinaria/piezas | hidrogrúa para maniobras | percha para pallets,otro rubro factible,,Alta,,GPT adjunto + Hermes,Fusionado con base Hermes para completar teléfonos/fuentes/servicios.
VM-011,Pendiente,Villa María / RP6,Villa María,Villa María,B,75,Ghio Construcciones,Constructora / desarrollos,Obra / constructora,0353 4016390,OK,tel:+543534016390,tel:+543534016390,jefe de obra / logística,"Traslado de maquinaria, módulos de obrador, estructuras, equipos y cargas pesadas entre frentes.","Transporte de equipos, módulos de obrador, estructuras y materiales pesados; descarga o posicionamiento cuando aplique.",Solicitar próximo traslado de obra.,Visita o llamada de validación; pedir próximo traslado concreto.,Validar contacto decisor y necesidad inmediata.,"https://www.google.com/maps/search/?api=1&query=-32.415019,-63.237719",Instagram Ghio Construcciones,,Registro curado en documento de dirección PRESOL 2026-09.,Alta,Base curada PDF dirección,,,,,transporte de áridos/materiales | hidrogrúa para carga/descarga | percha para pallets/bolsones,otro rubro factible,,Alta,,GPT adjunto + Hermes,Fusionado con base Hermes para completar teléfonos/fuentes/servicios.
VM-012,Pendiente,Villa María / RP6,Villa María,Villa María,B,75,S.A. Molinos Fénix,Molino / alimentos,Industria / mantenimiento,0353 4533573,OK,tel:+543534533573,tel:+543534533573,mantenimiento / compras,"Movimientos especiales de mantenimiento, repuestos pesados y mudanzas internas de equipos.","Traslados especiales de mantenimiento, repuestos pesados, mudanzas internas y cargas con seguro/GPS.",Preguntar por movimientos de maquinaria/planta.,Visita o llamada de validación; pedir próximo traslado concreto.,Validar contacto decisor y necesidad inmediata.,"https://www.google.com/maps/search/?api=1&query=-32.410000,-63.246000",molinosfenix.com.ar,,Registro curado en documento de dirección PRESOL 2026-09.,Alta,Base curada PDF dirección,,,,,plataforma 20 tn para maquinaria/piezas | hidrogrúa para maniobras | percha para pallets,planta agroindustrial,,Alta,"Percha pallets: útil para insumos, bolsones, repuestos y materiales palletizados.",GPT adjunto + Hermes,Fusionado con base Hermes para completar teléfonos/fuentes/servicios.
VM-013,Pendiente,Villa María / RP6,Villa María,Villa María,B,75,Sarmiento Materiales,Corralón / materiales,Hormigón / áridos / premoldeados,0353 4610259 / 0353 4112139,OK,tel:+543534610259,tel:+543534610259 | tel:+543534112139,despacho / producción,"Movimiento de premoldeados, equipos de planta/cantera, bombas, moldes y cargas pesadas.","Despacho de estructuras, tanques, transformadores, piezas de ingeniería y equipos sobre plataforma 20 tn.",Cotizar reparto pesado fuera de zona o picos.,Visita o llamada de validación; pedir próximo traslado concreto.,Validar contacto decisor y necesidad inmediata.,"https://www.google.com/maps/search/?api=1&query=-32.411372,-63.226831",sarmientomateriales / directorio,,Registro curado en documento de dirección PRESOL 2026-09.,Alta,Base curada PDF dirección,,,,,transporte de áridos/materiales | hidrogrúa para carga/descarga | percha para pallets/bolsones,áridos/construcción/premoldeados,,Alta,Áridos/materiales: confirmar modalidad de carga/descarga y tipo de unidad requerida antes de cotizar.,GPT adjunto + Hermes,Fusionado con base Hermes para completar teléfonos/fuentes/servicios.
VM-014,Pendiente,Villa María / RP6,Villa María,Villa María,B,75,Stainless Steel Manufacturers S.R.L.,Acero inoxidable / fabricación,Industria / mantenimiento,0353 4792885,OK,tel:+543534792885,tel:+543534792885,despacho / producción,"Movimientos especiales de mantenimiento, repuestos pesados y mudanzas internas de equipos.","Despacho de estructuras, tanques, transformadores, piezas de ingeniería y equipos sobre plataforma 20 tn.",Posicionar transporte seguro para piezas terminadas.,Visita o llamada de validación; pedir próximo traslado concreto.,Validar contacto decisor y necesidad inmediata.,"https://www.google.com/maps/search/?api=1&query=-32.425000,-63.207000",pilt.com.ar,,Registro curado en documento de dirección PRESOL 2026-09.,Alta,Base curada PDF dirección,,,,,plataforma 20 tn para maquinaria/piezas | hidrogrúa para maniobras | percha para pallets,otro rubro factible,,Alta,,GPT adjunto + Hermes,Fusionado con base Hermes para completar teléfonos/fuentes/servicios.
VM-015,Pendiente,Villa María / RP6,Villa María,Villa María,B,75,Villa María Cereales,Acopio / agroinsumos,Agro / acopio / planta,03535 656802,OK,tel:+543535656802,tel:+543535656802,responsable de acopio / mantenimiento,"Traslado de equipos de planta, silos, repuestos pesados, balanzas, implementos y cargas especiales.","Movimiento de equipos de planta, silos, balanzas, repuestos y cargas especiales para acopios/agroindustria.",RN 9 km 553; consultar próximos movimientos.,Visita o llamada de validación; pedir próximo traslado concreto.,Validar contacto decisor y necesidad inmediata.,"https://www.google.com/maps/search/?api=1&query=-32.386500,-63.260000",Facebook Villa María Cereales,,Registro curado en documento de dirección PRESOL 2026-09.,Alta,Base curada PDF dirección,,,,,plataforma 20 tn para maquinaria/piezas | hidrogrúa para maniobras | percha para pallets | percha para pallets de insumos | hidrogrúa para equipos/mantenimiento | barquilla para trabajos en altura,cooperativa/acopio | planta agroindustrial,,Alta,"Barquilla: validar seguridad, seguro, permiso de trabajo y alcance de maniobra antes de cotizar. Percha pallets: útil para insumos, bolsones, repuestos y materiales palletizados.",GPT adjunto + Hermes,Fusionado con base Hermes para completar teléfonos/fuentes/servicios.
VM-016,Pendiente,Villa María / RP6,Villa María,Villa María,B,60,Ceuta Contenedores,Contenedores y obradores,Módulos / containers,0353 154139159,VER,tel:+5493534139159,tel:+5493534139159,operaciones / entregas,"Entrega, descarga y posicionamiento de módulos/containers en obra o cliente final.","Plataforma + malacate + hidrogrúa para retiro, traslado, descarga y posicionamiento.",Proveedor de contenedores/obradores: posible necesidad de transporte y posicionamiento.,"Validar teléfono/contacto; si responde, pedir un caso concreto de traslado o próximo movimiento.",Confirmar decisor y vigencia del dato antes de incluir en salida prioritaria.,https://www.google.com/maps/search/?api=1&query=Ceuta+Contenedores+Villa+Mar%C3%ADa+C%C3%B3rdoba+Argentina,Buscador5900 / resultado de búsqueda,https://www.buscador5900.com.ar/construccion/contenedores-y-obradores,Directorio local informa rubro contenedores/obradores y teléfono; verificar antes de visita.,Media,Nuevo enriquecimiento 2026-09-02,,,,,transporte de áridos/materiales | hidrogrúa para carga/descarga | percha para pallets/bolsones,otro rubro factible,,Media,,GPT adjunto + Hermes,Fusionado con base Hermes para completar teléfonos/fuentes/servicios.
VM-017,Pendiente,Villa María / RP6,PILT / administración parque,Villa María,B,60,PILT Villa María — Administración,Puerta institucional / parque industrial,Puerta institucional,0353 4618698 / 0353 4608191,VER,tel:+543534618698,tel:+543534618698 | tel:+543534608191,administración / listado empresas,"Acceso a padrón de empresas radicadas, obras de infraestructura y derivaciones a responsables.",Pedir listado de empresas/obras y ofrecer PRESOL como proveedor logístico regional.,Puerta para pedir padrón actualizado de empresas y obras de infraestructura dentro del parque.,"Validar teléfono/contacto; si responde, pedir un caso concreto de traslado o próximo movimiento.",Confirmar decisor y vigencia del dato antes de incluir en salida prioritaria.,https://www.google.com/maps/search/?api=1&query=PILT+Villa+Mar%C3%ADa+%E2%80%94+Administraci%C3%B3n+Villa+Mar%C3%ADa+C%C3%B3rdoba+Argentina,PILT / X público / web PILT,https://pilt.com.ar,PILT publica datos de contacto en búsquedas y concentra 224 lotes; sirve como puerta institucional.,Media,Nuevo enriquecimiento 2026-09-02,,,,,transporte de áridos/materiales | hidrogrúa para carga/descarga | percha para pallets/bolsones,otro rubro factible,,Media,,GPT adjunto + Hermes,Fusionado con base Hermes para completar teléfonos/fuentes/servicios.
VM-018,Pendiente,Villa María / RP6,Villa María,Villa María,C,55,San Borg Internacional / Laboratorios Weende,Laboratorio alimentos/agro,Agro / acopio / planta,0353 4531453,OK,tel:+543534531453,tel:+543534531453,responsable de acopio / mantenimiento,"Traslado de equipos de planta, silos, repuestos pesados, balanzas, implementos y cargas especiales.","Movimiento de equipos de planta, silos, balanzas, repuestos y cargas especiales para acopios/agroindustria.",Visita solo si queda en ruta PILT.,Visita o llamada de validación; pedir próximo traslado concreto.,Validar contacto decisor y necesidad inmediata.,"https://www.google.com/maps/search/?api=1&query=-32.412500,-63.247000",sanborginternacional.com.ar,,Registro curado en documento de dirección PRESOL 2026-09.,Alta,Base curada PDF dirección,,,,,plataforma 20 tn para maquinaria/piezas | hidrogrúa para maniobras | percha para pallets | percha para pallets de insumos | hidrogrúa para equipos/mantenimiento | barquilla para trabajos en altura,planta agroindustrial,,Baja / visitar solo por cercanía,"Percha pallets: útil para insumos, bolsones, repuestos y materiales palletizados.",GPT adjunto + Hermes,Fusionado con base Hermes para completar teléfonos/fuentes/servicios.
VM-019,Pendiente,Villa María / RP6,Villa María,Villa María,C,40,Hans Aberturas SRL,Metalmecánica / aberturas,Metalmecánica / despacho,+54 353 4446515,VER,tel:+543534446515,tel:+543534446515,producción / despacho,"Despacho seguro de estructuras, carrozados, tanques, piezas industriales y equipos sobre plataforma.",Plataforma 20 tn para piezas/estructuras + seguro de carga + trazabilidad GPS.,Taller metalúrgico local; visitar solo si queda dentro de recorrido PILT/Villa María.,"Validar teléfono/contacto; si responde, pedir un caso concreto de traslado o próximo movimiento.",Confirmar decisor y vigencia del dato antes de incluir en salida prioritaria.,https://www.google.com/maps/search/?api=1&query=Hans+Aberturas+SRL+Villa+Mar%C3%ADa+C%C3%B3rdoba+Argentina,Metalmecánica.com / resultado de búsqueda,https://www.metalmecanica.com/villa-mar%C3%ADa/fabricantes,Resultado público lo lista como taller metalúrgico en Villa María con teléfono.,Media,Nuevo enriquecimiento 2026-09-02,,,,,plataforma 20 tn para maquinaria/piezas | hidrogrúa para maniobras | percha para pallets,otro rubro factible,,Baja / visitar solo por cercanía,,GPT adjunto + Hermes,Fusionado con base Hermes para completar teléfonos/fuentes/servicios.
VM-020,Pendiente,Villa María / RP6,Villa María,Villa María,C,30,Contemar,Contenedores y obradores,Módulos / containers,A relevar,A relevar,,,operaciones / entregas,"Entrega, descarga y posicionamiento de módulos/containers en obra o cliente final.","Plataforma + malacate + hidrogrúa para retiro, traslado, descarga y posicionamiento.",Validar si opera contenedores/obradores y si terceriza logística.,"Validar teléfono/contacto; si responde, pedir un caso concreto de traslado o próximo movimiento.",Confirmar decisor y vigencia del dato antes de incluir en salida prioritaria.,https://www.google.com/maps/search/?api=1&query=Contemar+Villa+Mar%C3%ADa+C%C3%B3rdoba+Argentina,Buscador5900 / resultado de búsqueda,https://www.buscador5900.com.ar/construccion/contenedores-y-obradores,Directorio local menciona Contemar en construcción/contenedores; datos incompletos.,Media,Nuevo enriquecimiento 2026-09-02,,,,,transporte de áridos/materiales | hidrogrúa para carga/descarga | percha para pallets/bolsones,otro rubro factible,,Baja / visitar solo por cercanía,,GPT adjunto + Hermes,Fusionado con base Hermes para completar teléfonos/fuentes/servicios.
